사고번호,사고일시,요일,시군구,사고내용,사망자수,중상자수,경상자수,부상신고자수,사고유형,법규위반,노면상태,기상상태,도로형태,가해운전자 차종,가해운전자 성별,가해운전자 연령,가해운전자 상해정도,피해운전자 차종,피해운전자 성별,피해운전자 연령,피해운전자 상해정도
2023012800100321,2023년 1월 28일 17시,토요일,울산광역시 동구 일산동,중상사고,0,1,0,0,차대차 - 측면충돌,신호위반,건조,맑음,교차로 - 교차로안,승용,여,25세,상해없음,승용,남,63세,중상
2023012800100403,2023년 1월 28일 19시,토요일,울산광역시 동구 화정동,중상사고,0,1,0,0,차대차 - 측면충돌,안전운전불이행,건조,맑음,단일로 - 기타,이륜,남,44세,중상,승용,여,45세,상해없음
2023012900100034,2023년 1월 29일 03시,일요일,울산광역시 북구 송정동,경상사고,0,0,1,0,차대차 - 측면충돌,안전운전불이행,건조,맑음,교차로 - 교차로안,승용,남,22세,상해없음,승용,남,29세,경상
2023012900100047,2023년 1월 29일 05시,일요일,울산광역시 남구 야음동,중상사고,0,1,0,0,차대차 - 측면충돌,신호위반,건조,맑음,교차로 - 교차로안,승용,남,29세,상해없음,승용,여,47세,중상
2023012900100064,2023년 1월 29일 07시,일요일,울산광역시 북구 송정동,경상사고,0,0,1,0,차대차 - 측면충돌,신호위반,건조,맑음,교차로 - 교차로안,승용,남,56세,상해없음,승용,남,50세,경상
2023012900100113,2023년 1월 29일 11시,일요일,울산광역시 남구 옥동,경상사고,0,0,2,0,차대차 - 추돌,안전거리미확보,건조,맑음,교차로 - 교차로부근,승용,남,35세,상해없음,승용,남,25세,경상
2023012900100139,2023년 1월 29일 12시,일요일,울산광역시 북구 천곡동,경상사고,0,0,2,0,차대차 - 측면충돌,안전운전불이행,건조,맑음,교차로 - 교차로부근,승용,여,51세,상해없음,승용,남,26세,경상
2023012900100184,2023년 1월 29일 14시,일요일,울산광역시 울주군 온양읍,중상사고,0,1,0,0,차대차 - 정면충돌,중앙선침범,건조,맑음,단일로 - 기타,승용,남,56세,상해없음,이륜,남,47세,중상
2023012900100185,2023년 1월 29일 14시,일요일,울산광역시 북구 신천동,경상사고,0,0,1,0,차대차 - 측면충돌,안전거리미확보,건조,맑음,단일로 - 고가도로위,화물,남,52세,상해없음,이륜,남,44세,경상
2023012900100208,2023년 1월 29일 15시,일요일,울산광역시 남구 달동,중상사고,0,1,0,0,차대차 - 정면충돌,신호위반,건조,맑음,교차로 - 교차로안,이륜,남,18세,중상,승용,남,63세,상해없음
2023012900100325,2023년 1월 29일 20시,일요일,울산광역시 남구 무거동,경상사고,0,0,2,0,차대차 - 기타,신호위반,건조,맑음,교차로 - 교차로안,승용,여,37세,상해없음,승용,여,35세,경상
2023013000100102,2023년 1월 30일 08시,월요일,울산광역시 중구 다운동,중상사고,0,1,0,0,차대사람 - 차도통행중,안전운전불이행,건조,맑음,교차로 - 교차로부근,화물,남,52세,상해없음,보행자,여,73세,중상
2023013000100143,2023년 1월 30일 09시,월요일,울산광역시 북구 중산동,경상사고,0,0,1,0,차대차 - 추돌,안전운전불이행,건조,맑음,단일로 - 기타,승용,남,66세,상해없음,화물,남,41세,상해없음
2023013000100170,2023년 1월 30일 10시,월요일,울산광역시 울주군 온양읍,경상사고,0,0,2,0,차대차 - 측면충돌,신호위반,건조,맑음,교차로 - 교차로부근,승용,여,40세,상해없음,승용,여,55세,경상
2023013000100227,2023년 1월 30일 12시,월요일,울산광역시 남구 상개동,경상사고,0,0,1,0,차대차 - 측면충돌,안전거리미확보,건조,맑음,단일로 - 기타,승용,남,62세,상해없음,승용,여,39세,경상
2023013000100341,2023년 1월 30일 15시,월요일,울산광역시 울주군 언양읍,경상사고,0,0,1,0,차대사람 - 보도통행중,안전운전불이행,건조,맑음,교차로 - 교차로안,승용,남,74세,상해없음,보행자,여,67세,경상
2023013000100342,2023년 1월 30일 15시,월요일,울산광역시 북구 중산동,중상사고,0,1,0,0,차대사람 - 횡단중,안전운전불이행,건조,맑음,단일로 - 교량,승용,여,46세,상해없음,보행자,남,89세,중상
2023013000100375,2023년 1월 30일 16시,월요일,울산광역시 중구 우정동,중상사고,0,1,0,0,차대사람 - 횡단중,보행자보호의무위반,건조,맑음,교차로 - 교차로횡단보도내,승용,여,54세,상해없음,보행자,여,72세,중상
2023013000100405,2023년 1월 30일 17시,월요일,울산광역시 남구 삼산동,경상사고,0,0,1,1,차대차 - 측면충돌,직진우회전진행방해,건조,맑음,교차로 - 교차로안,승용,남,30세,경상,승용,남,57세,부상신고
2023013100100027,2023년 1월 31일 01시,화요일,울산광역시 남구 신정동,부상신고사고,0,0,0,2,차대차 - 측면충돌,안전운전불이행,건조,맑음,교차로 - 교차로안,승용,남,62세,상해없음,승용,남,41세,부상신고
2023013100100176,2023년 1월 31일 10시,화요일,울산광역시 중구 반구동,경상사고,0,0,2,0,차대차 - 추돌,안전거리미확보,건조,맑음,단일로 - 기타,승용,남,32세,경상,승용,여,54세,경상
2023013100100221,2023년 1월 31일 12시,화요일,울산광역시 북구 산하동,중상사고,0,1,0,0,차대차 - 측면충돌,안전운전불이행,건조,맑음,교차로 - 교차로안,승용,남,64세,상해없음,승용,남,60세,중상
2023013100100248,2023년 1월 31일 13시,화요일,울산광역시 울주군 범서읍,경상사고,0,0,1,0,차대차 - 측면충돌,안전거리미확보,건조,맑음,단일로 - 기타,승용,여,68세,상해없음,승용,남,67세,경상
2023013100100320,2023년 1월 31일 15시,화요일,울산광역시 남구 여천동,중상사고,0,1,0,0,차대차 - 측면충돌,신호위반,건조,맑음,교차로 - 교차로안,화물,남,42세,상해없음,화물,여,49세,중상
2023013100100321,2023년 1월 31일 15시,화요일,울산광역시 북구 상안동,경상사고,0,0,1,0,차대차 - 측면충돌,신호위반,건조,맑음,교차로 - 교차로안,승용,남,62세,상해없음,승용,여,38세,경상
2023013100100322,2023년 1월 31일 15시,화요일,울산광역시 북구 염포동,중상사고,0,1,0,0,차대차 - 측면충돌,안전운전불이행,건조,맑음,교차로 - 교차로부근,특수,남,54세,상해없음,이륜,남,35세,중상
2023013100100392,2023년 1월 31일 17시,화요일,울산광역시 남구 달동,중상사고,0,1,0,0,차대차 - 측면충돌,교차로운행방법위반,건조,맑음,교차로 - 교차로안,승용,남,29세,상해없음,이륜,남,64세,중상
2023013100100393,2023년 1월 31일 17시,화요일,울산광역시 북구 송정동,경상사고,0,0,1,0,차대차 - 기타,안전운전불이행,건조,맑음,교차로 - 교차로안,승용,여,43세,상해없음,화물,남,59세,경상
2023013100100442,2023년 1월 31일 18시,화요일,울산광역시 중구 태화동,경상사고,0,0,1,0,차대사람 - 횡단중,중앙선침범,건조,맑음,교차로 - 교차로횡단보도내,승용,여,61세,상해없음,보행자,여,22세,경상
2023013100100443,2023년 1월 31일 18시,화요일,울산광역시 동구 전하동,경상사고,0,0,1,0,차대사람 - 기타,안전운전불이행,건조,맑음,단일로 - 기타,승용,남,62세,상해없음,보행자,여,55세,경상
2023013100100444,2023년 1월 31일 18시,화요일,울산광역시 북구 매곡동,경상사고,0,0,1,0,차대사람 - 횡단중,보행자보호의무위반,건조,맑음,교차로 - 교차로안,승용,남,43세,상해없음,보행자,여,54세,경상
2023013100100485,2023년 1월 31일 19시,화요일,울산광역시 남구 달동,경상사고,0,0,1,0,차대차 - 측면충돌,안전운전불이행,건조,맑음,교차로 - 교차로부근,승용,남,30세,상해없음,승용,여,30세,경상
2023013100100572,2023년 1월 31일 23시,화요일,울산광역시 울주군 온산읍,중상사고,0,1,0,0,차대사람 - 횡단중,안전운전불이행,건조,맑음,단일로 - 기타,화물,남,50세,상해없음,보행자,남,47세,중상
2023020100100010,2023년 2월 1일 00시,수요일,울산광역시 울주군 언양읍,경상사고,0,0,1,0,차대차 - 기타,안전운전불이행,건조,맑음,기타 - 기타,승용,남,27세,상해없음,승용,남,57세,경상
2023020100100021,2023년 2월 1일 01시,수요일,울산광역시 북구 화봉동,경상사고,0,0,1,0,차량단독 - 공작물충돌,안전운전불이행,건조,맑음,단일로 - 기타,승용,남,43세,경상,,,,
2023020100100091,2023년 2월 1일 08시,수요일,울산광역시 북구 송정동,경상사고,0,0,2,0,차대차 - 측면충돌,신호위반,건조,맑음,교차로 - 교차로안,승용,여,47세,경상,승합,여,52세,경상
2023020100100216,2023년 2월 1일 12시,수요일,울산광역시 울주군 삼남읍,중상사고,0,3,4,0,차대차 - 정면충돌,신호위반,건조,맑음,교차로 - 교차로부근,승용,남,73세,상해없음,승합,남,55세,경상
2023020100100241,2023년 2월 1일 13시,수요일,울산광역시 중구 남외동,부상신고사고,0,0,0,1,차대사람 - 기타,안전운전불이행,건조,맑음,단일로 - 기타,승용,여,38세,상해없음,보행자,여,62세,부상신고
2023020100100266,2023년 2월 1일 14시,수요일,울산광역시 중구 서동,경상사고,0,0,2,0,차대차 - 측면충돌,안전운전불이행,건조,맑음,교차로 - 교차로안,이륜,남,27세,경상,승용,여,49세,상해없음
2023020100100319,2023년 2월 1일 16시,수요일,울산광역시 남구 신정동,경상사고,0,0,1,0,차량단독 - 기타,기타,건조,맑음,기타 - 기타,승합,남,50세,상해없음,,,,
2023020100100412,2023년 2월 1일 18시,수요일,울산광역시 동구 화정동,부상신고사고,0,0,0,1,차대사람 - 횡단중,안전운전불이행,건조,맑음,교차로 - 교차로안,기타불명,기타불명,미분류,기타불명,보행자,남,12세,부상신고
2023020100100452,2023년 2월 1일 19시,수요일,울산광역시 동구 서부동,경상사고,0,0,1,0,차대차 - 기타,교차로운행방법위반,건조,맑음,교차로 - 교차로안,승합,남,58세,상해없음,이륜,남,41세,경상
2023020100100476,2023년 2월 1일 20시,수요일,울산광역시 울주군 청량읍,부상신고사고,0,0,0,2,차대차 - 기타,안전운전불이행,건조,맑음,단일로 - 기타,이륜,남,42세,부상신고,승용,남,28세,부상신고
2023020100100514,2023년 2월 1일 22시,수요일,울산광역시 북구 신천동,경상사고,0,0,2,0,차대차 - 추돌,안전운전불이행,건조,맑음,단일로 - 기타,승용,남,43세,상해없음,승용,남,60세,경상
2023020100100532,2023년 2월 1일 23시,수요일,울산광역시 중구 학성동,경상사고,0,0,2,0,차대차 - 측면충돌,직진우회전진행방해,건조,맑음,교차로 - 교차로안,승용,남,28세,상해없음,개인형이동수단(PM),남,16세,경상
2023020200100052,2023년 2월 2일 06시,목요일,울산광역시 남구 신정동,경상사고,0,0,1,0,차대차 - 정면충돌,신호위반,건조,맑음,교차로 - 교차로안,승용,남,49세,상해없음,승용,남,64세,경상
2023020200100110,2023년 2월 2일 08시,목요일,울산광역시 동구 방어동,경상사고,0,0,1,0,차대차 - 추돌,안전운전불이행,건조,맑음,단일로 - 기타,화물,남,33세,상해없음,승용,여,56세,경상
2023020200100132,2023년 2월 2일 09시,목요일,울산광역시 남구 신정동,경상사고,0,0,1,0,차대차 - 측면충돌,안전운전불이행,건조,맑음,교차로 - 교차로안,승용,여,73세,상해없음,자전거,남,70세,경상
2023020200100148,2023년 2월 2일 10시,목요일,울산광역시 중구 태화동,경상사고,0,0,1,1,차대차 - 측면충돌,교차로운행방법위반,건조,맑음,교차로 - 교차로안,화물,여,58세,부상신고,승용,여,45세,경상
2023020200100149,2023년 2월 2일 10시,목요일,울산광역시 북구 염포동,중상사고,0,1,0,0,차대차 - 측면충돌,안전운전불이행,건조,맑음,교차로 - 교차로부근,승용,남,64세,상해없음,이륜,남,36세,중상
2023020200100158,2023년 2월 2일 11시,목요일,울산광역시 울주군 청량읍,중상사고,0,2,0,0,차대차 - 기타,안전거리미확보,건조,맑음,단일로 - 기타,승용,여,64세,상해없음,승용,남,52세,중상
2023020200100180,2023년 2월 2일 11시,목요일,울산광역시 울주군 온산읍,중상사고,0,1,1,0,차대차 - 추돌,안전운전불이행,건조,맑음,단일로 - 기타,승용,남,65세,상해없음,화물,남,30세,경상
2023020200100228,2023년 2월 2일 13시,목요일,울산광역시 울주군 온양읍,경상사고,0,0,1,0,차대차 - 추돌,안전거리미확보,건조,맑음,단일로 - 기타,화물,남,67세,상해없음,승용,여,45세,경상
2023020200100306,2023년 2월 2일 16시,목요일,울산광역시 남구 삼산동,경상사고,0,0,1,0,차대사람 - 횡단중,보행자보호의무위반,건조,맑음,단일로 - 기타,승용,남,51세,상해없음,보행자,남,17세,경상
2023020200100307,2023년 2월 2일 16시,목요일,울산광역시 북구 중산동,부상신고사고,0,0,0,1,차대차 - 측면충돌,안전거리미확보,건조,맑음,교차로 - 교차로부근,화물,남,28세,상해없음,승용,남,51세,부상신고
2023020200100330,2023년 2월 2일 17시,목요일,울산광역시 울주군 온산읍,중상사고,0,1,0,0,차대차 - 측면충돌,직진우회전진행방해,건조,맑음,교차로 - 교차로안,이륜,남,39세,상해없음,이륜,남,45세,중상
2023020200100378,2023년 2월 2일 18시,목요일,울산광역시 울주군 온산읍,경상사고,0,0,1,1,차대차 - 측면충돌,직진우회전진행방해,건조,맑음,교차로 - 교차로안,이륜,남,20세,경상,승용,남,47세,부상신고
2023020200100379,2023년 2월 2일 18시,목요일,울산광역시 북구 양정동,중상사고,0,1,5,2,차대차 - 측면충돌,안전거리미확보,건조,맑음,교차로 - 교차로부근,승용,여,38세,상해없음,승합,남,50세,경상
2023020200100453,2023년 2월 2일 21시,목요일,울산광역시 울주군 온산읍,경상사고,0,0,1,0,차대차 - 측면충돌,안전운전불이행,건조,맑음,단일로 - 기타,승용,남,45세,상해없음,이륜,남,26세,경상
2023020300100019,2023년 2월 3일 01시,금요일,울산광역시 동구 전하동,경상사고,0,0,1,0,차대사람 - 차도통행중,안전운전불이행,건조,맑음,단일로 - 지하차도(도로)내,승용,남,65세,상해없음,보행자,남,60세,경상
2023020300100024,2023년 2월 3일 04시,금요일,울산광역시 남구 달동,중상사고,0,1,0,0,차대사람 - 횡단중,안전운전불이행,건조,맑음,단일로 - 기타,승용,남,65세,상해없음,보행자,남,35세,중상
2023020300100054,2023년 2월 3일 06시,금요일,울산광역시 북구 양정동,경상사고,0,0,1,0,차대사람 - 횡단중,보행자보호의무위반,건조,맑음,교차로 - 교차로횡단보도내,승용,남,24세,상해없음,보행자,남,69세,경상
2023020300100072,2023년 2월 3일 07시,금요일,울산광역시 울주군 온양읍,경상사고,0,0,2,0,차대차 - 추돌,안전거리미확보,건조,맑음,단일로 - 기타,승용,남,70세,상해없음,승용,여,26세,경상
2023020300100122,2023년 2월 3일 09시,금요일,울산광역시 남구 달동,중상사고,0,1,0,0,차대차 - 측면충돌,안전거리미확보,건조,맑음,교차로 - 교차로부근,승용,남,77세,상해없음,이륜,남,34세,중상
2023020300100142,2023년 2월 3일 10시,금요일,울산광역시 북구 송정동,경상사고,0,0,1,0,차대사람 - 기타,안전운전불이행,건조,맑음,기타 - 기타,승용,여,40세,상해없음,보행자,남,57세,경상
2023020300100300,2023년 2월 3일 15시,금요일,울산광역시 중구 옥교동,경상사고,0,0,1,0,차대차 - 측면충돌,안전운전불이행,건조,맑음,단일로 - 기타,이륜,남,45세,경상,승용,남,62세,상해없음
2023020300100365,2023년 2월 3일 17시,금요일,울산광역시 남구 달동,경상사고,0,0,1,0,차대차 - 정면충돌,신호위반,건조,맑음,교차로 - 교차로안,승용,남,65세,상해없음,승용,남,56세,경상
2023020300100430,2023년 2월 3일 18시,금요일,울산광역시 동구 전하동,경상사고,0,0,1,0,차대사람 - 기타,안전운전불이행,건조,맑음,단일로 - 기타,승용,여,67세,상해없음,보행자,남,41세,경상
2023020300100533,2023년 2월 3일 21시,금요일,울산광역시 북구 진장동,경상사고,0,0,1,0,차대차 - 측면충돌,신호위반,건조,맑음,교차로 - 교차로안,승합,남,47세,상해없음,자전거,남,66세,경상
2023020300100575,2023년 2월 3일 23시,금요일,울산광역시 중구 서동,경상사고,0,0,2,0,차대차 - 측면충돌,교차로운행방법위반,건조,맑음,교차로 - 교차로안,승용,남,30세,경상,승용,남,41세,경상
2023020300100576,2023년 2월 3일 23시,금요일,울산광역시 동구 서부동,경상사고,0,0,1,0,차대사람 - 횡단중,보행자보호의무위반,건조,맑음,교차로 - 교차로횡단보도내,승용,남,56세,상해없음,보행자,남,43세,경상
2023020400100025,2023년 2월 4일 00시,토요일,울산광역시 울주군 온양읍,중상사고,0,1,0,0,차대사람 - 횡단중,안전운전불이행,건조,맑음,단일로 - 기타,승용,남,35세,상해없음,보행자,남,37세,중상
2023020400100056,2023년 2월 4일 04시,토요일,울산광역시 남구 달동,중상사고,0,1,0,0,차대차 - 측면충돌,안전거리미확보,건조,맑음,단일로 - 기타,승용,여,52세,중상,승용,남,20세,상해없음
2023020400100072,2023년 2월 4일 06시,토요일,울산광역시 동구 전하동,경상사고,0,0,1,0,차대차 - 측면충돌,안전운전불이행,건조,맑음,단일로 - 기타,이륜,남,48세,경상,화물,남,50세,상해없음
2023020400100118,2023년 2월 4일 09시,토요일,울산광역시 남구 신정동,경상사고,0,0,1,0,차대차 - 측면충돌,안전거리미확보,건조,맑음,교차로 - 교차로안,화물,남,50세,상해없음,화물,남,37세,경상
2023020400100168,2023년 2월 4일 11시,토요일,울산광역시 울주군 온산읍,중상사고,0,1,2,0,차대차 - 측면충돌,기타,건조,맑음,교차로 - 교차로안,이륜,남,25세,중상,승용,남,51세,경상
2023020400100207,2023년 2월 4일 12시,토요일,울산광역시 중구 학성동,경상사고,0,0,1,0,차대차 - 측면충돌,교차로운행방법위반,건조,맑음,교차로 - 교차로안,화물,남,61세,상해없음,승용,남,38세,경상
2023020400100269,2023년 2월 4일 14시,토요일,울산광역시 북구 호계동,경상사고,0,0,2,0,차대차 - 측면충돌,안전운전불이행,건조,맑음,교차로 - 교차로부근,승용,여,37세,상해없음,승용,여,52세,경상
2023020400100299,2023년 2월 4일 15시,토요일,울산광역시 북구 명촌동,경상사고,0,0,1,0,차대차 - 측면충돌,안전운전불이행,건조,맑음,단일로 - 지하차도(도로)내,승용,여,71세,상해없음,승용,남,30세,경상
2023020500100063,2023년 2월 5일 07시,일요일,울산광역시 울주군 온산읍,경상사고,0,0,2,0,차대차 - 측면충돌,안전운전불이행,건조,맑음,교차로 - 교차로안,승용,남,58세,경상,승용,남,32세,경상
2023020500100095,2023년 2월 5일 10시,일요일,울산광역시 남구 달동,중상사고,0,1,0,0,차대차 - 기타,안전운전불이행,건조,맑음,단일로 - 기타,승용,남,52세,상해없음,자전거,남,79세,중상
2023020500100096,2023년 2월 5일 10시,일요일,울산광역시 울주군 온산읍,중상사고,0,1,1,0,차대차 - 측면충돌,직진우회전진행방해,건조,맑음,교차로 - 교차로안,이륜,남,56세,중상,승용,남,58세,경상
2023020500100143,2023년 2월 5일 12시,일요일,울산광역시 울주군 온산읍,중상사고,0,1,0,0,차대차 - 기타,교차로운행방법위반,건조,맑음,교차로 - 교차로안,승용,여,59세,상해없음,이륜,남,50세,중상
2023020500100168,2023년 2월 5일 13시,일요일,울산광역시 울주군 범서읍,중상사고,0,1,0,0,차대차 - 정면충돌,안전운전불이행,건조,맑음,단일로 - 기타,자전거,남,66세,상해없음,자전거,남,60세,중상
2023020500100191,2023년 2월 5일 14시,일요일,울산광역시 울주군 삼남읍,부상신고사고,0,0,0,3,차대차 - 추돌,안전거리미확보,건조,맑음,교차로 - 교차로안,화물,남,60세,상해없음,승용,남,40세,부상신고
2023020500100239,2023년 2월 5일 16시,일요일,울산광역시 울주군 청량읍,경상사고,0,0,2,0,차대차 - 측면충돌,직진우회전진행방해,건조,맑음,교차로 - 교차로안,승용,여,26세,경상,승용,남,67세,경상
2023020600100117,2023년 2월 6일 08시,월요일,울산광역시 울주군 범서읍,경상사고,0,0,1,0,차대차 - 추돌,안전거리미확보,건조,맑음,단일로 - 기타,승용,여,24세,상해없음,승용,남,29세,상해없음
2023020600100163,2023년 2월 6일 10시,월요일,울산광역시 울주군 삼동면,경상사고,0,0,1,0,차대차 - 추돌,안전운전불이행,건조,맑음,단일로 - 기타,특수,남,45세,기타불명,화물,남,58세,경상
2023020600100207,2023년 2월 6일 11시,월요일,울산광역시 울주군 웅촌면,부상신고사고,0,0,0,1,차량단독 - 공작물충돌,안전운전불이행,건조,맑음,교차로 - 교차로부근,승용,여,75세,부상신고,,,,
2023020600100274,2023년 2월 6일 14시,월요일,울산광역시 동구 서부동,경상사고,0,0,1,0,차대차 - 기타,안전운전불이행,건조,맑음,교차로 - 교차로부근,승용,여,42세,상해없음,이륜,남,73세,경상
2023020600100275,2023년 2월 6일 14시,월요일,울산광역시 북구 중산동,경상사고,0,0,2,1,차대차 - 추돌,안전운전불이행,건조,맑음,교차로 - 교차로부근,화물,남,28세,경상,승용,남,62세,경상
2023020600100276,2023년 2월 6일 14시,월요일,울산광역시 북구 명촌동,경상사고,0,0,3,0,차대차 - 측면충돌,안전운전불이행,건조,맑음,교차로 - 교차로부근,승용,남,42세,경상,승용,여,36세,경상
2023020600100298,2023년 2월 6일 15시,월요일,울산광역시 남구 달동,경상사고,0,0,1,0,차대차 - 정면충돌,교차로운행방법위반,건조,맑음,교차로 - 교차로안,승용,남,33세,상해없음,이륜,남,16세,경상
2023020600100345,2023년 2월 6일 17시,월요일,울산광역시 동구 서부동,부상신고사고,0,0,0,1,차대사람 - 차도통행중,안전운전불이행,건조,맑음,단일로 - 기타,승용,여,64세,상해없음,보행자,남,57세,부상신고
2023020600100393,2023년 2월 6일 18시,월요일,울산광역시 북구 산하동,경상사고,0,0,1,0,차대차 - 측면충돌,중앙선침범,건조,맑음,단일로 - 기타,승용,남,63세,상해없음,이륜,남,62세,경상
2023020600100432,2023년 2월 6일 19시,월요일,울산광역시 중구 복산동,경상사고,0,0,3,0,차대차 - 추돌,안전거리미확보,건조,맑음,단일로 - 기타,승용,여,67세,경상,승합,남,57세,경상
2023020700100038,2023년 2월 7일 05시,화요일,울산광역시 동구 서부동,경상사고,0,0,1,0,차대차 - 측면충돌,신호위반,건조,맑음,교차로 - 교차로부근,승용,여,55세,상해없음,승용,남,31세,경상
2023020700100074,2023년 2월 7일 07시,화요일,울산광역시 남구 야음동,경상사고,0,0,1,0,차대차 - 측면충돌,신호위반,건조,맑음,교차로 - 교차로안,승합,남,62세,상해없음,승용,남,48세,경상
2023020700100114,2023년 2월 7일 08시,화요일,울산광역시 울주군 상북면,경상사고,0,0,1,0,차대차 - 측면충돌,중앙선침범,젖음/습기,맑음,단일로 - 기타,승용,여,65세,경상,화물,남,54세,상해없음
2023020700100345,2023년 2월 7일 16시,화요일,울산광역시 중구 태화동,경상사고,0,0,2,0,차대차 - 기타,안전운전불이행,건조,맑음,교차로 - 교차로안,승용,여,58세,기타불명,승합,남,41세,경상
2023020700100371,2023년 2월 7일 17시,화요일,울산광역시 남구 삼산동,중상사고,0,1,0,0,차대사람 - 횡단중,신호위반,건조,맑음,교차로 - 교차로횡단보도내,승용,남,60세,상해없음,보행자,남,9세,중상
2023020700100532,2023년 2월 7일 22시,화요일,울산광역시 남구 여천동,경상사고,0,0,1,0,차대차 - 추돌,안전운전불이행,건조,맑음,교차로 - 교차로부근,특수,남,55세,상해없음,승용,남,33세,경상
2023020700100533,2023년 2월 7일 22시,화요일,울산광역시 울주군 온양읍,경상사고,0,0,1,0,차대차 - 측면충돌,신호위반,건조,맑음,교차로 - 교차로안,승용,남,65세,상해없음,승용,남,23세,경상
2023020700100534,2023년 2월 7일 22시,화요일,울산광역시 울주군 범서읍,경상사고,0,0,3,0,차대차 - 정면충돌,중앙선침범,건조,맑음,단일로 - 기타,승용,남,35세,상해없음,승용,남,31세,경상
2023020800100013,2023년 2월 8일 00시,수요일,울산광역시 남구 삼산동,경상사고,0,0,2,0,차대차 - 추돌,안전운전불이행,건조,맑음,교차로 - 교차로부근,승용,여,50세,상해없음,승용,여,41세,경상
2023020800100088,2023년 2월 8일 07시,수요일,울산광역시 남구 황성동,중상사고,0,1,0,0,차대차 - 측면충돌,신호위반,건조,맑음,교차로 - 교차로안,화물,남,57세,상해없음,이륜,남,39세,중상
2023020800100159,2023년 2월 8일 09시,수요일,울산광역시 중구 복산동,중상사고,0,1,0,0,차대차 - 측면충돌,안전운전불이행,건조,맑음,교차로 - 교차로횡단보도내,화물,남,45세,상해없음,자전거,남,68세,중상
2023020800100160,2023년 2월 8일 09시,수요일,울산광역시 남구 야음동,경상사고,0,0,1,0,차대사람 - 횡단중,안전운전불이행,건조,맑음,교차로 - 교차로횡단보도내,승용,여,43세,상해없음,보행자,여,67세,경상
2023020800100296,2023년 2월 8일 14시,수요일,울산광역시 중구 남외동,중상사고,0,1,0,0,차대차 - 측면충돌,기타,건조,맑음,교차로 - 교차로안,승용,여,33세,상해없음,자전거,남,58세,중상
2023020800100323,2023년 2월 8일 15시,수요일,울산광역시 남구 달동,경상사고,0,0,1,0,차대사람 - 차도통행중,안전운전불이행,건조,맑음,단일로 - 기타,승용,여,33세,상해없음,보행자,여,23세,경상
2023020800100387,2023년 2월 8일 17시,수요일,울산광역시 울주군 언양읍,경상사고,0,0,1,0,차대차 - 정면충돌,중앙선침범,건조,맑음,단일로 - 기타,화물,남,73세,상해없음,승합,남,53세,경상
2023020800100480,2023년 2월 8일 20시,수요일,울산광역시 울주군 언양읍,중상사고,0,1,0,0,차대차 - 측면충돌,직진우회전진행방해,건조,맑음,교차로 - 교차로안,승용,남,23세,상해없음,승용,여,39세,중상
2023020800100509,2023년 2월 8일 21시,수요일,울산광역시 북구 화봉동,경상사고,0,0,1,0,차량단독 - 기타,안전운전불이행,건조,맑음,교차로 - 교차로안,승용,남,52세,상해없음,,,,
2023020900100232,2023년 2월 9일 14시,목요일,울산광역시 울주군 청량읍,사망사고,1,0,1,0,차대차 - 측면충돌,중앙선침범,건조,맑음,단일로 - 기타,특수,남,37세,사망,특수,남,51세,경상
2023020900100362,2023년 2월 9일 18시,목요일,울산광역시 울주군 웅촌면,경상사고,0,0,2,0,차대차 - 추돌,안전거리미확보,건조,맑음,단일로 - 기타,특수,남,56세,상해없음,승용,남,73세,경상
2023021000100010,2023년 2월 10일 00시,금요일,울산광역시 남구 선암동,중상사고,0,1,0,0,차대차 - 추돌,안전운전불이행,젖음/습기,비,단일로 - 지하차도(도로)내,승용,남,26세,상해없음,승용,남,38세,중상
2023021000100030,2023년 2월 10일 02시,금요일,울산광역시 북구 진장동,경상사고,0,0,2,0,차대차 - 추돌,안전운전불이행,건조,맑음,교차로 - 교차로부근,승용,남,61세,상해없음,승용,남,66세,경상
2023021000100038,2023년 2월 10일 04시,금요일,울산광역시 울주군 청량읍,경상사고,0,0,1,0,차대차 - 측면충돌,안전운전불이행,젖음/습기,비,단일로 - 기타,기타불명,기타불명,미분류,기타불명,화물,남,44세,경상
2023021000100074,2023년 2월 10일 06시,금요일,울산광역시 북구 명촌동,경상사고,0,0,2,0,차대사람 - 횡단중,안전운전불이행,젖음/습기,맑음,교차로 - 교차로부근,이륜,남,59세,경상,보행자,남,25세,경상
2023021000100097,2023년 2월 10일 07시,금요일,울산광역시 동구 전하동,중상사고,0,1,0,0,차대차 - 기타,안전운전불이행,젖음/습기,비,교차로 - 교차로부근,승용,여,61세,상해없음,자전거,여,31세,중상
2023021000100267,2023년 2월 10일 14시,금요일,울산광역시 남구 신정동,경상사고,0,0,2,0,차대차 - 추돌,안전거리미확보,건조,맑음,단일로 - 기타,승용,남,47세,상해없음,승용,여,52세,경상
2023021000100361,2023년 2월 10일 17시,금요일,울산광역시 중구 교동,경상사고,0,0,1,0,차대차 - 측면충돌,신호위반,건조,맑음,교차로 - 교차로안,승용,여,61세,상해없음,승용,남,40세,경상
2023021000100362,2023년 2월 10일 17시,금요일,울산광역시 남구 옥동,경상사고,0,0,1,0,차대차 - 기타,안전운전불이행,건조,맑음,교차로 - 교차로안,이륜,남,31세,경상,승용,남,43세,상해없음