사고번호,사고일시,요일,시군구,사고내용,사망자수,중상자수,경상자수,부상신고자수,사고유형,법규위반,노면상태,기상상태,도로형태,가해운전자 차종,가해운전자 성별,가해운전자 연령,가해운전자 상해정도,피해운전자 차종,피해운전자 성별,피해운전자 연령,피해운전자 상해정도
2023021000100411,2023년 2월 10일 18시,금요일,울산광역시 울주군 언양읍,중상사고,0,1,0,0,차대사람 - 횡단중,안전운전불이행,건조,맑음,단일로 - 교량,승용,여,53세,상해없음,보행자,남,37세,중상
2023021000100412,2023년 2월 10일 18시,금요일,울산광역시 울주군 온양읍,경상사고,0,0,1,0,차대차 - 측면충돌,안전운전불이행,건조,맑음,교차로 - 교차로안,승용,여,27세,경상,승용,남,50세,상해없음
2023021000100493,2023년 2월 10일 20시,금요일,울산광역시 남구 무거동,경상사고,0,0,1,0,차대차 - 측면충돌,안전운전불이행,건조,맑음,기타 - 기타,화물,남,45세,상해없음,승용,남,62세,경상
2023021000100494,2023년 2월 10일 20시,금요일,울산광역시 동구 방어동,중상사고,0,1,0,0,차대사람 - 차도통행중,신호위반,건조,맑음,교차로 - 교차로부근,승용,남,43세,상해없음,보행자,여,76세,중상
2023021100100014,2023년 2월 11일 00시,토요일,울산광역시 남구 삼산동,경상사고,0,0,2,0,차대차 - 측면충돌,안전운전불이행,건조,맑음,단일로 - 기타,승용,여,40세,상해없음,승용,남,67세,경상
2023021100100028,2023년 2월 11일 01시,토요일,울산광역시 중구 남외동,중상사고,0,1,0,0,차대차 - 측면충돌,안전거리미확보,건조,맑음,단일로 - 기타,승용,남,33세,상해없음,이륜,남,35세,중상
2023021100100094,2023년 2월 11일 07시,토요일,울산광역시 북구 호계동,중상사고,0,1,0,0,차대차 - 측면충돌,신호위반,건조,맑음,교차로 - 교차로안,화물,남,61세,상해없음,승용,남,55세,중상
2023021100100163,2023년 2월 11일 11시,토요일,울산광역시 남구 옥동,경상사고,0,0,1,0,차대차 - 추돌,기타,건조,맑음,단일로 - 기타,승용,남,23세,상해없음,승용,여,50세,경상
2023021100100244,2023년 2월 11일 14시,토요일,울산광역시 남구 달동,경상사고,0,0,1,0,차대차 - 측면충돌,교차로운행방법위반,건조,맑음,기타 - 기타,승용,여,46세,상해없음,승용,남,28세,경상
2023021100100349,2023년 2월 11일 18시,토요일,울산광역시 울주군 온양읍,경상사고,0,0,1,0,차대차 - 측면충돌,안전운전불이행,건조,흐림,단일로 - 기타,이륜,여,34세,경상,승용,남,73세,상해없음
2023021100100376,2023년 2월 11일 19시,토요일,울산광역시 남구 삼산동,경상사고,0,0,1,0,차대사람 - 횡단중,보행자보호의무위반,건조,맑음,교차로 - 교차로횡단보도내,승용,여,43세,상해없음,보행자,남,42세,경상
2023021100100405,2023년 2월 11일 20시,토요일,울산광역시 남구 달동,중상사고,0,1,0,0,차대사람 - 횡단중,안전운전불이행,건조,맑음,교차로 - 교차로횡단보도내,승용,남,26세,상해없음,보행자,여,62세,중상
2023021100100432,2023년 2월 11일 21시,토요일,울산광역시 중구 서동,중상사고,0,1,0,0,차대사람 - 횡단중,신호위반,건조,맑음,교차로 - 교차로횡단보도내,이륜,남,47세,상해없음,보행자,여,65세,중상
2023021200100015,2023년 2월 12일 00시,일요일,울산광역시 남구 삼산동,경상사고,0,0,1,0,차대차 - 추돌,안전운전불이행,건조,맑음,교차로 - 교차로부근,승용,남,48세,상해없음,승용,남,55세,경상
2023021200100016,2023년 2월 12일 00시,일요일,울산광역시 동구 일산동,경상사고,0,0,1,0,차대차 - 정면충돌,중앙선침범,건조,맑음,단일로 - 기타,승용,여,38세,상해없음,승용,남,24세,경상
2023021200100093,2023년 2월 12일 10시,일요일,울산광역시 중구 반구동,사망사고,1,0,0,0,차대차 - 측면충돌,기타,건조,맑음,교차로 - 교차로안,승용,남,23세,상해없음,사륜오토바이(ATV),여,76세,사망
2023021200100094,2023년 2월 12일 10시,일요일,울산광역시 북구 연암동,부상신고사고,0,0,0,1,차대차 - 측면충돌,차로위반,건조,맑음,교차로 - 교차로부근,승용,남,62세,상해없음,승용,여,24세,상해없음
2023021200100162,2023년 2월 12일 13시,일요일,울산광역시 북구 명촌동,경상사고,0,0,2,0,차대차 - 측면충돌,신호위반,건조,맑음,교차로 - 교차로안,승용,남,67세,상해없음,승합,남,38세,경상
2023021200100202,2023년 2월 12일 15시,일요일,울산광역시 중구 서동,경상사고,0,0,1,0,차대사람 - 기타,안전운전불이행,건조,흐림,단일로 - 기타,승용,남,58세,상해없음,보행자,남,13세,경상
2023021200100203,2023년 2월 12일 15시,일요일,울산광역시 울주군 상북면,중상사고,0,1,0,0,차량단독 - 전도전복 - 전도,안전운전불이행,건조,맑음,단일로 - 기타,이륜,남,57세,중상,,,,
2023021200100204,2023년 2월 12일 15시,일요일,울산광역시 울주군 언양읍,중상사고,0,1,0,0,차량단독 - 기타,안전운전불이행,건조,맑음,기타 - 기타,승합,남,44세,상해없음,,,,
2023021200100328,2023년 2월 12일 21시,일요일,울산광역시 남구 신정동,경상사고,0,0,2,0,차대차 - 기타,안전운전불이행,건조,맑음,교차로 - 교차로부근,승합,남,59세,상해없음,승용,남,21세,경상
2023021300100027,2023년 2월 13일 05시,월요일,울산광역시 남구 매암동,경상사고,0,0,1,0,차대차 - 측면충돌,신호위반,젖음/습기,맑음,교차로 - 교차로안,화물,남,67세,상해없음,특수,남,40세,경상
2023021300100063,2023년 2월 13일 07시,월요일,울산광역시 중구 복산동,경상사고,0,0,1,0,차대차 - 기타,안전운전불이행,젖음/습기,비,교차로 - 교차로부근,승용,남,58세,상해없음,자전거,남,69세,경상
2023021300100064,2023년 2월 13일 07시,월요일,울산광역시 울주군 웅촌면,경상사고,0,0,1,0,차대차 - 측면충돌,안전운전불이행,젖음/습기,비,교차로 - 교차로안,승용,남,55세,상해없음,승합,남,43세,경상
2023021300100110,2023년 2월 13일 09시,월요일,울산광역시 울주군 청량읍,경상사고,0,0,1,0,차대차 - 추돌,안전운전불이행,젖음/습기,비,단일로 - 기타,화물,남,34세,상해없음,화물,남,42세,경상
2023021300100417,2023년 2월 13일 18시,월요일,울산광역시 북구 송정동,경상사고,0,0,1,0,차대차 - 측면충돌,신호위반,건조,맑음,교차로 - 교차로안,승용,남,35세,상해없음,자전거,남,55세,경상
2023021300100445,2023년 2월 13일 19시,월요일,울산광역시 남구 선암동,경상사고,0,0,1,0,차대차 - 측면충돌,신호위반,건조,맑음,교차로 - 교차로안,승용,남,31세,상해없음,승용,여,65세,경상
2023021300100472,2023년 2월 13일 20시,월요일,울산광역시 동구 방어동,중상사고,0,1,0,0,차대차 - 측면충돌,교차로운행방법위반,건조,맑음,교차로 - 교차로안,승용,남,44세,상해없음,이륜,남,42세,중상
2023021400100019,2023년 2월 14일 01시,화요일,울산광역시 울주군 삼남읍,경상사고,0,0,1,0,차대차 - 측면충돌,신호위반,건조,맑음,교차로 - 교차로안,승용,남,62세,상해없음,승용,남,43세,경상
2023021400100175,2023년 2월 14일 12시,화요일,울산광역시 북구 창평동,경상사고,0,0,1,0,차대차 - 측면충돌,안전거리미확보,건조,맑음,단일로 - 지하차도(도로)내,화물,남,35세,상해없음,승용,여,26세,경상
2023021400100239,2023년 2월 14일 15시,화요일,울산광역시 중구 유곡동,경상사고,0,0,1,1,차대차 - 추돌,안전거리미확보,건조,맑음,교차로 - 교차로부근,승용,여,57세,부상신고,승용,여,51세,경상
2023021400100240,2023년 2월 14일 15시,화요일,울산광역시 남구 두왕동,경상사고,0,0,1,0,차대차 - 측면충돌,신호위반,건조,맑음,교차로 - 교차로안,승합,남,45세,상해없음,승용,여,59세,경상
2023021400100349,2023년 2월 14일 18시,화요일,울산광역시 중구 반구동,경상사고,0,0,1,0,차대사람 - 차도통행중,안전운전불이행,건조,맑음,단일로 - 기타,승용,여,42세,상해없음,보행자,남,71세,경상
2023021400100385,2023년 2월 14일 19시,화요일,울산광역시 남구 신정동,중상사고,0,1,0,0,차대사람 - 횡단중,보행자보호의무위반,건조,흐림,교차로 - 교차로횡단보도내,승용,여,73세,상해없음,보행자,남,71세,중상
2023021400100409,2023년 2월 14일 20시,화요일,울산광역시 남구 삼산동,경상사고,0,0,1,0,차대차 - 추돌,안전거리미확보,건조,맑음,교차로 - 교차로안,승용,남,63세,상해없음,승용,남,61세,경상
2023021500100011,2023년 2월 15일 00시,수요일,울산광역시 중구 남외동,중상사고,0,1,0,0,차대차 - 측면충돌,차로위반,건조,맑음,단일로 - 기타,이륜,남,62세,중상,승용,여,32세,상해없음
2023021500100084,2023년 2월 15일 08시,수요일,울산광역시 울주군 온산읍,중상사고,0,1,2,2,차대차 - 측면충돌,안전운전불이행,젖음/습기,흐림,단일로 - 기타,화물,남,41세,경상,승용,남,41세,경상
2023021500100158,2023년 2월 15일 11시,수요일,울산광역시 중구 서동,경상사고,0,0,1,0,차대사람 - 길가장자리구역통행중,안전운전불이행,건조,흐림,단일로 - 기타,승용,남,77세,기타불명,보행자,여,43세,경상
2023021500100159,2023년 2월 15일 11시,수요일,울산광역시 중구 반구동,경상사고,0,0,1,0,차대사람 - 기타,안전운전불이행,젖음/습기,비,주차장 - 주차장,승용,남,49세,상해없음,보행자,여,74세,경상
2023021500100160,2023년 2월 15일 11시,수요일,울산광역시 중구 다운동,경상사고,0,0,4,0,차대차 - 후진중충돌,안전운전불이행,건조,맑음,교차로 - 교차로안,화물,여,36세,상해없음,승용,여,37세,경상
2023021500100161,2023년 2월 15일 11시,수요일,울산광역시 동구 전하동,경상사고,0,0,1,0,차대사람 - 횡단중,보행자보호의무위반,젖음/습기,비,교차로 - 교차로횡단보도내,화물,남,71세,상해없음,보행자,남,11세,경상
2023021500100181,2023년 2월 15일 12시,수요일,울산광역시 울주군 웅촌면,중상사고,0,1,1,0,차량단독 - 공작물충돌,안전운전불이행,젖음/습기,흐림,단일로 - 기타,화물,남,74세,중상,,,,
2023021500100209,2023년 2월 15일 13시,수요일,울산광역시 북구 화봉동,경상사고,0,0,2,0,차대차 - 측면충돌,안전거리미확보,건조,맑음,교차로 - 교차로부근,승용,남,27세,상해없음,승합,남,54세,경상
2023021500100225,2023년 2월 15일 14시,수요일,울산광역시 중구 다운동,중상사고,0,2,1,0,차대차 - 측면충돌,안전운전불이행,건조,맑음,교차로 - 교차로안,승용,남,47세,경상,승용,남,76세,중상
2023021500100345,2023년 2월 15일 18시,수요일,울산광역시 북구 연암동,경상사고,0,0,1,0,차대차 - 측면충돌,신호위반,건조,맑음,교차로 - 교차로횡단보도내,승용,여,58세,상해없음,자전거,남,32세,경상
2023021500100408,2023년 2월 15일 20시,수요일,울산광역시 울주군 온양읍,중상사고,0,1,0,1,차대차 - 정면충돌,교차로운행방법위반,건조,맑음,교차로 - 교차로부근,승용,남,55세,부상신고,승용,여,48세,중상
2023021500100431,2023년 2월 15일 21시,수요일,울산광역시 중구 성남동,경상사고,0,0,2,0,차대차 - 측면충돌,신호위반,건조,맑음,단일로 - 기타,화물,여,46세,경상,승용,여,57세,경상
2023021600100058,2023년 2월 16일 06시,목요일,울산광역시 울주군 온산읍,중상사고,0,1,0,0,차대차 - 정면충돌,중앙선침범,건조,맑음,단일로 - 기타,승용,남,35세,상해없음,승용,남,49세,중상
2023021600100106,2023년 2월 16일 08시,목요일,울산광역시 울주군 범서읍,중상사고,0,1,1,0,차대차 - 정면충돌,중앙선침범,젖음/습기,흐림,단일로 - 기타,승용,여,36세,중상,승용,남,44세,상해없음
2023021600100347,2023년 2월 16일 18시,목요일,울산광역시 동구 방어동,경상사고,0,0,1,0,차대사람 - 길가장자리구역통행중,안전운전불이행,건조,맑음,단일로 - 기타,승용,여,43세,기타불명,보행자,남,37세,경상
2023021600100381,2023년 2월 16일 19시,목요일,울산광역시 남구 무거동,경상사고,0,0,1,0,차대사람 - 기타,안전운전불이행,건조,맑음,단일로 - 기타,승용,남,51세,상해없음,보행자,남,68세,경상
2023021600100408,2023년 2월 16일 20시,목요일,울산광역시 남구 달동,경상사고,0,0,1,0,차대차 - 측면충돌,신호위반,건조,맑음,교차로 - 교차로안,이륜,남,42세,상해없음,이륜,남,20세,경상
2023021600100409,2023년 2월 16일 20시,목요일,울산광역시 북구 천곡동,중상사고,0,1,0,0,차대사람 - 횡단중,보행자보호의무위반,건조,맑음,교차로 - 교차로횡단보도내,승용,남,44세,상해없음,보행자,여,61세,중상
2023021600100447,2023년 2월 16일 22시,목요일,울산광역시 중구 태화동,중상사고,0,1,0,0,차대차 - 기타,신호위반,건조,맑음,교차로 - 교차로안,이륜,남,17세,기타불명,이륜,남,28세,중상
2023021600100448,2023년 2월 16일 22시,목요일,울산광역시 북구 매곡동,경상사고,0,0,1,1,차대차 - 추돌,안전운전불이행,건조,맑음,교차로 - 교차로부근,이륜,남,17세,상해없음,승용,여,51세,경상
2023021700100030,2023년 2월 17일 04시,금요일,울산광역시 중구 우정동,경상사고,0,0,1,0,차대차 - 기타,신호위반,건조,맑음,교차로 - 교차로안,승용,남,56세,상해없음,승용,남,71세,경상
2023021700100212,2023년 2월 17일 13시,금요일,울산광역시 동구 전하동,경상사고,0,0,1,0,차대사람 - 길가장자리구역통행중,안전운전불이행,건조,맑음,단일로 - 기타,승용,남,73세,상해없음,보행자,여,49세,경상
2023021700100237,2023년 2월 17일 14시,금요일,울산광역시 남구 삼산동,중상사고,0,1,0,0,차대차 - 측면충돌,중앙선침범,건조,맑음,단일로 - 기타,승용,남,81세,상해없음,원동기,남,46세,중상
2023021700100266,2023년 2월 17일 15시,금요일,울산광역시 북구 화봉동,경상사고,0,0,1,0,차대차 - 기타,안전운전불이행,건조,맑음,교차로 - 교차로안,이륜,남,23세,상해없음,이륜,남,50세,경상
2023021700100341,2023년 2월 17일 17시,금요일,울산광역시 중구 태화동,경상사고,0,0,6,1,차대차 - 측면충돌,차로위반,건조,맑음,교차로 - 교차로부근,승용,남,77세,부상신고,승합,남,40세,경상
2023021700100342,2023년 2월 17일 17시,금요일,울산광역시 중구 다운동,중상사고,0,1,0,0,차대차 - 기타,중앙선침범,건조,맑음,단일로 - 기타,승용,남,39세,상해없음,이륜,남,52세,중상
2023021700100343,2023년 2월 17일 17시,금요일,울산광역시 울주군 삼남읍,경상사고,0,0,1,0,차대차 - 측면충돌,안전운전불이행,건조,맑음,미분류 - 미분류,승용,남,68세,상해없음,이륜,남,36세,경상
2023021700100426,2023년 2월 17일 19시,금요일,울산광역시 동구 방어동,중상사고,0,1,0,0,차대사람 - 횡단중,보행자보호의무위반,건조,맑음,교차로 - 교차로부근,승용,남,30세,상해없음,보행자,남,63세,중상
2023021700100427,2023년 2월 17일 19시,금요일,울산광역시 울주군 삼남읍,경상사고,0,0,1,0,차대차 - 측면충돌,중앙선침범,건조,맑음,단일로 - 기타,승용,남,57세,상해없음,원동기,남,18세,경상
2023021800100067,2023년 2월 18일 06시,토요일,울산광역시 북구 명촌동,중상사고,0,1,0,0,차대사람 - 횡단중,보행자보호의무위반,젖음/습기,비,단일로 - 기타,이륜,남,55세,상해없음,보행자,남,66세,중상
2023021800100147,2023년 2월 18일 11시,토요일,울산광역시 중구 복산동,경상사고,0,0,1,1,차대차 - 측면충돌,교차로운행방법위반,건조,맑음,교차로 - 교차로안,승용,남,60세,부상신고,승용,남,61세,경상
2023021800100161,2023년 2월 18일 12시,토요일,울산광역시 북구 명촌동,경상사고,0,0,1,0,차대차 - 추돌,안전운전불이행,건조,맑음,단일로 - 기타,승용,남,63세,상해없음,승용,남,62세,경상
2023021800100236,2023년 2월 18일 15시,토요일,울산광역시 동구 전하동,경상사고,0,0,2,0,차대차 - 측면충돌,불법유턴,건조,흐림,교차로 - 교차로횡단보도내,승용,남,27세,상해없음,승용,남,18세,경상
2023021800100342,2023년 2월 18일 19시,토요일,울산광역시 북구 매곡동,경상사고,0,0,1,0,차대차 - 측면충돌,교차로운행방법위반,젖음/습기,흐림,교차로 - 교차로안,이륜,남,43세,경상,승용,여,53세,상해없음
2023021900100087,2023년 2월 19일 10시,일요일,울산광역시 북구 창평동,부상신고사고,0,0,0,1,차량단독 - 공작물충돌,안전운전불이행,건조,맑음,단일로 - 지하차도(도로)내,화물,남,55세,부상신고,,,,
2023021900100129,2023년 2월 19일 12시,일요일,울산광역시 울주군 범서읍,중상사고,0,1,0,0,차대차 - 측면충돌,신호위반,건조,맑음,교차로 - 교차로안,승용,남,62세,상해없음,승용,여,51세,중상
2023021900100211,2023년 2월 19일 15시,일요일,울산광역시 북구 송정동,경상사고,0,0,1,0,차대차 - 측면충돌,안전거리미확보,건조,맑음,단일로 - 기타,화물,남,79세,상해없음,승합,남,49세,경상
2023021900100338,2023년 2월 19일 20시,일요일,울산광역시 북구 매곡동,경상사고,0,0,2,0,차대차 - 측면충돌,교차로운행방법위반,건조,맑음,교차로 - 교차로안,이륜,남,27세,경상,승용,남,29세,경상
2023022000100009,2023년 2월 20일 00시,월요일,울산광역시 동구 방어동,경상사고,0,0,1,0,차대차 - 추돌,안전운전불이행,건조,맑음,단일로 - 기타,승용,남,31세,상해없음,화물,여,40세,기타불명
2023022000100017,2023년 2월 20일 02시,월요일,울산광역시 남구 무거동,경상사고,0,0,1,0,차대차 - 측면충돌,안전운전불이행,건조,맑음,교차로 - 교차로안,승용,남,69세,상해없음,승용,여,36세,경상
2023022000100084,2023년 2월 20일 07시,월요일,울산광역시 동구 전하동,중상사고,0,1,0,0,차대차 - 기타,교차로운행방법위반,건조,맑음,교차로 - 교차로안,자전거,남,55세,상해없음,이륜,남,52세,중상
2023022000100118,2023년 2월 20일 08시,월요일,울산광역시 울주군 온산읍,경상사고,0,0,1,0,차대차 - 정면충돌,안전운전불이행,건조,맑음,교차로 - 교차로안,승용,남,62세,상해없음,승용,여,54세,경상
2023022000100119,2023년 2월 20일 08시,월요일,울산광역시 북구 연암동,경상사고,0,0,1,0,차대차 - 측면충돌,안전거리미확보,건조,맑음,단일로 - 기타,승용,남,38세,상해없음,승용,남,35세,경상
2023022000100369,2023년 2월 20일 16시,월요일,울산광역시 북구 호계동,경상사고,0,0,1,0,차대차 - 측면충돌,안전운전불이행,건조,맑음,교차로 - 교차로부근,승용,여,47세,상해없음,이륜,남,17세,경상
2023022000100476,2023년 2월 20일 19시,월요일,울산광역시 남구 삼산동,부상신고사고,0,0,0,1,차대차 - 기타,신호위반,건조,맑음,교차로 - 교차로부근,승용,여,37세,상해없음,승용,여,30세,부상신고
2023022100100050,2023년 2월 21일 06시,화요일,울산광역시 울주군 온산읍,중상사고,0,1,0,0,차대차 - 정면충돌,중앙선침범,건조,맑음,단일로 - 기타,승용,여,44세,상해없음,승용,남,43세,중상
2023022100100051,2023년 2월 21일 06시,화요일,울산광역시 울주군 웅촌면,경상사고,0,0,2,0,차대차 - 측면충돌,안전거리미확보,건조,맑음,단일로 - 기타,승용,여,31세,경상,승합,남,40세,경상
2023022100100052,2023년 2월 21일 06시,화요일,울산광역시 북구 효문동,중상사고,0,1,0,0,차대차 - 측면충돌,안전거리미확보,건조,맑음,단일로 - 지하차도(도로)내,승용,남,58세,상해없음,이륜,남,24세,중상
2023022100100102,2023년 2월 21일 08시,화요일,울산광역시 중구 우정동,경상사고,0,0,1,0,차대차 - 측면충돌,신호위반,건조,맑음,단일로 - 기타,승용,여,48세,상해없음,개인형이동수단(PM),여,26세,경상
2023022100100103,2023년 2월 21일 08시,화요일,울산광역시 북구 화봉동,경상사고,0,0,2,0,차대차 - 추돌,안전운전불이행,건조,맑음,단일로 - 지하차도(도로)내,화물,남,43세,상해없음,화물,남,54세,상해없음
2023022100100185,2023년 2월 21일 11시,화요일,울산광역시 남구 용연동,중상사고,0,2,0,0,차대차 - 측면충돌,직진우회전진행방해,건조,맑음,교차로 - 교차로안,승용,남,54세,중상,건설기계,남,64세,중상
2023022100100186,2023년 2월 21일 11시,화요일,울산광역시 울주군 상북면,중상사고,0,1,0,0,차량단독 - 공작물충돌,안전운전불이행,건조,맑음,단일로 - 기타,승용,남,60세,중상,,,,
2023022100100288,2023년 2월 21일 14시,화요일,울산광역시 동구 방어동,경상사고,0,0,1,0,차대차 - 측면충돌,안전운전불이행,건조,맑음,단일로 - 기타,승용,남,51세,상해없음,승용,남,65세,경상
2023022100100312,2023년 2월 21일 15시,화요일,울산광역시 남구 삼산동,중상사고,0,1,0,1,차대차 - 추돌,안전거리미확보,건조,맑음,교차로 - 교차로안,화물,남,60세,상해없음,승용,여,50세,중상
2023022100100471,2023년 2월 21일 20시,화요일,울산광역시 북구 효문동,경상사고,0,0,1,0,차량단독 - 기타,기타,건조,맑음,단일로 - 기타,승합,남,55세,상해없음,,,,
2023022100100503,2023년 2월 21일 22시,화요일,울산광역시 중구 반구동,경상사고,0,0,1,0,차대차 - 추돌,안전운전불이행,건조,맑음,교차로 - 교차로부근,승용,남,45세,상해없음,승용,여,58세,경상
2023022200100096,2023년 2월 22일 08시,수요일,울산광역시 중구 옥교동,중상사고,0,1,0,0,차대사람 - 기타,안전운전불이행,건조,맑음,단일로 - 기타,승용,남,68세,상해없음,보행자,여,73세,중상
2023022200100097,2023년 2월 22일 08시,수요일,울산광역시 북구 화봉동,경상사고,0,0,1,0,차대차 - 측면충돌,안전운전불이행,건조,맑음,단일로 - 지하차도(도로)내,화물,남,48세,상해없음,승합,남,45세,경상
2023022200100196,2023년 2월 22일 11시,수요일,울산광역시 울주군 온양읍,중상사고,0,1,0,0,차대사람 - 길가장자리구역통행중,안전운전불이행,건조,맑음,교차로 - 교차로안,화물,남,66세,상해없음,보행자,여,84세,중상
2023022200100221,2023년 2월 22일 12시,수요일,울산광역시 북구 창평동,중상사고,0,1,0,0,차대차 - 추돌,안전운전불이행,건조,맑음,단일로 - 고가도로위,이륜,남,28세,중상,화물,남,63세,상해없음
2023022200100246,2023년 2월 22일 13시,수요일,울산광역시 동구 동부동,중상사고,0,1,0,0,차대사람 - 차도통행중,안전운전불이행,건조,맑음,단일로 - 기타,승용,여,33세,상해없음,보행자,여,57세,중상
2023022200100304,2023년 2월 22일 15시,수요일,울산광역시 동구 일산동,경상사고,0,0,1,0,차대차 - 측면충돌,안전운전불이행,건조,맑음,교차로 - 교차로안,승용,남,29세,상해없음,이륜,남,87세,경상
2023022200100459,2023년 2월 22일 20시,수요일,울산광역시 남구 삼산동,중상사고,0,1,0,0,차대차 - 측면충돌,교차로운행방법위반,건조,맑음,교차로 - 교차로안,승용,남,21세,상해없음,승용,여,24세,중상
2023022200100518,2023년 2월 22일 23시,수요일,울산광역시 울주군 온산읍,중상사고,0,1,0,0,차량단독 - 기타,안전운전불이행,건조,맑음,단일로 - 기타,이륜,남,51세,중상,,,,
2023022300100157,2023년 2월 23일 10시,목요일,울산광역시 남구 삼산동,경상사고,0,0,1,0,차대사람 - 횡단중,안전운전불이행,건조,맑음,교차로 - 교차로횡단보도내,화물,남,57세,상해없음,보행자,여,86세,경상
2023022300100232,2023년 2월 23일 13시,목요일,울산광역시 중구 성안동,경상사고,0,0,1,0,차대차 - 기타,안전운전불이행,건조,맑음,단일로 - 기타,승용,남,70세,상해없음,승용,여,23세,경상
2023022300100342,2023년 2월 23일 17시,목요일,울산광역시 중구 복산동,경상사고,0,0,1,0,차대사람 - 횡단중,보행자보호의무위반,건조,맑음,교차로 - 교차로횡단보도내,승용,남,55세,상해없음,보행자,남,6세,경상
2023022300100395,2023년 2월 23일 18시,목요일,울산광역시 남구 신정동,경상사고,0,0,1,0,차대사람 - 차도통행중,안전운전불이행,건조,맑음,교차로 - 교차로부근,승합,남,36세,상해없음,보행자,남,80세,경상
2023022400100101,2023년 2월 24일 08시,금요일,울산광역시 중구 우정동,중상사고,0,1,0,0,차대차 - 측면충돌,안전운전불이행,건조,맑음,교차로 - 교차로안,이륜,남,41세,중상,승용,남,33세,상해없음
2023022400100102,2023년 2월 24일 08시,금요일,울산광역시 남구 신정동,경상사고,0,0,3,0,차대차 - 정면충돌,안전운전불이행,건조,맑음,단일로 - 기타,승용,여,26세,경상,승용,남,23세,경상
2023022400100141,2023년 2월 24일 09시,금요일,울산광역시 남구 신정동,중상사고,0,1,0,0,차대사람 - 횡단중,안전운전불이행,건조,맑음,교차로 - 교차로부근,특수,남,60세,상해없음,보행자,여,83세,중상
2023022400100142,2023년 2월 24일 09시,금요일,울산광역시 울주군 온양읍,중상사고,0,1,0,0,차대차 - 측면충돌,직진우회전진행방해,건조,맑음,교차로 - 교차로안,승용,여,45세,상해없음,자전거,남,80세,중상
2023022400100169,2023년 2월 24일 10시,금요일,울산광역시 남구 삼산동,경상사고,0,0,1,0,차대차 - 측면충돌,안전운전불이행,건조,맑음,교차로 - 교차로횡단보도내,화물,남,57세,상해없음,자전거,여,52세,경상
2023022400100204,2023년 2월 24일 11시,금요일,울산광역시 중구 다운동,중상사고,0,1,0,0,차대사람 - 기타,안전운전불이행,건조,맑음,교차로 - 교차로안,승용,남,86세,상해없음,보행자,여,86세,중상
2023022400100357,2023년 2월 24일 16시,금요일,울산광역시 동구 화정동,경상사고,0,0,2,0,차대차 - 추돌,안전운전불이행,건조,맑음,단일로 - 터널,승용,남,62세,상해없음,승용,남,56세,경상
2023022400100478,2023년 2월 24일 19시,금요일,울산광역시 북구 송정동,경상사고,0,0,1,0,차대사람 - 횡단중,신호위반,건조,맑음,교차로 - 교차로안,이륜,남,44세,상해없음,보행자,남,12세,경상
2023022400100508,2023년 2월 24일 20시,금요일,울산광역시 동구 방어동,경상사고,0,0,1,0,차대차 - 기타,안전운전불이행,건조,맑음,단일로 - 기타,이륜,남,40세,경상,이륜,남,31세,상해없음
2023022400100509,2023년 2월 24일 20시,금요일,울산광역시 북구 산하동,경상사고,0,0,1,0,차대차 - 측면충돌,중앙선침범,건조,맑음,단일로 - 기타,승용,남,37세,상해없음,이륜,남,47세,경상
2023022400100530,2023년 2월 24일 21시,금요일,울산광역시 북구 효문동,경상사고,0,0,1,1,차대사람 - 기타,안전운전불이행,건조,맑음,단일로 - 기타,자전거,남,28세,부상신고,보행자,남,62세,경상
2023022500100066,2023년 2월 25일 06시,토요일,울산광역시 중구 학성동,중상사고,0,1,0,0,차대사람 - 기타,보행자보호의무위반,건조,맑음,교차로 - 교차로횡단보도내,화물,남,68세,상해없음,보행자,여,69세,중상
2023022500100098,2023년 2월 25일 08시,토요일,울산광역시 남구 삼산동,경상사고,0,0,1,0,차대차 - 후진중충돌,안전운전불이행,건조,맑음,단일로 - 기타,승용,남,33세,상해없음,이륜,남,56세,경상
2023022500100153,2023년 2월 25일 10시,토요일,울산광역시 중구 성남동,부상신고사고,0,0,0,1,차대차 - 측면충돌,안전운전불이행,건조,맑음,교차로 - 교차로안,개인형이동수단(PM),남,42세,부상신고,승용,남,53세,상해없음
2023022500100154,2023년 2월 25일 10시,토요일,울산광역시 남구 부곡동,경상사고,0,0,1,0,차대차 - 추돌,안전운전불이행,건조,맑음,교차로 - 교차로부근,화물,남,53세,상해없음,화물,남,48세,경상
2023022500100155,2023년 2월 25일 10시,토요일,울산광역시 남구 삼산동,중상사고,0,1,0,0,차대차 - 측면충돌,안전운전불이행,건조,맑음,교차로 - 교차로부근,승용,남,33세,상해없음,승용,여,48세,중상
2023022500100192,2023년 2월 25일 11시,토요일,울산광역시 남구 삼산동,경상사고,0,0,3,0,차대차 - 측면충돌,신호위반,건조,맑음,교차로 - 교차로안,승용,남,42세,기타불명,승용,남,32세,경상
2023022500100226,2023년 2월 25일 12시,토요일,울산광역시 남구 옥동,경상사고,0,0,1,0,차대차 - 측면충돌,안전운전불이행,건조,맑음,단일로 - 기타,승용,여,54세,상해없음,화물,남,33세,경상