사고번호,사고일시,요일,시군구,사고내용,사망자수,중상자수,경상자수,부상신고자수,사고유형,법규위반,노면상태,기상상태,도로형태,가해운전자 차종,가해운전자 성별,가해운전자 연령,가해운전자 상해정도,피해운전자 차종,피해운전자 성별,피해운전자 연령,피해운전자 상해정도
2023022500100268,2023년 2월 25일 13시,토요일,울산광역시 중구 옥교동,경상사고,0,0,2,0,차대차 - 측면충돌,중앙선침범,건조,맑음,단일로 - 기타,승용,여,56세,경상,승용,남,28세,경상
2023022500100307,2023년 2월 25일 14시,토요일,울산광역시 북구 양정동,경상사고,0,0,1,0,차대차 - 기타,안전거리미확보,건조,맑음,단일로 - 기타,승용,남,30세,상해없음,승용,남,32세,상해없음
2023022500100475,2023년 2월 25일 19시,토요일,울산광역시 울주군 온양읍,경상사고,0,0,1,0,차대사람 - 길가장자리구역통행중,안전운전불이행,건조,맑음,단일로 - 기타,화물,남,70세,상해없음,보행자,여,56세,경상
2023022600100094,2023년 2월 26일 10시,일요일,울산광역시 북구 호계동,경상사고,0,0,1,0,차대사람 - 횡단중,보행자보호의무위반,건조,맑음,교차로 - 교차로횡단보도내,승용,남,74세,상해없음,보행자,남,6세,경상
2023022600100188,2023년 2월 26일 13시,일요일,울산광역시 북구 상안동,중상사고,0,1,0,0,차대차 - 측면충돌,직진우회전진행방해,건조,맑음,교차로 - 교차로안,승용,남,52세,상해없음,승용,남,51세,중상
2023022600100235,2023년 2월 26일 15시,일요일,울산광역시 동구 전하동,경상사고,0,0,1,0,차대차 - 기타,교차로운행방법위반,건조,맑음,교차로 - 교차로안,승용,남,61세,상해없음,이륜,남,43세,경상
2023022600100384,2023년 2월 26일 21시,일요일,울산광역시 남구 선암동,경상사고,0,0,1,0,차대차 - 측면충돌,안전거리미확보,건조,맑음,교차로 - 교차로안,승용,남,22세,상해없음,승용,남,31세,경상
2023022700100060,2023년 2월 27일 07시,월요일,울산광역시 북구 송정동,중상사고,0,1,0,0,차대차 - 측면충돌,교차로운행방법위반,건조,맑음,교차로 - 교차로부근,승용,남,31세,상해없음,승용,남,43세,중상
2023022700100127,2023년 2월 27일 09시,월요일,울산광역시 북구 명촌동,경상사고,0,0,2,1,차대차 - 측면충돌,직진우회전진행방해,건조,맑음,교차로 - 교차로안,승용,남,67세,부상신고,승용,여,43세,경상
2023022700100152,2023년 2월 27일 10시,월요일,울산광역시 북구 화봉동,부상신고사고,0,0,0,1,차대차 - 측면충돌,안전운전불이행,건조,맑음,교차로 - 교차로안,이륜,남,87세,부상신고,승용,여,34세,상해없음
2023022700100216,2023년 2월 27일 12시,월요일,울산광역시 중구 태화동,중상사고,0,1,0,0,차대사람 - 기타,안전운전불이행,건조,맑음,교차로 - 교차로부근,승용,여,46세,상해없음,보행자,여,62세,중상
2023022700100319,2023년 2월 27일 15시,월요일,울산광역시 남구 신정동,경상사고,0,0,1,0,차대사람 - 횡단중,보행자보호의무위반,건조,맑음,교차로 - 교차로안,승용,남,53세,상해없음,보행자,여,62세,경상
2023022700100320,2023년 2월 27일 15시,월요일,울산광역시 울주군 범서읍,중상사고,0,1,3,0,차량단독 - 공작물충돌,안전운전불이행,건조,맑음,교차로 - 교차로안,승용,여,38세,경상,,,,
2023022700100386,2023년 2월 27일 17시,월요일,울산광역시 동구 서부동,중상사고,0,1,0,0,차대차 - 측면충돌,신호위반,건조,맑음,교차로 - 교차로안,승용,여,41세,상해없음,이륜,남,38세,중상
2023022700100387,2023년 2월 27일 17시,월요일,울산광역시 동구 전하동,중상사고,0,1,0,0,차대차 - 측면충돌,안전거리미확보,건조,맑음,교차로 - 교차로안,이륜,남,38세,상해없음,이륜,남,38세,중상
2023022700100433,2023년 2월 27일 18시,월요일,울산광역시 남구 달동,경상사고,0,0,1,0,차대사람 - 길가장자리구역통행중,안전운전불이행,건조,맑음,단일로 - 기타,승용,남,73세,상해없음,보행자,남,49세,경상
2023022700100434,2023년 2월 27일 18시,월요일,울산광역시 동구 전하동,경상사고,0,0,1,0,차대차 - 측면충돌,안전운전불이행,건조,맑음,교차로 - 교차로부근,이륜,남,28세,상해없음,승용,남,53세,경상
2023022700100494,2023년 2월 27일 20시,월요일,울산광역시 남구 달동,경상사고,0,0,1,0,차대차 - 측면충돌,안전운전불이행,건조,맑음,교차로 - 교차로횡단보도내,승용,남,38세,상해없음,자전거,여,28세,경상
2023022800100011,2023년 2월 28일 00시,화요일,울산광역시 남구 달동,경상사고,0,0,1,0,차대차 - 측면충돌,신호위반,건조,맑음,교차로 - 교차로안,승용,남,57세,상해없음,이륜,남,38세,경상
2023022800100012,2023년 2월 28일 00시,화요일,울산광역시 북구 양정동,경상사고,0,0,1,0,차대차 - 측면충돌,안전운전불이행,건조,맑음,단일로 - 기타,화물,남,69세,상해없음,승용,남,69세,상해없음
2023022800100020,2023년 2월 28일 01시,화요일,울산광역시 북구 명촌동,경상사고,0,0,3,0,차대차 - 측면충돌,신호위반,건조,맑음,교차로 - 교차로부근,승용,남,22세,상해없음,승용,여,56세,경상
2023022800100095,2023년 2월 28일 08시,화요일,울산광역시 남구 야음동,중상사고,0,1,0,0,차대차 - 측면충돌,안전운전불이행,건조,맑음,교차로 - 교차로부근,승용,남,50세,상해없음,화물,남,51세,중상
2023022800100199,2023년 2월 28일 12시,화요일,울산광역시 중구 반구동,경상사고,0,0,1,0,차대차 - 측면충돌,안전운전불이행,건조,맑음,단일로 - 기타,화물,여,26세,경상,승용,여,59세,상해없음
2023022800100200,2023년 2월 28일 12시,화요일,울산광역시 울주군 삼남읍,경상사고,0,0,4,0,차대차 - 측면충돌,신호위반,건조,맑음,교차로 - 교차로안,승용,여,29세,상해없음,승용,여,26세,경상
2023022800100242,2023년 2월 28일 13시,화요일,울산광역시 남구 삼산동,경상사고,0,0,2,0,차대차 - 기타,교차로운행방법위반,건조,맑음,교차로 - 교차로안,화물,남,72세,상해없음,승용,남,61세,상해없음
2023022800100359,2023년 2월 28일 16시,화요일,울산광역시 울주군 언양읍,경상사고,0,0,1,0,차대사람 - 기타,안전운전불이행,기타,맑음,단일로 - 교량,자전거,남,45세,상해없음,보행자,여,54세,경상
2023022800100441,2023년 2월 28일 18시,화요일,울산광역시 울주군 청량읍,중상사고,0,1,0,0,차대차 - 정면충돌,안전거리미확보,건조,맑음,단일로 - 기타,승용,남,49세,상해없음,승용,남,52세,중상
2023030100100085,2023년 3월 1일 09시,수요일,울산광역시 남구 달동,중상사고,0,1,0,0,차대사람 - 횡단중,신호위반,건조,맑음,교차로 - 교차로횡단보도내,자전거,남,13세,상해없음,보행자,여,56세,중상
2023030100100086,2023년 3월 1일 09시,수요일,울산광역시 동구 서부동,중상사고,0,1,0,0,차대차 - 기타,안전운전불이행,건조,맑음,단일로 - 기타,이륜,남,80세,중상,화물,남,62세,상해없음
2023030100100106,2023년 3월 1일 10시,수요일,울산광역시 동구 방어동,경상사고,0,0,1,0,차대차 - 정면충돌,중앙선침범,건조,맑음,단일로 - 교량,승용,여,28세,상해없음,승용,남,62세,경상
2023030100100152,2023년 3월 1일 12시,수요일,울산광역시 중구 다운동,중상사고,0,1,0,1,차대차 - 측면충돌,안전운전불이행,건조,맑음,교차로 - 교차로안,승용,남,59세,부상신고,이륜,남,43세,중상
2023030100100192,2023년 3월 1일 14시,수요일,울산광역시 울주군 범서읍,경상사고,0,0,1,0,차대차 - 측면충돌,교차로운행방법위반,건조,맑음,교차로 - 교차로안,승용,여,47세,상해없음,승용,남,59세,경상
2023030100100249,2023년 3월 1일 16시,수요일,울산광역시 북구 신천동,경상사고,0,0,1,0,차대차 - 측면충돌,직진우회전진행방해,건조,맑음,교차로 - 교차로안,승용,여,28세,상해없음,이륜,남,32세,경상
2023030200100010,2023년 3월 2일 00시,목요일,울산광역시 북구 호계동,중상사고,0,1,0,0,차대차 - 측면충돌,신호위반,건조,맑음,교차로 - 교차로안,자전거,남,58세,상해없음,이륜,남,32세,중상
2023030200100029,2023년 3월 2일 05시,목요일,울산광역시 남구 달동,사망사고,1,0,0,0,차대차 - 측면충돌,신호위반,건조,맑음,교차로 - 교차로안,이륜,남,67세,사망,승용,남,57세,상해없음
2023030200100079,2023년 3월 2일 08시,목요일,울산광역시 울주군 청량읍,경상사고,0,0,1,0,차대차 - 기타,안전거리미확보,건조,맑음,단일로 - 기타,승용,여,52세,상해없음,승용,남,27세,경상
2023030200100116,2023년 3월 2일 08시,목요일,울산광역시 동구 서부동,중상사고,0,1,0,0,차대사람 - 보도통행중,안전운전불이행,건조,맑음,단일로 - 기타,자전거,남,65세,상해없음,보행자,여,64세,중상
2023030200100117,2023년 3월 2일 08시,목요일,울산광역시 북구 명촌동,경상사고,0,0,2,0,차대차 - 추돌,안전거리미확보,건조,맑음,단일로 - 고가도로위,승용,남,27세,상해없음,승용,여,43세,경상
2023030200100155,2023년 3월 2일 09시,목요일,울산광역시 중구 성안동,경상사고,0,0,1,0,차대차 - 측면충돌,안전운전불이행,건조,맑음,단일로 - 기타,화물,남,79세,상해없음,승용,남,45세,경상
2023030200100156,2023년 3월 2일 09시,목요일,울산광역시 동구 전하동,경상사고,0,0,1,0,차대차 - 측면충돌,안전운전불이행,건조,맑음,단일로 - 기타,승용,여,34세,상해없음,승용,여,33세,경상
2023030200100388,2023년 3월 2일 16시,목요일,울산광역시 동구 화정동,경상사고,0,0,1,0,차대사람 - 차도통행중,안전운전불이행,건조,맑음,기타 - 기타,승용,여,36세,상해없음,보행자,남,9세,경상
2023030200100418,2023년 3월 2일 17시,목요일,울산광역시 동구 화정동,경상사고,0,0,2,0,차대사람 - 횡단중,보행자보호의무위반,건조,맑음,교차로 - 교차로횡단보도내,승용,여,65세,상해없음,보행자,여,24세,경상
2023030200100419,2023년 3월 2일 17시,목요일,울산광역시 울주군 온양읍,중상사고,0,1,0,0,차대차 - 측면충돌,신호위반,건조,맑음,교차로 - 교차로부근,자전거,남,43세,중상,승용,남,54세,상해없음
2023030200100420,2023년 3월 2일 17시,목요일,울산광역시 울주군 언양읍,경상사고,0,0,3,0,차대차 - 기타,안전운전불이행,건조,맑음,교차로 - 교차로부근,승용,남,36세,상해없음,승용,남,53세,경상
2023030200100542,2023년 3월 2일 22시,목요일,울산광역시 남구 신정동,중상사고,0,1,0,0,차대사람 - 횡단중,안전운전불이행,건조,맑음,단일로 - 기타,승용,남,50세,상해없음,보행자,남,39세,중상
2023030300100008,2023년 3월 3일 00시,금요일,울산광역시 남구 선암동,경상사고,0,0,1,0,차대차 - 측면충돌,신호위반,건조,맑음,교차로 - 교차로안,승용,남,26세,상해없음,승용,여,34세,경상
2023030300100009,2023년 3월 3일 00시,금요일,울산광역시 울주군 언양읍,경상사고,0,0,2,0,차대차 - 추돌,안전운전불이행,건조,맑음,교차로 - 교차로부근,승용,남,46세,상해없음,승용,여,55세,상해없음
2023030300100017,2023년 3월 3일 01시,금요일,울산광역시 중구 복산동,부상신고사고,0,0,0,1,차량단독 - 공작물충돌,안전운전불이행,건조,맑음,교차로 - 교차로안,이륜,남,43세,부상신고,,,,
2023030300100052,2023년 3월 3일 06시,금요일,울산광역시 남구 여천동,중상사고,0,1,0,0,차대차 - 기타,중앙선침범,건조,맑음,교차로 - 교차로부근,자전거,여,62세,중상,승용,남,64세,상해없음
2023030300100053,2023년 3월 3일 06시,금요일,울산광역시 동구 일산동,경상사고,0,0,1,0,차대차 - 측면충돌,안전운전불이행,건조,맑음,교차로 - 교차로부근,승합,남,48세,상해없음,이륜,남,53세,경상
2023030300100122,2023년 3월 3일 08시,금요일,울산광역시 울주군 웅촌면,사망사고,1,0,0,0,차대차 - 측면충돌,중앙선침범,건조,맑음,단일로 - 기타,사륜오토바이(ATV),남,77세,사망,승용,여,27세,상해없음
2023030300100231,2023년 3월 3일 12시,금요일,울산광역시 중구 우정동,경상사고,0,0,1,0,차대차 - 측면충돌,안전운전불이행,건조,맑음,단일로 - 기타,승용,여,69세,상해없음,화물,남,32세,경상
2023030300100267,2023년 3월 3일 13시,금요일,울산광역시 북구 신천동,경상사고,0,0,3,2,차대차 - 측면충돌,교차로운행방법위반,건조,맑음,교차로 - 교차로안,승용,남,46세,부상신고,승합,남,52세,경상
2023030300100302,2023년 3월 3일 14시,금요일,울산광역시 남구 무거동,중상사고,0,1,0,0,차량단독 - 기타,안전운전불이행,건조,맑음,단일로 - 기타,승합,남,59세,상해없음,,,,
2023030300100335,2023년 3월 3일 15시,금요일,울산광역시 중구 학성동,경상사고,0,0,1,0,차대사람 - 길가장자리구역통행중,안전운전불이행,건조,맑음,단일로 - 기타,승용,여,69세,상해없음,보행자,여,60세,경상
2023030300100464,2023년 3월 3일 18시,금요일,울산광역시 남구 달동,중상사고,0,1,0,0,차량단독 - 기타,안전운전불이행,건조,맑음,단일로 - 기타,승합,남,54세,상해없음,,,,
2023030300100465,2023년 3월 3일 18시,금요일,울산광역시 북구 염포동,경상사고,0,0,1,0,차대차 - 측면충돌,안전운전불이행,건조,맑음,교차로 - 교차로부근,승용,여,63세,상해없음,자전거,남,31세,경상
2023030300100495,2023년 3월 3일 19시,금요일,울산광역시 남구 삼산동,경상사고,0,0,1,0,차대차 - 추돌,안전운전불이행,건조,맑음,교차로 - 교차로부근,승용,여,46세,상해없음,승용,남,44세,경상
2023030300100527,2023년 3월 3일 20시,금요일,울산광역시 중구 반구동,중상사고,0,1,0,0,차대사람 - 횡단중,안전운전불이행,건조,맑음,단일로 - 기타,승용,남,72세,상해없음,보행자,남,54세,중상
2023030300100551,2023년 3월 3일 21시,금요일,울산광역시 남구 무거동,경상사고,0,0,1,0,차대차 - 정면충돌,신호위반,건조,맑음,교차로 - 교차로안,승용,남,44세,상해없음,승합,여,64세,경상
2023030400100015,2023년 3월 4일 00시,토요일,울산광역시 울주군 온양읍,중상사고,0,1,0,0,차대차 - 측면충돌,신호위반,건조,맑음,교차로 - 교차로안,승용,여,56세,상해없음,승용,남,52세,중상
2023030400100043,2023년 3월 4일 02시,토요일,울산광역시 동구 전하동,중상사고,0,1,0,0,차대사람 - 횡단중,보행자보호의무위반,젖음/습기,맑음,교차로 - 교차로횡단보도내,승용,남,36세,상해없음,보행자,여,61세,중상
2023030400100083,2023년 3월 4일 07시,토요일,울산광역시 남구 무거동,경상사고,0,0,1,0,차대사람 - 길가장자리구역통행중,안전운전불이행,건조,맑음,교차로 - 교차로부근,승용,여,54세,상해없음,보행자,남,26세,경상
2023030400100240,2023년 3월 4일 13시,토요일,울산광역시 울주군 범서읍,경상사고,0,0,2,0,차대차 - 정면충돌,중앙선침범,건조,맑음,단일로 - 기타,승용,남,39세,기타불명,승용,남,57세,경상
2023030400100420,2023년 3월 4일 19시,토요일,울산광역시 울주군 삼남읍,경상사고,0,0,1,0,차대차 - 추돌,안전운전불이행,건조,맑음,교차로 - 교차로부근,승용,여,54세,상해없음,승용,남,35세,경상
2023030400100449,2023년 3월 4일 20시,토요일,울산광역시 울주군 언양읍,경상사고,0,0,1,0,차대차 - 측면충돌,안전거리미확보,건조,맑음,단일로 - 기타,승용,여,63세,상해없음,승용,남,64세,상해없음
2023030500100024,2023년 3월 5일 01시,일요일,울산광역시 북구 연암동,경상사고,0,0,1,0,차대차 - 측면충돌,기타,건조,맑음,단일로 - 터널,승용,남,28세,상해없음,승용,남,36세,상해없음
2023030500100088,2023년 3월 5일 08시,일요일,울산광역시 북구 염포동,중상사고,0,1,0,0,차대차 - 측면충돌,안전운전불이행,건조,맑음,교차로 - 교차로횡단보도내,승용,남,77세,상해없음,자전거,여,54세,중상
2023030500100145,2023년 3월 5일 11시,일요일,울산광역시 동구 방어동,중상사고,0,2,2,0,차대차 - 측면충돌,신호위반,건조,맑음,교차로 - 교차로안,승용,여,69세,상해없음,승용,여,44세,경상
2023030500100171,2023년 3월 5일 12시,일요일,울산광역시 북구 화봉동,중상사고,0,1,0,0,차대차 - 측면충돌,신호위반,건조,맑음,교차로 - 교차로횡단보도내,승용,남,54세,상해없음,자전거,남,68세,중상
2023030500100172,2023년 3월 5일 12시,일요일,울산광역시 북구 연암동,중상사고,0,1,0,0,차대차 - 측면충돌,안전거리미확보,건조,맑음,교차로 - 교차로부근,승용,남,75세,상해없음,승용,남,23세,중상
2023030500100258,2023년 3월 5일 15시,일요일,울산광역시 남구 달동,중상사고,0,1,0,0,차대차 - 측면충돌,교차로운행방법위반,건조,맑음,교차로 - 교차로안,승용,남,56세,상해없음,이륜,남,62세,중상
2023030500100377,2023년 3월 5일 20시,일요일,울산광역시 남구 무거동,경상사고,0,0,1,0,차대차 - 측면충돌,안전운전불이행,건조,맑음,교차로 - 교차로부근,승용,남,28세,기타불명,화물,남,62세,경상
2023030500100378,2023년 3월 5일 20시,일요일,울산광역시 북구 양정동,경상사고,0,0,1,0,차대차 - 기타,안전거리미확보,건조,맑음,단일로 - 기타,승용,남,45세,기타불명,승용,여,43세,상해없음
2023030600100207,2023년 3월 6일 11시,월요일,울산광역시 중구 태화동,경상사고,0,0,5,0,차대차 - 측면충돌,안전운전불이행,건조,맑음,단일로 - 기타,승용,여,59세,상해없음,승용,여,58세,경상
2023030600100232,2023년 3월 6일 12시,월요일,울산광역시 동구 서부동,중상사고,0,1,0,0,차대사람 - 차도통행중,안전운전불이행,건조,맑음,단일로 - 기타,이륜,남,33세,상해없음,보행자,여,65세,중상
2023030600100255,2023년 3월 6일 13시,월요일,울산광역시 북구 송정동,중상사고,0,1,2,0,차대차 - 측면충돌,신호위반,건조,맑음,교차로 - 교차로안,승용,남,57세,경상,승용,여,26세,중상
2023030600100288,2023년 3월 6일 14시,월요일,울산광역시 중구 남외동,경상사고,0,0,1,0,차대사람 - 횡단중,보행자보호의무위반,건조,맑음,교차로 - 교차로횡단보도내,승용,여,62세,상해없음,보행자,여,23세,경상
2023030600100318,2023년 3월 6일 15시,월요일,울산광역시 동구 서부동,사망사고,1,0,0,0,차대차 - 측면충돌,안전운전불이행,건조,맑음,교차로 - 교차로안,승용,여,65세,상해없음,이륜,남,51세,사망
2023030600100344,2023년 3월 6일 16시,월요일,울산광역시 울주군 범서읍,중상사고,0,1,0,0,차량단독 - 도로외이탈 - 추락,안전운전불이행,건조,맑음,기타 - 기타,승용,남,63세,중상,,,,
2023030600100380,2023년 3월 6일 17시,월요일,울산광역시 남구 달동,경상사고,0,0,1,0,차대사람 - 길가장자리구역통행중,안전운전불이행,건조,맑음,단일로 - 기타,승용,여,36세,상해없음,보행자,남,15세,경상
2023030600100482,2023년 3월 6일 21시,월요일,울산광역시 중구 옥교동,경상사고,0,0,3,0,차대차 - 측면충돌,신호위반,건조,맑음,단일로 - 기타,승용,여,31세,경상,승용,남,63세,경상
2023030700100040,2023년 3월 7일 06시,화요일,울산광역시 중구 복산동,중상사고,0,1,0,0,차대사람 - 차도통행중,안전운전불이행,건조,맑음,교차로 - 교차로부근,승용,남,61세,상해없음,보행자,남,81세,중상
2023030700100041,2023년 3월 7일 06시,화요일,울산광역시 남구 무거동,중상사고,0,1,2,0,차대차 - 추돌,안전운전불이행,건조,맑음,단일로 - 기타,승용,남,44세,상해없음,승용,남,55세,경상
2023030700100142,2023년 3월 7일 10시,화요일,울산광역시 울주군 온양읍,경상사고,0,0,5,0,차대차 - 추돌,안전운전불이행,건조,맑음,단일로 - 기타,승용,남,22세,경상,승용,남,43세,경상
2023030700100196,2023년 3월 7일 12시,화요일,울산광역시 울주군 언양읍,경상사고,0,0,2,0,차대차 - 측면충돌,차로위반,건조,맑음,교차로 - 교차로부근,화물,남,58세,경상,승합,남,35세,경상
2023030700100254,2023년 3월 7일 14시,화요일,울산광역시 북구 정자동,중상사고,0,1,0,0,차량단독 - 기타,안전운전불이행,건조,맑음,교차로 - 교차로부근,승합,남,43세,상해없음,,,,
2023030700100286,2023년 3월 7일 15시,화요일,울산광역시 북구 효문동,경상사고,0,0,1,0,차대차 - 측면충돌,안전운전불이행,건조,맑음,단일로 - 기타,화물,남,28세,상해없음,화물,남,47세,경상
2023030700100364,2023년 3월 7일 17시,화요일,울산광역시 중구 약사동,경상사고,0,0,3,0,차대차 - 측면충돌,신호위반,건조,맑음,교차로 - 교차로안,승용,남,63세,상해없음,승합,남,32세,경상
2023030700100481,2023년 3월 7일 21시,화요일,울산광역시 울주군 온산읍,경상사고,0,0,1,0,차량단독 - 공작물충돌,안전운전불이행,건조,맑음,단일로 - 기타,개인형이동수단(PM),남,25세,경상,,,,
2023030700100500,2023년 3월 7일 22시,화요일,울산광역시 남구 신정동,경상사고,0,0,1,0,차대차 - 측면충돌,안전운전불이행,건조,맑음,교차로 - 교차로안,승용,남,70세,상해없음,승용,남,41세,경상
2023030700100514,2023년 3월 7일 23시,화요일,울산광역시 중구 반구동,중상사고,0,1,1,0,차대차 - 기타,신호위반,건조,맑음,교차로 - 교차로안,승용,여,36세,상해없음,승용,남,72세,경상
2023030800100015,2023년 3월 8일 01시,수요일,울산광역시 울주군 웅촌면,경상사고,0,0,2,0,차대차 - 기타,중앙선침범,건조,맑음,단일로 - 기타,승용,남,71세,상해없음,승용,남,36세,경상
2023030800100029,2023년 3월 8일 04시,수요일,울산광역시 북구 연암동,경상사고,0,0,2,0,차대차 - 측면충돌,안전운전불이행,건조,맑음,교차로 - 교차로부근,승용,남,49세,기타불명,승용,남,74세,경상
2023030800100057,2023년 3월 8일 06시,수요일,울산광역시 남구 달동,경상사고,0,0,1,0,차대사람 - 횡단중,안전운전불이행,건조,맑음,교차로 - 교차로안,승용,여,60세,상해없음,보행자,남,55세,경상
2023030800100113,2023년 3월 8일 08시,수요일,울산광역시 울주군 삼남읍,경상사고,0,0,1,0,차대차 - 추돌,안전거리미확보,건조,맑음,교차로 - 교차로부근,승용,여,40세,기타불명,승용,여,56세,경상
2023030800100114,2023년 3월 8일 08시,수요일,울산광역시 울주군 범서읍,중상사고,0,2,1,0,차대차 - 추돌,안전거리미확보,건조,맑음,교차로 - 교차로안,화물,남,57세,상해없음,화물,남,50세,중상
2023030800100175,2023년 3월 8일 10시,수요일,울산광역시 울주군 웅촌면,경상사고,0,0,1,0,차대차 - 추돌,안전운전불이행,건조,맑음,단일로 - 기타,화물,남,49세,상해없음,승용,남,66세,경상
2023030800100282,2023년 3월 8일 14시,수요일,울산광역시 북구 송정동,중상사고,0,1,0,0,차대사람 - 보도통행중,보행자보호의무위반,건조,맑음,교차로 - 교차로횡단보도내,승용,여,56세,상해없음,보행자,남,17세,중상
2023030800100315,2023년 3월 8일 15시,수요일,울산광역시 동구 전하동,경상사고,0,0,3,0,차대차 - 측면충돌,직진우회전진행방해,건조,맑음,교차로 - 교차로안,승용,남,75세,상해없음,승합,여,61세,경상
2023030800100385,2023년 3월 8일 17시,수요일,울산광역시 울주군 언양읍,중상사고,0,3,3,0,차대차 - 추돌,안전거리미확보,건조,맑음,단일로 - 기타,승용,여,41세,경상,승용,남,72세,중상
2023030800100422,2023년 3월 8일 18시,수요일,울산광역시 남구 성암동,중상사고,0,1,0,0,차대차 - 측면충돌,신호위반,건조,맑음,교차로 - 교차로안,승용,남,33세,상해없음,이륜,남,45세,중상
2023030800100423,2023년 3월 8일 18시,수요일,울산광역시 남구 신정동,경상사고,0,0,1,0,차대차 - 후진중충돌,안전운전불이행,건조,맑음,기타 - 기타,승용,남,45세,상해없음,승용,여,25세,경상
2023030800100424,2023년 3월 8일 18시,수요일,울산광역시 동구 일산동,중상사고,0,1,0,0,차대차 - 측면충돌,안전운전불이행,건조,맑음,교차로 - 교차로부근,이륜,남,58세,상해없음,이륜,여,60세,중상
2023030900100023,2023년 3월 9일 01시,목요일,울산광역시 남구 무거동,부상신고사고,0,0,0,2,차대차 - 측면충돌,안전거리미확보,건조,맑음,교차로 - 교차로안,승용,남,67세,상해없음,화물,남,50세,부상신고
2023030900100024,2023년 3월 9일 01시,목요일,울산광역시 북구 염포동,경상사고,0,0,1,0,차대차 - 측면충돌,중앙선침범,건조,맑음,교차로 - 교차로부근,승용,남,33세,상해없음,승용,남,42세,경상
2023030900100037,2023년 3월 9일 05시,목요일,울산광역시 북구 진장동,중상사고,0,1,0,0,차대차 - 측면충돌,안전운전불이행,건조,맑음,교차로 - 교차로부근,승용,남,48세,상해없음,자전거,남,49세,중상
2023030900100110,2023년 3월 9일 08시,목요일,울산광역시 중구 유곡동,중상사고,0,1,0,0,차대차 - 측면충돌,안전운전불이행,건조,맑음,교차로 - 교차로안,승용,남,62세,상해없음,이륜,남,24세,중상
2023030900100112,2023년 3월 9일 08시,목요일,울산광역시 북구 효문동,경상사고,0,0,2,0,차대차 - 측면충돌,신호위반,건조,맑음,교차로 - 교차로안,화물,남,84세,경상,승용,여,26세,경상
2023030900100113,2023년 3월 9일 08시,목요일,울산광역시 북구 매곡동,경상사고,0,0,1,0,차대차 - 정면충돌,안전운전불이행,건조,맑음,교차로 - 교차로안,승용,여,35세,상해없음,승용,여,25세,경상
2023030900100252,2023년 3월 9일 13시,목요일,울산광역시 동구 방어동,경상사고,0,0,1,0,차대사람 - 차도통행중,보행자보호의무위반,건조,맑음,단일로 - 기타,승용,여,40세,상해없음,보행자,남,22세,경상
2023030900100380,2023년 3월 9일 17시,목요일,울산광역시 남구 신정동,중상사고,0,1,1,0,차대차 - 측면충돌,안전거리미확보,건조,맑음,기타 - 기타,승용,남,54세,상해없음,이륜,남,69세,경상
2023030900100381,2023년 3월 9일 17시,목요일,울산광역시 남구 달동,경상사고,0,0,1,0,차대차 - 기타,안전운전불이행,건조,맑음,기타 - 기타,승용,남,73세,상해없음,이륜,남,49세,경상
2023030900100454,2023년 3월 9일 19시,목요일,울산광역시 남구 신정동,중상사고,0,1,1,0,차대차 - 측면충돌,차로위반,건조,맑음,단일로 - 기타,승용,남,69세,상해없음,승용,여,38세,경상
2023030900100480,2023년 3월 9일 20시,목요일,울산광역시 울주군 범서읍,중상사고,0,1,0,0,차대차 - 측면충돌,신호위반,건조,맑음,교차로 - 교차로안,승용,여,65세,상해없음,이륜,남,58세,중상
2023030900100506,2023년 3월 9일 21시,목요일,울산광역시 북구 천곡동,경상사고,0,0,1,0,차대차 - 추돌,안전운전불이행,건조,맑음,교차로 - 교차로안,자전거,남,46세,경상,승용,여,48세,상해없음
2023030900100536,2023년 3월 9일 23시,목요일,울산광역시 북구 염포동,중상사고,0,2,0,0,차대사람 - 횡단중,안전운전불이행,건조,맑음,교차로 - 교차로횡단보도내,승용,남,43세,상해없음,보행자,남,32세,중상
2023031000100262,2023년 3월 10일 13시,금요일,울산광역시 동구 방어동,중상사고,0,1,0,0,차대사람 - 기타,안전운전불이행,건조,맑음,교차로 - 교차로안,승용,남,70세,상해없음,보행자,남,74세,중상
2023031000100299,2023년 3월 10일 14시,금요일,울산광역시 북구 매곡동,중상사고,0,1,0,0,차대사람 - 횡단중,안전운전불이행,건조,맑음,주차장 - 주차장,승용,여,49세,상해없음,보행자,남,26세,중상
2023031000100547,2023년 3월 10일 20시,금요일,울산광역시 남구 옥동,경상사고,0,0,2,0,차대차 - 추돌,안전운전불이행,건조,맑음,교차로 - 교차로안,승용,남,62세,상해없음,승용,여,57세,경상
2023031000100548,2023년 3월 10일 20시,금요일,울산광역시 울주군 범서읍,경상사고,0,0,1,0,차대차 - 정면충돌,중앙선침범,건조,맑음,단일로 - 기타,화물,여,24세,상해없음,승용,남,61세,경상
2023031000100579,2023년 3월 10일 21시,금요일,울산광역시 북구 신천동,중상사고,0,1,0,0,차대차 - 측면충돌,신호위반,건조,맑음,교차로 - 교차로안,승용,여,63세,상해없음,이륜,남,43세,중상
2023031000100635,2023년 3월 10일 23시,금요일,울산광역시 중구 반구동,부상신고사고,0,0,0,1,차량단독 - 공작물충돌,안전운전불이행,건조,맑음,단일로 - 기타,승용,남,41세,부상신고,,,,