사고번호,사고일시,요일,시군구,사고내용,사망자수,중상자수,경상자수,부상신고자수,사고유형,법규위반,노면상태,기상상태,도로형태,가해운전자 차종,가해운전자 성별,가해운전자 연령,가해운전자 상해정도,피해운전자 차종,피해운전자 성별,피해운전자 연령,피해운전자 상해정도
2023031100100065,2023년 3월 11일 06시,토요일,울산광역시 울주군 삼남읍,경상사고,0,0,1,0,차대차 - 측면충돌,안전운전불이행,건조,맑음,교차로 - 교차로안,화물,남,39세,경상,화물,남,49세,상해없음
2023031100100169,2023년 3월 11일 11시,토요일,울산광역시 동구 서부동,경상사고,0,0,1,0,차대차 - 기타,안전운전불이행,건조,맑음,단일로 - 기타,화물,남,64세,상해없음,승합,남,46세,경상
2023031100100209,2023년 3월 11일 12시,토요일,울산광역시 남구 신정동,중상사고,0,1,0,1,차대차 - 추돌,안전운전불이행,건조,맑음,교차로 - 교차로안,자전거,남,41세,부상신고,자전거,남,73세,중상
2023031100100210,2023년 3월 11일 12시,토요일,울산광역시 남구 옥동,경상사고,0,0,1,0,차대차 - 측면충돌,안전운전불이행,건조,맑음,단일로 - 기타,승용,남,46세,상해없음,자전거,남,81세,경상
2023031100100211,2023년 3월 11일 12시,토요일,울산광역시 북구 중산동,중상사고,0,1,0,0,차대차 - 측면충돌,안전거리미확보,건조,맑음,단일로 - 기타,승용,남,54세,상해없음,이륜,남,34세,중상
2023031100100247,2023년 3월 11일 13시,토요일,울산광역시 울주군 언양읍,경상사고,0,0,1,0,차대차 - 측면충돌,안전거리미확보,건조,맑음,단일로 - 교량,승용,여,61세,상해없음,승용,여,74세,경상
2023031100100290,2023년 3월 11일 14시,토요일,울산광역시 남구 야음동,경상사고,0,0,1,0,차대차 - 추돌,안전거리미확보,건조,맑음,교차로 - 교차로안,이륜,남,43세,경상,승용,남,35세,상해없음
2023031100100360,2023년 3월 11일 16시,토요일,울산광역시 북구 진장동,경상사고,0,0,1,0,차대차 - 측면충돌,신호위반,건조,맑음,단일로 - 기타,승용,남,60세,상해없음,승용,남,32세,경상
2023031100100534,2023년 3월 11일 23시,토요일,울산광역시 남구 선암동,경상사고,0,0,3,0,차대차 - 정면충돌,신호위반,건조,맑음,교차로 - 교차로안,승용,여,32세,상해없음,승용,남,54세,경상
2023031100100535,2023년 3월 11일 23시,토요일,울산광역시 남구 삼산동,경상사고,0,0,1,0,차대차 - 측면충돌,안전운전불이행,건조,맑음,교차로 - 교차로부근,승용,남,29세,상해없음,승용,남,32세,경상
2023031100100536,2023년 3월 11일 23시,토요일,울산광역시 북구 창평동,경상사고,0,0,1,0,차대차 - 추돌,안전운전불이행,건조,맑음,단일로 - 고가도로위,화물,남,56세,상해없음,승용,남,58세,경상
2023031200100010,2023년 3월 12일 00시,일요일,울산광역시 북구 양정동,경상사고,0,0,1,1,차대사람 - 횡단중,안전운전불이행,건조,맑음,교차로 - 교차로부근,자전거,남,25세,부상신고,보행자,남,30세,경상
2023031200100178,2023년 3월 12일 13시,일요일,울산광역시 북구 매곡동,중상사고,0,1,0,0,차대사람 - 횡단중,신호위반,건조,맑음,교차로 - 교차로안,이륜,남,27세,상해없음,보행자,여,71세,중상
2023031200100204,2023년 3월 12일 14시,일요일,울산광역시 남구 신정동,경상사고,0,0,1,0,차대차 - 측면충돌,안전거리미확보,젖음/습기,비,교차로 - 교차로안,승용,남,63세,상해없음,승용,남,26세,경상
2023031200100293,2023년 3월 12일 18시,일요일,울산광역시 울주군 온산읍,경상사고,0,0,1,0,차대차 - 기타,안전운전불이행,젖음/습기,비,단일로 - 기타,승용,남,59세,상해없음,이륜,남,28세,경상
2023031200100333,2023년 3월 12일 20시,일요일,울산광역시 남구 신정동,경상사고,0,0,1,0,차대차 - 정면충돌,신호위반,건조,맑음,교차로 - 교차로안,승용,남,51세,상해없음,승용,남,28세,경상
2023031200100349,2023년 3월 12일 21시,일요일,울산광역시 중구 학성동,경상사고,0,0,1,0,차대차 - 측면충돌,안전운전불이행,건조,맑음,교차로 - 교차로안,승용,남,62세,상해없음,자전거,남,50세,경상
2023031300100017,2023년 3월 13일 04시,월요일,울산광역시 북구 양정동,부상신고사고,0,0,0,1,차대차 - 측면충돌,안전운전불이행,건조,맑음,단일로 - 지하차도(도로)내,승용,남,73세,상해없음,자전거,남,67세,부상신고
2023031300100119,2023년 3월 13일 08시,월요일,울산광역시 남구 삼산동,경상사고,0,0,2,0,차대차 - 추돌,안전운전불이행,건조,맑음,단일로 - 기타,승용,남,66세,기타불명,화물,남,50세,경상
2023031300100120,2023년 3월 13일 08시,월요일,울산광역시 남구 야음동,경상사고,0,0,1,0,차대차 - 측면충돌,신호위반,건조,맑음,교차로 - 교차로안,승용,남,29세,상해없음,승용,남,30세,경상
2023031300100121,2023년 3월 13일 08시,월요일,울산광역시 북구 상안동,경상사고,0,0,2,0,차대차 - 측면충돌,안전운전불이행,건조,맑음,교차로 - 교차로부근,승용,여,58세,경상,승용,남,29세,경상
2023031300100157,2023년 3월 13일 09시,월요일,울산광역시 중구 태화동,경상사고,0,0,3,0,차대차 - 추돌,안전거리미확보,건조,맑음,단일로 - 기타,화물,남,33세,상해없음,승용,여,47세,경상
2023031300100158,2023년 3월 13일 09시,월요일,울산광역시 울주군 온양읍,중상사고,0,1,2,1,차대차 - 추돌,안전운전불이행,건조,맑음,교차로 - 교차로부근,승합,남,29세,상해없음,화물,남,69세,경상
2023031300100217,2023년 3월 13일 11시,월요일,울산광역시 중구 우정동,경상사고,0,0,2,0,차대차 - 측면충돌,교차로운행방법위반,건조,맑음,교차로 - 교차로안,승용,남,67세,경상,승용,남,73세,경상
2023031300100281,2023년 3월 13일 13시,월요일,울산광역시 남구 무거동,경상사고,0,0,1,0,차대차 - 추돌,안전거리미확보,건조,맑음,단일로 - 기타,승용,여,65세,상해없음,승용,남,70세,경상
2023031300100318,2023년 3월 13일 14시,월요일,울산광역시 남구 달동,경상사고,0,0,1,0,차대차 - 후진중충돌,안전운전불이행,건조,맑음,교차로 - 교차로부근,승용,남,75세,상해없음,승용,여,53세,경상
2023031300100330,2023년 3월 13일 15시,월요일,울산광역시 울주군 온양읍,중상사고,0,1,0,0,차대차 - 측면충돌,기타,건조,맑음,단일로 - 교량,승용,남,58세,상해없음,승용,남,41세,중상
2023031300100360,2023년 3월 13일 15시,월요일,울산광역시 북구 진장동,경상사고,0,0,2,0,차대차 - 기타,안전거리미확보,건조,맑음,교차로 - 교차로부근,승용,여,65세,상해없음,승용,남,41세,경상
2023031300100472,2023년 3월 13일 18시,월요일,울산광역시 북구 염포동,경상사고,0,0,1,0,차대차 - 측면충돌,안전운전불이행,건조,맑음,교차로 - 교차로부근,승용,남,64세,상해없음,승용,남,28세,경상
2023031300100508,2023년 3월 13일 19시,월요일,울산광역시 중구 학성동,경상사고,0,0,1,0,차대차 - 측면충돌,신호위반,건조,맑음,단일로 - 기타,이륜,남,61세,상해없음,자전거,남,57세,경상
2023031400100053,2023년 3월 14일 06시,화요일,울산광역시 울주군 온산읍,경상사고,0,0,1,0,차대차 - 기타,안전운전불이행,건조,맑음,단일로 - 기타,승용,남,58세,상해없음,이륜,남,41세,경상
2023031400100082,2023년 3월 14일 07시,화요일,울산광역시 울주군 온산읍,경상사고,0,0,1,0,차대차 - 측면충돌,불법유턴,건조,맑음,교차로 - 교차로부근,화물,남,57세,상해없음,특수,남,59세,경상
2023031400100145,2023년 3월 14일 09시,화요일,울산광역시 중구 다운동,중상사고,0,1,2,1,차대차 - 측면충돌,안전운전불이행,건조,맑음,교차로 - 교차로안,승합,남,64세,부상신고,승합,남,47세,중상
2023031400100146,2023년 3월 14일 09시,화요일,울산광역시 중구 복산동,경상사고,0,0,1,0,차대차 - 측면충돌,안전운전불이행,건조,맑음,교차로 - 교차로부근,승용,남,38세,상해없음,승용,여,33세,경상
2023031400100177,2023년 3월 14일 10시,화요일,울산광역시 울주군 청량읍,부상신고사고,0,0,0,2,차대차 - 측면충돌,직진우회전진행방해,건조,맑음,교차로 - 교차로안,승합,남,50세,상해없음,농기계,남,75세,상해없음
2023031400100391,2023년 3월 14일 16시,화요일,울산광역시 중구 남외동,중상사고,0,1,1,0,차대차 - 측면충돌,신호위반,건조,맑음,교차로 - 교차로안,승용,여,23세,상해없음,승용,남,54세,경상
2023031400100392,2023년 3월 14일 16시,화요일,울산광역시 남구 부곡동,경상사고,0,0,1,0,차대차 - 측면충돌,안전거리미확보,건조,맑음,교차로 - 교차로안,승용,남,39세,기타불명,승용,남,52세,경상
2023031400100393,2023년 3월 14일 16시,화요일,울산광역시 동구 방어동,중상사고,0,1,0,0,차대사람 - 횡단중,안전운전불이행,건조,맑음,단일로 - 기타,승합,여,47세,상해없음,보행자,남,14세,중상
2023031400100452,2023년 3월 14일 17시,화요일,울산광역시 중구 복산동,경상사고,0,0,2,0,차대차 - 정면충돌,안전운전불이행,건조,맑음,교차로 - 교차로부근,승합,여,59세,경상,승용,남,50세,경상
2023031400100453,2023년 3월 14일 17시,화요일,울산광역시 남구 야음동,경상사고,0,0,1,0,차대차 - 측면충돌,안전운전불이행,건조,맑음,단일로 - 기타,승합,남,64세,상해없음,자전거,남,48세,경상
2023031400100454,2023년 3월 14일 17시,화요일,울산광역시 울주군 청량읍,경상사고,0,0,1,2,차대차 - 측면충돌,교차로운행방법위반,건조,맑음,교차로 - 교차로안,승용,남,23세,상해없음,이륜,남,28세,경상
2023031400100455,2023년 3월 14일 17시,화요일,울산광역시 울주군 웅촌면,경상사고,0,0,1,0,차대차 - 추돌,안전운전불이행,건조,맑음,교차로 - 교차로부근,화물,남,53세,상해없음,승용,남,49세,경상
2023031400100546,2023년 3월 14일 20시,화요일,울산광역시 남구 옥동,경상사고,0,0,1,0,차대차 - 측면충돌,안전거리미확보,건조,맑음,단일로 - 지하차도(도로)내,승용,남,27세,상해없음,승용,남,53세,경상
2023031400100583,2023년 3월 14일 22시,화요일,울산광역시 북구 매곡동,경상사고,0,0,1,0,차대차 - 측면충돌,안전운전불이행,건조,맑음,교차로 - 교차로안,승용,여,40세,상해없음,승용,남,30세,경상
2023031400100601,2023년 3월 14일 23시,화요일,울산광역시 북구 산하동,경상사고,0,0,1,0,차대차 - 측면충돌,안전운전불이행,건조,맑음,교차로 - 교차로안,승용,남,61세,상해없음,승용,남,33세,경상
2023031500100009,2023년 3월 15일 00시,수요일,울산광역시 동구 화정동,경상사고,0,0,1,0,차대차 - 측면충돌,안전운전불이행,건조,맑음,단일로 - 기타,이륜,남,68세,상해없음,이륜,남,41세,경상
2023031500100077,2023년 3월 15일 07시,수요일,울산광역시 남구 매암동,경상사고,0,0,1,0,차대차 - 측면충돌,교차로운행방법위반,건조,맑음,교차로 - 교차로부근,특수,남,52세,상해없음,승용,남,32세,경상
2023031500100078,2023년 3월 15일 07시,수요일,울산광역시 울주군 청량읍,중상사고,0,1,0,0,차대차 - 측면충돌,신호위반,건조,맑음,교차로 - 교차로안,이륜,남,44세,상해없음,이륜,남,32세,중상
2023031500100149,2023년 3월 15일 09시,수요일,울산광역시 중구 학산동,중상사고,0,1,0,0,차대차 - 기타,안전운전불이행,건조,맑음,교차로 - 교차로안,승용,여,61세,상해없음,자전거,남,77세,중상
2023031500100227,2023년 3월 15일 12시,수요일,울산광역시 남구 달동,경상사고,0,0,4,0,차대차 - 정면충돌,중앙선침범,건조,맑음,교차로 - 교차로안,승용,남,27세,상해없음,이륜,남,50세,경상
2023031500100228,2023년 3월 15일 12시,수요일,울산광역시 동구 화정동,중상사고,0,1,1,0,차대차 - 측면충돌,신호위반,건조,맑음,교차로 - 교차로안,이륜,남,82세,중상,이륜,남,27세,경상
2023031500100229,2023년 3월 15일 12시,수요일,울산광역시 울주군 온산읍,경상사고,0,0,1,0,차대사람 - 기타,안전운전불이행,건조,맑음,교차로 - 교차로부근,승용,여,47세,상해없음,보행자,여,72세,경상
2023031500100254,2023년 3월 15일 13시,수요일,울산광역시 울주군 언양읍,경상사고,0,0,1,0,차대차 - 측면충돌,교차로운행방법위반,건조,맑음,교차로 - 교차로안,이륜,남,48세,경상,승용,남,72세,상해없음
2023031500100376,2023년 3월 15일 17시,수요일,울산광역시 남구 야음동,경상사고,0,0,1,0,차대차 - 기타,안전운전불이행,건조,맑음,교차로 - 교차로부근,승용,여,65세,상해없음,승용,여,54세,경상
2023031500100423,2023년 3월 15일 18시,수요일,울산광역시 북구 진장동,경상사고,0,0,1,0,차대차 - 정면충돌,중앙선침범,건조,맑음,단일로 - 기타,승용,남,36세,상해없음,승용,여,31세,상해없음
2023031600100008,2023년 3월 16일 00시,목요일,울산광역시 중구 성안동,경상사고,0,0,2,1,차대차 - 측면충돌,교차로운행방법위반,건조,맑음,교차로 - 교차로안,승용,남,52세,경상,승용,남,54세,부상신고
2023031600100017,2023년 3월 16일 01시,목요일,울산광역시 울주군 삼남읍,경상사고,0,0,1,0,차대차 - 측면충돌,중앙선침범,건조,맑음,단일로 - 기타,승용,남,64세,상해없음,승용,여,47세,경상
2023031600100044,2023년 3월 16일 06시,목요일,울산광역시 남구 여천동,경상사고,0,0,2,0,차대차 - 정면충돌,안전운전불이행,건조,맑음,교차로 - 교차로안,화물,남,37세,상해없음,화물,남,52세,경상
2023031600100072,2023년 3월 16일 07시,목요일,울산광역시 동구 일산동,중상사고,0,1,0,0,차대차 - 측면충돌,안전운전불이행,젖음/습기,맑음,교차로 - 교차로안,개인형이동수단(PM),남,40세,중상,승용,남,57세,상해없음
2023031600100189,2023년 3월 16일 11시,목요일,울산광역시 남구 무거동,경상사고,0,0,1,0,차대차 - 측면충돌,교차로운행방법위반,건조,맑음,교차로 - 교차로안,이륜,남,61세,상해없음,이륜,남,32세,경상
2023031600100301,2023년 3월 16일 15시,목요일,울산광역시 북구 신천동,경상사고,0,0,1,0,차대차 - 측면충돌,차로위반,건조,맑음,단일로 - 기타,승합,남,68세,상해없음,승용,여,64세,경상
2023031600100336,2023년 3월 16일 16시,목요일,울산광역시 중구 동동,중상사고,0,1,0,0,차대차 - 측면충돌,중앙선침범,건조,맑음,단일로 - 기타,승용,여,68세,상해없음,이륜,남,61세,중상
2023031600100337,2023년 3월 16일 16시,목요일,울산광역시 남구 달동,부상신고사고,0,0,0,1,차대사람 - 길가장자리구역통행중,안전운전불이행,건조,맑음,교차로 - 교차로부근,승합,남,54세,상해없음,보행자,여,52세,부상신고
2023031600100371,2023년 3월 16일 17시,목요일,울산광역시 북구 명촌동,경상사고,0,0,1,0,차대차 - 측면충돌,안전운전불이행,건조,맑음,교차로 - 교차로안,승용,남,37세,상해없음,자전거,남,52세,경상
2023031600100519,2023년 3월 16일 23시,목요일,울산광역시 동구 전하동,경상사고,0,0,1,0,차대차 - 측면충돌,중앙선침범,건조,맑음,교차로 - 교차로안,원동기,남,56세,경상,승용,남,21세,상해없음
2023031700100072,2023년 3월 17일 07시,금요일,울산광역시 동구 전하동,경상사고,0,0,2,0,차대차 - 측면충돌,안전운전불이행,건조,맑음,단일로 - 기타,승용,여,52세,상해없음,승용,남,67세,경상
2023031700100113,2023년 3월 17일 08시,금요일,울산광역시 남구 무거동,경상사고,0,0,1,0,차대차 - 측면충돌,기타,건조,맑음,기타 - 기타,승용,여,34세,경상,승용,남,69세,상해없음
2023031700100197,2023년 3월 17일 11시,금요일,울산광역시 울주군 온양읍,경상사고,0,0,2,0,차대차 - 후진중충돌,안전운전불이행,건조,흐림,교차로 - 교차로부근,화물,남,43세,상해없음,화물,남,44세,경상
2023031700100323,2023년 3월 17일 15시,금요일,울산광역시 남구 무거동,경상사고,0,0,1,0,차대차 - 추돌,안전운전불이행,건조,맑음,단일로 - 기타,승합,남,61세,상해없음,승용,여,40세,경상
2023031700100324,2023년 3월 17일 15시,금요일,울산광역시 북구 화봉동,경상사고,0,0,1,0,차대차 - 정면충돌,중앙선침범,건조,맑음,교차로 - 교차로부근,승용,남,57세,상해없음,승용,여,39세,경상
2023031700100354,2023년 3월 17일 16시,금요일,울산광역시 남구 삼산동,중상사고,0,1,1,0,차대차 - 추돌,안전운전불이행,건조,맑음,단일로 - 고가도로위,승용,남,72세,상해없음,이륜,남,27세,경상
2023031700100355,2023년 3월 17일 16시,금요일,울산광역시 북구 효문동,경상사고,0,0,2,0,차대차 - 측면충돌,안전거리미확보,건조,맑음,단일로 - 기타,승용,남,66세,상해없음,승용,남,45세,경상
2023031700100397,2023년 3월 17일 17시,금요일,울산광역시 남구 삼산동,중상사고,0,1,0,0,차대차 - 측면충돌,안전운전불이행,건조,맑음,단일로 - 기타,승용,여,43세,상해없음,자전거,여,58세,중상
2023031700100398,2023년 3월 17일 17시,금요일,울산광역시 남구 옥동,경상사고,0,0,1,0,차대차 - 측면충돌,안전거리미확보,건조,맑음,단일로 - 지하차도(도로)내,화물,남,57세,상해없음,승합,남,48세,경상
2023031700100484,2023년 3월 17일 19시,금요일,울산광역시 중구 우정동,경상사고,0,0,2,0,차대차 - 추돌,안전운전불이행,건조,맑음,단일로 - 기타,승용,남,56세,상해없음,승용,남,22세,경상
2023031700100485,2023년 3월 17일 19시,금요일,울산광역시 북구 명촌동,중상사고,0,1,0,0,차대차 - 추돌,안전거리미확보,건조,맑음,단일로 - 기타,화물,남,41세,상해없음,승용,남,51세,중상
2023031700100572,2023년 3월 17일 22시,금요일,울산광역시 남구 달동,중상사고,0,1,0,0,차대사람 - 횡단중,안전운전불이행,건조,맑음,교차로 - 교차로부근,승용,남,68세,상해없음,보행자,남,37세,중상
2023031800100075,2023년 3월 18일 09시,토요일,울산광역시 중구 옥교동,경상사고,0,0,1,0,차대차 - 기타,기타,건조,맑음,단일로 - 기타,승합,남,53세,상해없음,승용,여,68세,상해없음
2023031800100107,2023년 3월 18일 10시,토요일,울산광역시 울주군 온양읍,부상신고사고,0,0,0,1,차량단독 - 기타,안전운전불이행,건조,맑음,단일로 - 기타,승합,남,62세,상해없음,,,,
2023031800100276,2023년 3월 18일 14시,토요일,울산광역시 중구 반구동,경상사고,0,0,1,0,차대차 - 측면충돌,안전운전불이행,건조,맑음,교차로 - 교차로부근,화물,남,72세,상해없음,자전거,남,45세,경상
2023031800100363,2023년 3월 18일 16시,토요일,울산광역시 중구 태화동,중상사고,0,2,1,0,차대차 - 추돌,안전거리미확보,건조,맑음,단일로 - 기타,승용,여,49세,경상,승용,여,32세,중상
2023031800100390,2023년 3월 18일 17시,토요일,울산광역시 동구 일산동,경상사고,0,0,1,0,차대사람 - 횡단중,보행자보호의무위반,건조,맑음,단일로 - 기타,승용,남,50세,상해없음,보행자,남,39세,경상
2023031800100509,2023년 3월 18일 21시,토요일,울산광역시 남구 선암동,경상사고,0,0,2,0,차대차 - 추돌,안전거리미확보,건조,맑음,교차로 - 교차로부근,승용,남,54세,상해없음,승용,남,53세,상해없음
2023031900100049,2023년 3월 19일 07시,일요일,울산광역시 북구 염포동,중상사고,0,1,0,0,차대차 - 추돌,안전운전불이행,건조,맑음,교차로 - 교차로부근,이륜,남,68세,중상,승용,여,49세,상해없음
2023031900100109,2023년 3월 19일 11시,일요일,울산광역시 중구 우정동,경상사고,0,0,2,0,차대차 - 측면충돌,중앙선침범,건조,맑음,교차로 - 교차로부근,승용,여,65세,상해없음,승용,남,63세,경상
2023031900100170,2023년 3월 19일 14시,일요일,울산광역시 울주군 청량읍,중상사고,0,1,3,0,차대차 - 기타,기타,건조,맑음,기타 - 기타,승용,남,48세,상해없음,승용,남,29세,중상
2023031900100302,2023년 3월 19일 18시,일요일,울산광역시 남구 달동,중상사고,0,1,0,0,차대사람 - 횡단중,보행자보호의무위반,건조,맑음,교차로 - 교차로안,화물,남,56세,상해없음,보행자,여,72세,중상
2023031900100346,2023년 3월 19일 20시,일요일,울산광역시 남구 달동,경상사고,0,0,1,0,차대차 - 측면충돌,안전운전불이행,건조,맑음,교차로 - 교차로부근,승용,남,32세,기타불명,승용,남,52세,경상
2023031900100360,2023년 3월 19일 21시,일요일,울산광역시 중구 교동,경상사고,0,0,2,0,차대차 - 추돌,안전운전불이행,건조,맑음,교차로 - 교차로부근,화물,남,55세,상해없음,승용,남,28세,경상
2023031900100380,2023년 3월 19일 23시,일요일,울산광역시 남구 신정동,중상사고,0,1,0,0,차대차 - 추돌,안전운전불이행,건조,맑음,교차로 - 교차로부근,승용,여,59세,상해없음,이륜,남,47세,중상
2023032000100070,2023년 3월 20일 07시,월요일,울산광역시 울주군 온산읍,부상신고사고,0,0,0,2,차대차 - 측면충돌,안전거리미확보,건조,맑음,교차로 - 교차로부근,이륜,남,39세,부상신고,이륜,남,37세,부상신고
2023032000100159,2023년 3월 20일 09시,월요일,울산광역시 남구 신정동,경상사고,0,0,1,0,차대사람 - 횡단중,안전운전불이행,건조,맑음,교차로 - 교차로부근,승용,남,77세,상해없음,보행자,여,28세,경상
2023032000100318,2023년 3월 20일 14시,월요일,울산광역시 북구 양정동,경상사고,0,0,1,0,차량단독 - 기타,안전운전불이행,건조,맑음,단일로 - 지하차도(도로)내,승합,남,51세,상해없음,,,,
2023032000100394,2023년 3월 20일 16시,월요일,울산광역시 중구 복산동,중상사고,0,1,0,0,차대사람 - 횡단중,신호위반,건조,맑음,교차로 - 교차로횡단보도내,이륜,남,38세,상해없음,보행자,남,9세,중상
2023032000100429,2023년 3월 20일 17시,월요일,울산광역시 동구 방어동,경상사고,0,0,1,0,차대사람 - 횡단중,보행자보호의무위반,건조,맑음,교차로 - 교차로안,승용,남,45세,상해없음,보행자,여,10세,경상
2023032000100430,2023년 3월 20일 17시,월요일,울산광역시 북구 연암동,경상사고,0,0,1,0,차대차 - 측면충돌,안전운전불이행,건조,맑음,교차로 - 교차로안,화물,남,57세,상해없음,승합,여,54세,경상
2023032000100496,2023년 3월 20일 19시,월요일,울산광역시 동구 서부동,중상사고,0,1,0,0,차대차 - 측면충돌,안전운전불이행,건조,맑음,교차로 - 교차로안,승용,여,33세,상해없음,이륜,남,40세,중상
2023032000100497,2023년 3월 20일 19시,월요일,울산광역시 북구 양정동,경상사고,0,0,1,0,차대차 - 측면충돌,안전거리미확보,건조,맑음,단일로 - 지하차도(도로)내,화물,남,44세,상해없음,승용,여,43세,경상
2023032000100543,2023년 3월 20일 21시,월요일,울산광역시 남구 삼산동,사망사고,1,0,1,0,차대사람 - 횡단중,기타,건조,맑음,교차로 - 교차로안,승용,남,22세,경상,보행자,남,29세,사망
2023032000100561,2023년 3월 20일 22시,월요일,울산광역시 남구 야음동,경상사고,0,0,2,0,차대차 - 추돌,안전거리미확보,건조,맑음,교차로 - 교차로부근,승합,남,68세,상해없음,승용,남,53세,기타불명
2023032000100562,2023년 3월 20일 22시,월요일,울산광역시 남구 달동,경상사고,0,0,1,0,차대차 - 정면충돌,안전운전불이행,건조,맑음,교차로 - 교차로부근,승용,여,39세,상해없음,이륜,남,34세,경상
2023032100100043,2023년 3월 21일 06시,화요일,울산광역시 남구 황성동,중상사고,0,1,0,0,차대사람 - 차도통행중,안전운전불이행,건조,맑음,기타 - 기타,승용,남,54세,상해없음,보행자,남,78세,중상
2023032100100117,2023년 3월 21일 08시,화요일,울산광역시 울주군 범서읍,경상사고,0,0,1,0,차량단독 - 전도전복 - 전도,안전운전불이행,건조,맑음,단일로 - 기타,농기계,여,73세,경상,,,,
2023032100100199,2023년 3월 21일 11시,화요일,울산광역시 동구 화정동,경상사고,0,0,1,0,차대차 - 측면충돌,신호위반,건조,맑음,교차로 - 교차로안,승용,여,42세,상해없음,승용,남,61세,경상
2023032100100223,2023년 3월 21일 12시,화요일,울산광역시 북구 진장동,경상사고,0,0,1,0,차대차 - 측면충돌,안전운전불이행,건조,맑음,교차로 - 교차로횡단보도내,승용,여,58세,상해없음,자전거,남,49세,경상
2023032100100253,2023년 3월 21일 13시,화요일,울산광역시 남구 야음동,경상사고,0,0,1,0,차대차 - 정면충돌,신호위반,건조,맑음,교차로 - 교차로부근,승용,여,50세,기타불명,승용,여,45세,경상
2023032100100254,2023년 3월 21일 13시,화요일,울산광역시 울주군 삼남읍,경상사고,0,0,3,0,차량단독 - 기타,안전운전불이행,서리/결빙,맑음,단일로 - 기타,승용,남,62세,상해없음,,,,
2023032100100374,2023년 3월 21일 16시,화요일,울산광역시 울주군 청량읍,경상사고,0,0,1,0,차량단독 - 기타,안전운전불이행,건조,맑음,미분류 - 미분류,승합,남,51세,상해없음,,,,
2023032100100464,2023년 3월 21일 18시,화요일,울산광역시 동구 방어동,중상사고,0,1,0,0,차대차 - 기타,안전운전불이행,젖음/습기,흐림,교차로 - 교차로안,승용,남,70세,상해없음,이륜,남,38세,중상
2023032100100465,2023년 3월 21일 18시,화요일,울산광역시 동구 서부동,중상사고,0,1,0,0,차대차 - 추돌,안전운전불이행,건조,맑음,단일로 - 기타,이륜,남,28세,중상,승용,남,59세,상해없음
2023032100100531,2023년 3월 21일 20시,화요일,울산광역시 남구 신정동,경상사고,0,0,1,0,차대차 - 측면충돌,교차로운행방법위반,건조,맑음,교차로 - 교차로안,승용,남,57세,기타불명,승용,여,21세,경상
2023032100100572,2023년 3월 21일 23시,화요일,울산광역시 남구 옥동,경상사고,0,0,1,0,차대차 - 측면충돌,신호위반,건조,맑음,교차로 - 교차로부근,이륜,남,37세,기타불명,승용,남,46세,경상
2023032200100055,2023년 3월 22일 06시,수요일,울산광역시 동구 전하동,경상사고,0,0,1,0,차대차 - 추돌,안전거리미확보,건조,맑음,교차로 - 교차로부근,승용,남,36세,상해없음,승용,남,71세,경상
2023032200100141,2023년 3월 22일 09시,수요일,울산광역시 남구 달동,경상사고,0,0,1,0,차대차 - 측면충돌,안전운전불이행,건조,맑음,교차로 - 교차로안,승용,여,20세,상해없음,승용,여,50세,경상
2023032200100171,2023년 3월 22일 10시,수요일,울산광역시 남구 삼산동,경상사고,0,0,1,0,차대차 - 측면충돌,안전운전불이행,건조,흐림,단일로 - 기타,승용,남,36세,상해없음,화물,남,26세,경상
2023032200100290,2023년 3월 22일 14시,수요일,울산광역시 동구 전하동,경상사고,0,0,1,0,차대사람 - 길가장자리구역통행중,안전운전불이행,건조,맑음,단일로 - 기타,승용,남,77세,기타불명,보행자,남,10세,경상
2023032200100291,2023년 3월 22일 14시,수요일,울산광역시 울주군 온양읍,부상신고사고,0,0,0,1,차대차 - 기타,직진우회전진행방해,건조,맑음,교차로 - 교차로안,사륜오토바이(ATV),남,77세,부상신고,승용,남,23세,상해없음
2023032200100517,2023년 3월 22일 21시,수요일,울산광역시 남구 삼산동,경상사고,0,0,1,0,차대사람 - 횡단중,안전운전불이행,젖음/습기,비,단일로 - 기타,승용,남,42세,상해없음,보행자,남,62세,경상
2023032200100519,2023년 3월 22일 21시,수요일,울산광역시 북구 상안동,중상사고,0,1,0,0,차대사람 - 차도통행중,안전운전불이행,젖음/습기,비,단일로 - 교량,승용,여,45세,상해없음,보행자,남,58세,중상
2023032300100007,2023년 3월 23일 00시,목요일,울산광역시 동구 서부동,중상사고,0,1,3,0,차대차 - 정면충돌,중앙선침범,젖음/습기,비,교차로 - 교차로부근,승용,남,37세,상해없음,승용,남,50세,경상
2023032300100083,2023년 3월 23일 07시,목요일,울산광역시 중구 남외동,경상사고,0,0,1,1,차대차 - 측면충돌,안전거리미확보,건조,맑음,단일로 - 기타,승용,남,64세,부상신고,승용,여,41세,경상
2023032300100265,2023년 3월 23일 13시,목요일,울산광역시 울주군 삼남읍,경상사고,0,0,1,0,차대차 - 후진중충돌,안전운전불이행,젖음/습기,비,교차로 - 교차로안,승용,남,22세,상해없음,승용,여,20세,경상
2023032300100287,2023년 3월 23일 14시,목요일,울산광역시 남구 신정동,부상신고사고,0,0,0,1,차대사람 - 보도통행중,안전운전불이행,건조,맑음,단일로 - 기타,승용,남,65세,상해없음,보행자,여,49세,부상신고