사고번호,사고일시,요일,시군구,사고내용,사망자수,중상자수,경상자수,부상신고자수,사고유형,법규위반,노면상태,기상상태,도로형태,가해운전자 차종,가해운전자 성별,가해운전자 연령,가해운전자 상해정도,피해운전자 차종,피해운전자 성별,피해운전자 연령,피해운전자 상해정도
2023032300100411,2023년 3월 23일 17시,목요일,울산광역시 동구 방어동,중상사고,0,1,0,0,차대차 - 기타,교차로운행방법위반,건조,맑음,교차로 - 교차로부근,승용,남,63세,기타불명,이륜,여,48세,중상
2023032300100494,2023년 3월 23일 19시,목요일,울산광역시 북구 상안동,사망사고,1,0,0,0,차대사람 - 차도통행중,안전운전불이행,젖음/습기,흐림,교차로 - 교차로부근,승용,남,35세,상해없음,보행자,남,42세,사망
2023032400100007,2023년 3월 24일 00시,금요일,울산광역시 남구 무거동,경상사고,0,0,1,0,차대차 - 기타,안전운전불이행,젖음/습기,흐림,교차로 - 교차로안,승용,남,63세,상해없음,이륜,남,18세,경상
2023032400100024,2023년 3월 24일 03시,금요일,울산광역시 동구 서부동,경상사고,0,0,1,1,차대차 - 추돌,안전거리미확보,건조,맑음,교차로 - 교차로부근,승용,여,34세,부상신고,화물,남,67세,경상
2023032400100049,2023년 3월 24일 06시,금요일,울산광역시 동구 방어동,경상사고,0,0,1,1,차대차 - 측면충돌,안전운전불이행,건조,맑음,교차로 - 교차로안,승용,여,54세,상해없음,이륜,남,26세,부상신고
2023032400100050,2023년 3월 24일 06시,금요일,울산광역시 북구 진장동,경상사고,0,0,1,0,차대차 - 측면충돌,교차로운행방법위반,건조,맑음,교차로 - 교차로부근,이륜,남,27세,상해없음,자전거,남,58세,경상
2023032400100126,2023년 3월 24일 08시,금요일,울산광역시 중구 유곡동,중상사고,0,1,1,0,차대차 - 기타,보행자보호의무위반,건조,맑음,교차로 - 교차로안,자전거,남,13세,중상,원동기,남,58세,상해없음
2023032400100151,2023년 3월 24일 09시,금요일,울산광역시 울주군 범서읍,경상사고,0,0,1,0,차대차 - 추돌,불법유턴,건조,맑음,교차로 - 교차로안,자전거,남,65세,경상,승용,남,66세,상해없음
2023032400100179,2023년 3월 24일 10시,금요일,울산광역시 남구 야음동,부상신고사고,0,0,0,1,차대사람 - 차도통행중,안전운전불이행,건조,맑음,주차장 - 주차장,화물,남,56세,상해없음,보행자,남,39세,부상신고
2023032400100333,2023년 3월 24일 14시,금요일,울산광역시 중구 반구동,중상사고,0,1,0,0,차대차 - 측면충돌,안전운전불이행,건조,맑음,단일로 - 기타,승용,여,36세,상해없음,자전거,남,62세,중상
2023032400100462,2023년 3월 24일 17시,금요일,울산광역시 울주군 웅촌면,부상신고사고,0,0,0,1,차량단독 - 전도전복 - 전도,안전운전불이행,건조,맑음,단일로 - 기타,이륜,남,56세,부상신고,,,,
2023032400100510,2023년 3월 24일 18시,금요일,울산광역시 울주군 온양읍,경상사고,0,0,1,0,차대차 - 측면충돌,안전거리미확보,건조,맑음,교차로 - 교차로안,승용,남,66세,기타불명,승용,남,40세,경상
2023032400100556,2023년 3월 24일 19시,금요일,울산광역시 중구 태화동,경상사고,0,0,1,0,차대차 - 측면충돌,안전운전불이행,건조,맑음,교차로 - 교차로안,이륜,남,53세,상해없음,이륜,남,67세,경상
2023032400100612,2023년 3월 24일 21시,금요일,울산광역시 동구 전하동,부상신고사고,0,0,0,1,차대차 - 측면충돌,안전운전불이행,건조,맑음,교차로 - 교차로안,개인형이동수단(PM),남,42세,부상신고,승용,남,34세,상해없음
2023032500100010,2023년 3월 25일 00시,토요일,울산광역시 북구 염포동,부상신고사고,0,0,0,1,차대차 - 추돌,안전운전불이행,건조,맑음,교차로 - 교차로부근,이륜,남,42세,부상신고,승용,남,28세,상해없음
2023032500100032,2023년 3월 25일 02시,토요일,울산광역시 남구 신정동,중상사고,0,1,0,0,차대차 - 측면충돌,안전운전불이행,건조,맑음,단일로 - 기타,승용,남,55세,기타불명,이륜,남,15세,중상
2023032500100038,2023년 3월 25일 03시,토요일,울산광역시 울주군 서생면,경상사고,0,0,1,0,차량단독 - 기타,안전운전불이행,건조,맑음,단일로 - 기타,승용,남,33세,경상,,,,
2023032500100041,2023년 3월 25일 04시,토요일,울산광역시 북구 화봉동,중상사고,0,2,2,1,차대차 - 측면충돌,안전운전불이행,건조,맑음,교차로 - 교차로부근,승용,남,31세,부상신고,승용,남,61세,중상
2023032500100133,2023년 3월 25일 10시,토요일,울산광역시 남구 신정동,경상사고,0,0,2,0,차대차 - 기타,교차로운행방법위반,건조,맑음,교차로 - 교차로안,승용,여,41세,경상,이륜,남,17세,경상
2023032500100333,2023년 3월 25일 16시,토요일,울산광역시 중구 성남동,부상신고사고,0,0,0,1,차대사람 - 기타,안전운전불이행,건조,맑음,교차로 - 교차로안,자전거,기타불명,미분류,기타불명,보행자,여,73세,부상신고
2023032500100397,2023년 3월 25일 18시,토요일,울산광역시 북구 송정동,경상사고,0,0,1,0,차대사람 - 기타,안전운전불이행,건조,맑음,주차장 - 주차장,승용,남,40세,상해없음,보행자,남,41세,경상
2023032500100427,2023년 3월 25일 19시,토요일,울산광역시 동구 방어동,중상사고,0,1,0,0,차대사람 - 차도통행중,안전운전불이행,건조,맑음,교차로 - 교차로안,승용,남,65세,상해없음,보행자,남,55세,중상
2023032600100009,2023년 3월 26일 00시,일요일,울산광역시 북구 효문동,경상사고,0,0,1,0,차대차 - 측면충돌,신호위반,건조,맑음,교차로 - 교차로부근,승용,남,59세,상해없음,이륜,남,31세,경상
2023032600100230,2023년 3월 26일 14시,일요일,울산광역시 남구 신정동,중상사고,0,1,0,0,차대사람 - 기타,안전운전불이행,건조,맑음,교차로 - 교차로부근,승용,남,47세,상해없음,보행자,여,17세,중상
2023032600100370,2023년 3월 26일 18시,일요일,울산광역시 울주군 온양읍,경상사고,0,0,1,0,차대차 - 정면충돌,교차로운행방법위반,건조,맑음,교차로 - 교차로안,화물,남,66세,상해없음,승용,남,51세,경상
2023032600100391,2023년 3월 26일 19시,일요일,울산광역시 울주군 온산읍,경상사고,0,0,1,0,차대사람 - 기타,교차로운행방법위반,젖음/습기,비,교차로 - 교차로부근,승용,남,43세,상해없음,보행자,남,41세,경상
2023032600100423,2023년 3월 26일 20시,일요일,울산광역시 중구 서동,경상사고,0,0,3,0,차대차 - 정면충돌,신호위반,건조,맑음,교차로 - 교차로안,화물,남,22세,상해없음,승용,남,60세,경상
2023032600100424,2023년 3월 26일 20시,일요일,울산광역시 동구 방어동,경상사고,0,0,1,0,차대차 - 추돌,안전운전불이행,건조,맑음,단일로 - 기타,승합,남,50세,상해없음,승용,여,26세,경상
2023032600100457,2023년 3월 26일 22시,일요일,울산광역시 남구 야음동,경상사고,0,0,1,0,차대차 - 추돌,안전운전불이행,건조,맑음,기타 - 기타,승용,남,33세,상해없음,승용,남,40세,경상
2023032600100458,2023년 3월 26일 22시,일요일,울산광역시 울주군 온산읍,경상사고,0,0,1,0,차대차 - 측면충돌,중앙선침범,건조,맑음,교차로 - 교차로부근,승용,남,51세,상해없음,승용,남,57세,경상
2023032700100063,2023년 3월 27일 07시,월요일,울산광역시 남구 황성동,경상사고,0,0,1,0,차대차 - 측면충돌,안전거리미확보,건조,맑음,교차로 - 교차로안,건설기계,남,61세,상해없음,승용,남,27세,경상
2023032700100111,2023년 3월 27일 08시,월요일,울산광역시 중구 다운동,경상사고,0,0,1,0,차대차 - 추돌,안전운전불이행,건조,맑음,단일로 - 터널,승합,남,64세,상해없음,승용,남,32세,경상
2023032700100140,2023년 3월 27일 09시,월요일,울산광역시 중구 다운동,중상사고,0,1,0,0,차대사람 - 기타,안전운전불이행,건조,맑음,단일로 - 기타,승용,여,63세,상해없음,보행자,남,56세,중상
2023032700100220,2023년 3월 27일 12시,월요일,울산광역시 중구 약사동,경상사고,0,0,2,0,차대차 - 측면충돌,안전운전불이행,건조,맑음,교차로 - 교차로부근,승용,여,28세,경상,승합,남,43세,경상
2023032700100221,2023년 3월 27일 12시,월요일,울산광역시 남구 두왕동,경상사고,0,0,3,0,차대차 - 측면충돌,안전운전불이행,건조,맑음,교차로 - 교차로부근,승용,남,35세,상해없음,승용,남,25세,경상
2023032700100422,2023년 3월 27일 17시,월요일,울산광역시 남구 삼산동,경상사고,0,0,1,0,차대차 - 추돌,안전거리미확보,건조,맑음,교차로 - 교차로안,이륜,남,25세,경상,승용,여,34세,상해없음
2023032700100423,2023년 3월 27일 17시,월요일,울산광역시 남구 신정동,중상사고,0,1,0,0,차대차 - 측면충돌,안전거리미확보,건조,맑음,단일로 - 기타,이륜,남,87세,중상,승용,여,55세,상해없음
2023032700100424,2023년 3월 27일 17시,월요일,울산광역시 남구 여천동,중상사고,0,1,0,0,차대차 - 측면충돌,안전운전불이행,건조,맑음,교차로 - 교차로안,이륜,남,41세,중상,승용,남,65세,상해없음
2023032700100463,2023년 3월 27일 18시,월요일,울산광역시 북구 양정동,경상사고,0,0,1,0,차대차 - 측면충돌,안전운전불이행,건조,맑음,교차로 - 교차로부근,승용,남,64세,상해없음,화물,남,38세,경상
2023032700100534,2023년 3월 27일 21시,월요일,울산광역시 북구 연암동,경상사고,0,0,1,0,차대차 - 기타,기타,건조,맑음,교차로 - 교차로부근,화물,남,43세,상해없음,승용,여,38세,경상
2023032800100049,2023년 3월 28일 06시,화요일,울산광역시 남구 삼산동,경상사고,0,0,1,0,차대차 - 추돌,안전운전불이행,건조,맑음,기타 - 기타,승용,여,54세,상해없음,원동기,남,59세,경상
2023032800100077,2023년 3월 28일 07시,화요일,울산광역시 울주군 언양읍,경상사고,0,0,1,0,차량단독 - 전도전복 - 전복,안전운전불이행,건조,맑음,단일로 - 기타,승용,남,68세,경상,,,,
2023032800100124,2023년 3월 28일 08시,화요일,울산광역시 북구 송정동,경상사고,0,0,1,0,차대차 - 측면충돌,안전운전불이행,건조,맑음,교차로 - 교차로안,승용,여,38세,상해없음,승용,여,39세,경상
2023032800100155,2023년 3월 28일 09시,화요일,울산광역시 북구 천곡동,중상사고,0,1,0,0,차대차 - 측면충돌,안전운전불이행,건조,맑음,단일로 - 기타,농기계,남,82세,상해없음,승용,여,33세,중상
2023032800100194,2023년 3월 28일 10시,화요일,울산광역시 울주군 온산읍,경상사고,0,0,1,0,차대차 - 정면충돌,안전운전불이행,건조,맑음,교차로 - 교차로안,이륜,남,43세,상해없음,승용,여,51세,경상
2023032800100195,2023년 3월 28일 10시,화요일,울산광역시 울주군 청량읍,경상사고,0,0,2,0,차대차 - 추돌,안전거리미확보,건조,맑음,기타 - 기타,화물,남,42세,상해없음,승용,여,39세,경상
2023032800100226,2023년 3월 28일 11시,화요일,울산광역시 중구 유곡동,중상사고,0,1,0,0,차대사람 - 차도통행중,안전운전불이행,건조,맑음,교차로 - 교차로안,화물,남,59세,상해없음,보행자,여,84세,중상
2023032800100227,2023년 3월 28일 11시,화요일,울산광역시 남구 신정동,경상사고,0,0,1,0,차대사람 - 횡단중,보행자보호의무위반,건조,맑음,단일로 - 기타,승용,여,26세,상해없음,보행자,남,80세,경상
2023032800100228,2023년 3월 28일 11시,화요일,울산광역시 남구 신정동,경상사고,0,0,1,0,차대차 - 측면충돌,안전거리미확보,건조,맑음,교차로 - 교차로안,특수,남,57세,상해없음,승합,남,49세,경상
2023032800100315,2023년 3월 28일 14시,화요일,울산광역시 중구 남외동,중상사고,0,1,0,0,차대사람 - 기타,안전운전불이행,건조,맑음,단일로 - 기타,승용,남,65세,상해없음,보행자,남,7세,중상
2023032800100316,2023년 3월 28일 14시,화요일,울산광역시 남구 달동,경상사고,0,0,1,0,차대차 - 측면충돌,신호위반,건조,맑음,교차로 - 교차로횡단보도내,승용,남,63세,상해없음,자전거,남,44세,경상
2023032800100398,2023년 3월 28일 16시,화요일,울산광역시 동구 서부동,경상사고,0,0,1,0,차대차 - 측면충돌,신호위반,건조,맑음,교차로 - 교차로안,이륜,남,19세,경상,승합,여,56세,상해없음
2023032800100478,2023년 3월 28일 18시,화요일,울산광역시 중구 남외동,중상사고,0,1,0,0,차대사람 - 기타,안전운전불이행,건조,맑음,단일로 - 기타,승용,여,56세,상해없음,보행자,남,61세,중상
2023032800100515,2023년 3월 28일 19시,화요일,울산광역시 울주군 온산읍,경상사고,0,0,1,0,차량단독 - 공작물충돌,안전운전불이행,건조,맑음,단일로 - 기타,승용,남,30세,경상,,,,
2023032900100111,2023년 3월 29일 08시,수요일,울산광역시 남구 삼산동,경상사고,0,0,1,0,차대차 - 측면충돌,안전운전불이행,건조,맑음,교차로 - 교차로부근,승용,여,28세,상해없음,승용,남,25세,경상
2023032900100112,2023년 3월 29일 08시,수요일,울산광역시 울주군 삼동면,중상사고,0,1,0,0,차대차 - 정면충돌,중앙선침범,건조,맑음,단일로 - 기타,승용,남,35세,상해없음,승용,남,48세,중상
2023032900100193,2023년 3월 29일 11시,수요일,울산광역시 중구 우정동,중상사고,0,1,0,0,차대차 - 측면충돌,신호위반,건조,맑음,교차로 - 교차로부근,승용,여,58세,상해없음,승용,여,36세,중상
2023032900100194,2023년 3월 29일 11시,수요일,울산광역시 남구 신정동,경상사고,0,0,2,0,차대차 - 추돌,안전운전불이행,건조,맑음,단일로 - 기타,승용,남,21세,상해없음,승용,남,42세,경상
2023032900100255,2023년 3월 29일 13시,수요일,울산광역시 중구 약사동,중상사고,0,1,1,0,차대차 - 정면충돌,교차로운행방법위반,건조,맑음,교차로 - 교차로안,이륜,남,35세,경상,승용,여,27세,중상
2023032900100256,2023년 3월 29일 13시,수요일,울산광역시 남구 무거동,경상사고,0,0,1,0,차대사람 - 길가장자리구역통행중,안전운전불이행,건조,맑음,단일로 - 기타,승용,남,57세,상해없음,보행자,남,22세,경상
2023032900100366,2023년 3월 29일 16시,수요일,울산광역시 동구 전하동,경상사고,0,0,1,0,차대사람 - 기타,불법유턴,건조,맑음,교차로 - 교차로안,이륜,남,43세,상해없음,보행자,남,72세,경상
2023032900100367,2023년 3월 29일 16시,수요일,울산광역시 울주군 온산읍,부상신고사고,0,0,0,1,차대차 - 기타,교차로운행방법위반,건조,맑음,교차로 - 교차로안,이륜,남,57세,상해없음,승용,남,68세,상해없음
2023032900100456,2023년 3월 29일 18시,수요일,울산광역시 울주군 범서읍,경상사고,0,0,1,0,차대사람 - 횡단중,보행자보호의무위반,건조,맑음,교차로 - 교차로안,승용,여,47세,상해없음,보행자,여,27세,경상
2023032900100532,2023년 3월 29일 21시,수요일,울산광역시 울주군 청량읍,경상사고,0,0,1,0,차대차 - 측면충돌,안전운전불이행,건조,맑음,단일로 - 기타,승용,남,51세,상해없음,승용,남,40세,경상
2023033000100059,2023년 3월 30일 06시,목요일,울산광역시 동구 전하동,경상사고,0,0,1,0,차대차 - 측면충돌,안전운전불이행,젖음/습기,맑음,교차로 - 교차로안,승용,남,51세,상해없음,이륜,남,41세,경상
2023033000100126,2023년 3월 30일 08시,목요일,울산광역시 남구 무거동,경상사고,0,0,1,0,차대차 - 측면충돌,안전거리미확보,건조,맑음,교차로 - 교차로안,승용,여,69세,상해없음,승용,여,22세,경상
2023033000100164,2023년 3월 30일 09시,목요일,울산광역시 울주군 서생면,부상신고사고,0,0,0,1,차량단독 - 공작물충돌,안전운전불이행,건조,맑음,교차로 - 교차로부근,승용,남,67세,부상신고,,,,
2023033000100188,2023년 3월 30일 10시,목요일,울산광역시 울주군 언양읍,경상사고,0,0,1,0,차대차 - 기타,중앙선침범,건조,맑음,교차로 - 교차로부근,승용,여,45세,기타불명,개인형이동수단(PM),여,48세,경상
2023033000100189,2023년 3월 30일 10시,목요일,울산광역시 북구 연암동,경상사고,0,0,3,0,차대차 - 측면충돌,안전거리미확보,건조,맑음,단일로 - 고가도로위,화물,남,59세,상해없음,승용,여,47세,경상
2023033000100250,2023년 3월 30일 12시,목요일,울산광역시 북구 화봉동,경상사고,0,0,1,0,차대사람 - 보도통행중,보행자보호의무위반,건조,맑음,교차로 - 교차로부근,승용,남,36세,상해없음,보행자,여,76세,경상
2023033000100369,2023년 3월 30일 16시,목요일,울산광역시 남구 삼산동,경상사고,0,0,1,0,차대사람 - 기타,안전운전불이행,건조,맑음,단일로 - 기타,승합,남,45세,상해없음,보행자,여,54세,경상
2023033000100370,2023년 3월 30일 16시,목요일,울산광역시 동구 화정동,경상사고,0,0,1,0,차대차 - 추돌,안전거리미확보,건조,맑음,단일로 - 터널,승용,남,19세,상해없음,승용,여,43세,경상
2023033000100459,2023년 3월 30일 18시,목요일,울산광역시 울주군 언양읍,경상사고,0,0,1,0,차대차 - 기타,중앙선침범,건조,맑음,단일로 - 기타,기타불명,기타불명,미분류,기타불명,승용,여,34세,상해없음
2023033000100505,2023년 3월 30일 19시,목요일,울산광역시 남구 삼산동,중상사고,0,1,0,0,차대차 - 정면충돌,직진우회전진행방해,건조,맑음,교차로 - 교차로안,승용,남,41세,상해없음,이륜,남,23세,중상
2023033000100556,2023년 3월 30일 21시,목요일,울산광역시 남구 달동,경상사고,0,0,2,0,차대차 - 측면충돌,안전운전불이행,건조,맑음,교차로 - 교차로안,승용,여,48세,경상,이륜,남,31세,경상
2023033000100572,2023년 3월 30일 22시,목요일,울산광역시 중구 태화동,중상사고,0,1,0,0,차대사람 - 기타,안전운전불이행,건조,맑음,단일로 - 기타,자전거,남,50세,상해없음,보행자,남,62세,중상
2023033000100573,2023년 3월 30일 22시,목요일,울산광역시 북구 매곡동,경상사고,0,0,1,0,차대차 - 측면충돌,직진우회전진행방해,건조,맑음,교차로 - 교차로안,승용,남,29세,상해없음,개인형이동수단(PM),여,54세,경상
2023033100100096,2023년 3월 31일 08시,금요일,울산광역시 울주군 언양읍,경상사고,0,0,1,0,차대사람 - 횡단중,보행자보호의무위반,건조,맑음,교차로 - 교차로횡단보도내,화물,남,45세,상해없음,보행자,여,36세,경상
2023033100100291,2023년 3월 31일 13시,금요일,울산광역시 울주군 삼남읍,경상사고,0,0,1,0,차량단독 - 기타,안전운전불이행,건조,맑음,단일로 - 기타,원동기,남,63세,경상,,,,
2023033100100363,2023년 3월 31일 15시,금요일,울산광역시 남구 신정동,경상사고,0,0,1,0,차대차 - 측면충돌,안전거리미확보,건조,맑음,교차로 - 교차로안,건설기계,남,68세,상해없음,승용,여,57세,경상
2023033100100406,2023년 3월 31일 16시,금요일,울산광역시 북구 연암동,경상사고,0,0,1,0,차대차 - 추돌,안전운전불이행,건조,맑음,단일로 - 기타,화물,남,48세,기타불명,승용,여,42세,경상
2023033100100407,2023년 3월 31일 16시,금요일,울산광역시 북구 진장동,경상사고,0,0,1,0,차대차 - 측면충돌,안전운전불이행,건조,맑음,교차로 - 교차로부근,승용,여,27세,상해없음,승용,남,23세,경상
2023033100100506,2023년 3월 31일 18시,금요일,울산광역시 울주군 온양읍,중상사고,0,1,0,0,차대사람 - 차도통행중,안전운전불이행,건조,맑음,단일로 - 기타,승용,남,73세,상해없음,보행자,남,37세,중상
2023033100100507,2023년 3월 31일 18시,금요일,울산광역시 울주군 청량읍,부상신고사고,0,0,0,1,차대차 - 후진중충돌,안전운전불이행,건조,맑음,교차로 - 교차로부근,승용,남,63세,상해없음,승합,남,46세,부상신고
2023033100100621,2023년 3월 31일 22시,금요일,울산광역시 남구 무거동,경상사고,0,0,1,0,차대차 - 측면충돌,안전운전불이행,건조,맑음,단일로 - 기타,승용,남,53세,상해없음,이륜,남,58세,경상
2023033100100632,2023년 3월 31일 23시,금요일,울산광역시 남구 달동,경상사고,0,0,4,0,차대차 - 추돌,안전운전불이행,건조,맑음,단일로 - 기타,승용,남,54세,상해없음,승용,남,58세,경상
2023040100100018,2023년 4월 1일 00시,토요일,울산광역시 동구 일산동,중상사고,0,1,2,0,차대차 - 추돌,안전운전불이행,건조,맑음,교차로 - 교차로부근,승용,남,27세,상해없음,승용,여,23세,경상
2023040100100099,2023년 4월 1일 08시,토요일,울산광역시 중구 학성동,경상사고,0,0,1,0,차대사람 - 기타,안전운전불이행,건조,맑음,교차로 - 교차로부근,개인형이동수단(PM),남,57세,상해없음,보행자,여,78세,경상
2023040100100154,2023년 4월 1일 10시,토요일,울산광역시 남구 삼산동,경상사고,0,0,1,1,차대차 - 측면충돌,신호위반,건조,맑음,교차로 - 교차로안,승용,여,62세,부상신고,승용,여,56세,경상
2023040100100192,2023년 4월 1일 11시,토요일,울산광역시 울주군 범서읍,중상사고,0,1,0,0,차대차 - 측면충돌,안전운전불이행,건조,맑음,단일로 - 기타,승용,남,75세,상해없음,이륜,남,47세,중상
2023040100100437,2023년 4월 1일 17시,토요일,울산광역시 남구 삼산동,경상사고,0,0,1,0,차대사람 - 횡단중,보행자보호의무위반,건조,맑음,교차로 - 교차로횡단보도내,승용,여,33세,상해없음,보행자,여,31세,경상
2023040100100595,2023년 4월 1일 23시,토요일,울산광역시 남구 삼산동,경상사고,0,0,1,0,차대차 - 정면충돌,신호위반,건조,기타,교차로 - 교차로안,승용,여,49세,상해없음,승용,남,60세,경상
2023040200100309,2023년 4월 2일 16시,일요일,울산광역시 울주군 삼남읍,중상사고,0,2,2,0,차대차 - 측면충돌,교차로운행방법위반,건조,맑음,교차로 - 교차로안,승용,여,49세,상해없음,승용,남,62세,경상
2023040200100344,2023년 4월 2일 17시,일요일,울산광역시 중구 성안동,경상사고,0,0,1,0,차대차 - 추돌,안전거리미확보,건조,맑음,단일로 - 기타,승용,여,54세,상해없음,화물,남,64세,경상
2023040200100443,2023년 4월 2일 21시,일요일,울산광역시 울주군 온양읍,경상사고,0,0,1,0,차대차 - 측면충돌,신호위반,건조,맑음,교차로 - 교차로안,승용,남,50세,상해없음,자전거,남,17세,경상
2023040200100457,2023년 4월 2일 22시,일요일,울산광역시 중구 태화동,부상신고사고,0,0,0,1,차대사람 - 기타,기타,건조,맑음,단일로 - 기타,자전거,남,54세,상해없음,보행자,남,30세,부상신고
2023040200100458,2023년 4월 2일 22시,일요일,울산광역시 동구 화정동,경상사고,0,0,1,0,차대차 - 측면충돌,신호위반,건조,맑음,교차로 - 교차로안,승용,남,22세,상해없음,승용,남,67세,경상
2023040300100037,2023년 4월 3일 06시,월요일,울산광역시 동구 전하동,경상사고,0,0,1,0,차대사람 - 차도통행중,안전운전불이행,건조,맑음,교차로 - 교차로안,이륜,남,39세,경상,보행자,여,24세,상해없음
2023040300100097,2023년 4월 3일 08시,월요일,울산광역시 울주군 온산읍,경상사고,0,0,2,0,차대차 - 추돌,안전운전불이행,건조,맑음,단일로 - 기타,승용,남,74세,상해없음,승용,남,72세,경상
2023040300100171,2023년 4월 3일 10시,월요일,울산광역시 남구 선암동,경상사고,0,0,1,0,차대차 - 추돌,안전운전불이행,건조,맑음,단일로 - 고가도로위,승용,남,26세,상해없음,승용,남,42세,경상
2023040300100172,2023년 4월 3일 10시,월요일,울산광역시 동구 서부동,경상사고,0,0,1,0,차대차 - 측면충돌,안전운전불이행,건조,맑음,단일로 - 기타,이륜,남,46세,경상,특수,남,58세,상해없음
2023040300100173,2023년 4월 3일 10시,월요일,울산광역시 북구 산하동,경상사고,0,0,3,0,차대차 - 측면충돌,안전운전불이행,건조,맑음,단일로 - 지하차도(도로)내,화물,남,74세,상해없음,화물,남,67세,경상
2023040300100196,2023년 4월 3일 11시,월요일,울산광역시 남구 신정동,경상사고,0,0,1,0,차대차 - 추돌,안전거리미확보,건조,맑음,교차로 - 교차로부근,이륜,남,33세,기타불명,승용,남,29세,경상
2023040300100226,2023년 4월 3일 12시,월요일,울산광역시 중구 성남동,부상신고사고,0,0,0,1,차대차 - 기타,안전운전불이행,건조,맑음,교차로 - 교차로안,자전거,남,59세,부상신고,승합,남,64세,상해없음
2023040300100267,2023년 4월 3일 13시,월요일,울산광역시 남구 삼산동,중상사고,0,1,0,0,차대차 - 측면충돌,안전운전불이행,건조,맑음,교차로 - 교차로부근,승용,남,40세,상해없음,이륜,남,60세,중상
2023040300100293,2023년 4월 3일 14시,월요일,울산광역시 중구 학산동,경상사고,0,0,2,0,차대사람 - 보도통행중,안전운전불이행,건조,맑음,교차로 - 교차로안,승용,남,88세,상해없음,보행자,남,30세,경상
2023040300100294,2023년 4월 3일 14시,월요일,울산광역시 남구 무거동,중상사고,0,1,0,0,차대사람 - 횡단중,안전운전불이행,건조,맑음,교차로 - 교차로부근,승용,여,66세,상해없음,보행자,여,44세,중상
2023040300100295,2023년 4월 3일 14시,월요일,울산광역시 남구 삼산동,중상사고,0,1,0,0,차대차 - 측면충돌,안전운전불이행,건조,맑음,단일로 - 교량,화물,남,53세,상해없음,자전거,남,80세,중상
2023040300100335,2023년 4월 3일 15시,월요일,울산광역시 북구 명촌동,경상사고,0,0,2,1,차대차 - 측면충돌,안전운전불이행,건조,맑음,교차로 - 교차로부근,승용,여,47세,부상신고,이륜,남,35세,경상
2023040300100426,2023년 4월 3일 17시,월요일,울산광역시 동구 서부동,중상사고,0,1,0,0,차대사람 - 기타,안전운전불이행,건조,맑음,단일로 - 기타,승용,남,41세,상해없음,보행자,남,3세,중상
2023040300100478,2023년 4월 3일 18시,월요일,울산광역시 남구 선암동,경상사고,0,0,2,0,차대차 - 측면충돌,안전운전불이행,건조,맑음,단일로 - 기타,승용,여,58세,경상,승용,남,40세,경상
2023040300100544,2023년 4월 3일 20시,월요일,울산광역시 남구 삼산동,경상사고,0,0,1,0,차대차 - 기타,중앙선침범,젖음/습기,비,교차로 - 교차로부근,자전거,남,57세,상해없음,원동기,남,57세,경상
2023040400100043,2023년 4월 4일 06시,화요일,울산광역시 울주군 청량읍,중상사고,0,2,0,2,차대차 - 추돌,안전거리미확보,건조,맑음,단일로 - 기타,승용,남,54세,부상신고,특수,남,50세,중상
2023040400100247,2023년 4월 4일 13시,화요일,울산광역시 동구 주전동,경상사고,0,0,1,0,차대차 - 기타,안전운전불이행,건조,맑음,단일로 - 기타,승합,남,49세,상해없음,자전거,남,44세,경상
2023040400100248,2023년 4월 4일 13시,화요일,울산광역시 울주군 삼남읍,중상사고,0,1,0,0,차대사람 - 기타,안전운전불이행,건조,맑음,단일로 - 기타,화물,남,68세,상해없음,보행자,여,79세,중상
2023040400100249,2023년 4월 4일 13시,화요일,울산광역시 울주군 서생면,경상사고,0,0,2,0,차대차 - 측면충돌,직진우회전진행방해,건조,맑음,교차로 - 교차로안,승용,남,26세,상해없음,승합,남,57세,경상
2023040400100280,2023년 4월 4일 14시,화요일,울산광역시 중구 유곡동,경상사고,0,0,1,0,차대차 - 기타,직진우회전진행방해,건조,맑음,교차로 - 교차로안,승용,여,38세,상해없음,승용,여,53세,경상
2023040400100281,2023년 4월 4일 14시,화요일,울산광역시 남구 상개동,경상사고,0,0,1,0,차대차 - 측면충돌,안전거리미확보,건조,맑음,교차로 - 교차로안,화물,남,63세,상해없음,승용,남,69세,경상
2023040400100282,2023년 4월 4일 14시,화요일,울산광역시 동구 방어동,부상신고사고,0,0,0,1,차대사람 - 기타,안전운전불이행,건조,맑음,단일로 - 기타,승합,남,46세,상해없음,보행자,여,68세,부상신고
2023040400100304,2023년 4월 4일 15시,화요일,울산광역시 남구 삼산동,경상사고,0,0,2,0,차대차 - 정면충돌,신호위반,건조,맑음,교차로 - 교차로안,승합,남,28세,상해없음,승용,여,71세,경상
2023040400100305,2023년 4월 4일 15시,화요일,울산광역시 울주군 온산읍,경상사고,0,0,1,0,차대차 - 후진중충돌,안전운전불이행,건조,맑음,단일로 - 교량,승용,여,39세,상해없음,승용,남,55세,경상
2023040400100306,2023년 4월 4일 15시,화요일,울산광역시 울주군 삼남읍,경상사고,0,0,1,0,차량단독 - 기타,안전운전불이행,건조,맑음,단일로 - 기타,승용,남,76세,상해없음,,,,