사고번호,사고일시,요일,시군구,사고내용,사망자수,중상자수,경상자수,부상신고자수,사고유형,법규위반,노면상태,기상상태,도로형태,가해운전자 차종,가해운전자 성별,가해운전자 연령,가해운전자 상해정도,피해운전자 차종,피해운전자 성별,피해운전자 연령,피해운전자 상해정도
2023061300100510,2023년 6월 13일 18시,화요일,울산광역시 북구 산하동,중상사고,0,1,0,0,차대차 - 측면충돌,안전운전불이행,건조,맑음,교차로 - 교차로부근,이륜,남,55세,중상,화물,남,59세,상해없음
2023061300100605,2023년 6월 13일 22시,화요일,울산광역시 남구 선암동,경상사고,0,0,1,0,차대차 - 측면충돌,신호위반,건조,맑음,교차로 - 교차로안,승용,남,29세,상해없음,승용,남,42세,경상
2023061400100010,2023년 6월 14일 00시,수요일,울산광역시 남구 야음동,경상사고,0,0,1,0,차대차 - 측면충돌,안전운전불이행,건조,맑음,교차로 - 교차로안,승용,남,57세,상해없음,승용,남,42세,경상
2023061400100189,2023년 6월 14일 10시,수요일,울산광역시 울주군 온양읍,경상사고,0,0,1,0,차대차 - 측면충돌,교차로운행방법위반,건조,맑음,교차로 - 교차로안,건설기계,남,48세,상해없음,승용,여,59세,경상
2023061400100190,2023년 6월 14일 10시,수요일,울산광역시 북구 연암동,중상사고,0,3,1,0,차대차 - 측면충돌,중앙선침범,건조,맑음,교차로 - 교차로부근,승용,여,42세,중상,화물,남,46세,상해없음
2023061400100230,2023년 6월 14일 11시,수요일,울산광역시 남구 신정동,중상사고,0,1,0,0,차대차 - 정면충돌,신호위반,건조,맑음,기타 - 기타,승용,남,60세,상해없음,이륜,남,52세,중상
2023061400100266,2023년 6월 14일 12시,수요일,울산광역시 중구 서동,경상사고,0,0,2,0,차대차 - 측면충돌,안전운전불이행,건조,맑음,단일로 - 기타,화물,여,53세,경상,승용,여,50세,경상
2023061400100363,2023년 6월 14일 15시,수요일,울산광역시 북구 연암동,부상신고사고,0,0,0,1,차대차 - 측면충돌,안전운전불이행,건조,맑음,주차장 - 주차장,승용,남,47세,상해없음,자전거,남,39세,부상신고
2023061400100396,2023년 6월 14일 16시,수요일,울산광역시 중구 학성동,경상사고,0,0,2,0,차대차 - 추돌,안전운전불이행,건조,맑음,교차로 - 교차로부근,승용,여,74세,상해없음,승용,남,21세,상해없음
2023061400100451,2023년 6월 14일 17시,수요일,울산광역시 동구 방어동,중상사고,0,1,0,0,차량단독 - 공작물충돌,안전운전불이행,젖음/습기,흐림,단일로 - 기타,이륜,남,74세,상해없음,,,,
2023061400100534,2023년 6월 14일 19시,수요일,울산광역시 남구 신정동,중상사고,0,1,0,0,차대차 - 측면충돌,중앙선침범,젖음/습기,비,단일로 - 기타,화물,여,59세,상해없음,이륜,남,28세,중상
2023061400100535,2023년 6월 14일 19시,수요일,울산광역시 남구 신정동,경상사고,0,0,1,0,차대차 - 측면충돌,안전거리미확보,건조,흐림,교차로 - 교차로안,승용,여,52세,상해없음,이륜,남,51세,경상
2023061400100613,2023년 6월 14일 23시,수요일,울산광역시 동구 일산동,경상사고,0,0,1,0,차대사람 - 기타,기타,건조,맑음,단일로 - 지하차도(도로)내,승용,남,62세,상해없음,보행자,여,27세,경상
2023061400100614,2023년 6월 14일 23시,수요일,울산광역시 울주군 언양읍,중상사고,0,1,0,0,차대사람 - 차도통행중,안전운전불이행,젖음/습기,비,단일로 - 기타,화물,남,56세,상해없음,보행자,남,55세,중상
2023061500100029,2023년 6월 15일 02시,목요일,울산광역시 울주군 웅촌면,경상사고,0,0,1,0,차대차 - 기타,안전운전불이행,건조,맑음,단일로 - 기타,승용,남,25세,기타불명,승용,여,59세,경상
2023061500100056,2023년 6월 15일 06시,목요일,울산광역시 남구 선암동,경상사고,0,0,1,0,차대차 - 측면충돌,안전거리미확보,건조,맑음,교차로 - 교차로안,승용,남,53세,상해없음,승용,남,32세,경상
2023061500100086,2023년 6월 15일 07시,목요일,울산광역시 울주군 범서읍,중상사고,0,1,0,0,차대사람 - 횡단중,보행자보호의무위반,건조,맑음,교차로 - 교차로횡단보도내,승용,여,50세,상해없음,보행자,여,31세,중상
2023061500100144,2023년 6월 15일 08시,목요일,울산광역시 남구 신정동,중상사고,0,1,0,0,차대차 - 측면충돌,안전운전불이행,건조,맑음,교차로 - 교차로안,승용,남,32세,상해없음,자전거,남,15세,중상
2023061500100234,2023년 6월 15일 11시,목요일,울산광역시 동구 서부동,경상사고,0,0,1,0,차대사람 - 횡단중,안전운전불이행,건조,맑음,교차로 - 교차로부근,승용,여,47세,상해없음,보행자,여,72세,경상
2023061500100383,2023년 6월 15일 15시,목요일,울산광역시 중구 학성동,경상사고,0,0,1,0,차대사람 - 횡단중,안전운전불이행,건조,맑음,단일로 - 기타,승용,남,69세,기타불명,보행자,여,39세,경상
2023061500100384,2023년 6월 15일 15시,목요일,울산광역시 남구 야음동,중상사고,0,1,0,0,차대사람 - 횡단중,안전운전불이행,건조,맑음,단일로 - 기타,승용,남,29세,상해없음,보행자,남,9세,중상
2023061500100433,2023년 6월 15일 16시,목요일,울산광역시 남구 신정동,경상사고,0,0,1,0,차량단독 - 기타,안전운전불이행,건조,맑음,교차로 - 교차로부근,승합,남,43세,기타불명,,,,
2023061500100514,2023년 6월 15일 18시,목요일,울산광역시 북구 화봉동,경상사고,0,0,1,0,차대차 - 측면충돌,교차로운행방법위반,건조,맑음,교차로 - 교차로안,승용,여,60세,상해없음,자전거,남,14세,경상
2023061500100575,2023년 6월 15일 20시,목요일,울산광역시 남구 신정동,중상사고,0,1,0,0,차대차 - 기타,교차로운행방법위반,건조,맑음,교차로 - 교차로안,승용,여,55세,상해없음,자전거,여,56세,중상
2023061600100114,2023년 6월 16일 08시,금요일,울산광역시 울주군 웅촌면,경상사고,0,0,1,0,차대차 - 추돌,안전운전불이행,건조,맑음,단일로 - 기타,승용,남,22세,상해없음,자전거,남,31세,경상
2023061600100215,2023년 6월 16일 11시,금요일,울산광역시 울주군 청량읍,중상사고,0,1,0,0,차대차 - 추돌,안전거리미확보,건조,맑음,교차로 - 교차로부근,승용,남,72세,상해없음,승용,여,51세,중상
2023061600100337,2023년 6월 16일 14시,금요일,울산광역시 중구 유곡동,경상사고,0,0,1,0,차대차 - 측면충돌,안전운전불이행,건조,맑음,단일로 - 기타,승용,여,39세,상해없음,승용,남,69세,경상
2023061600100338,2023년 6월 16일 14시,금요일,울산광역시 울주군 서생면,경상사고,0,0,1,0,차대차 - 정면충돌,중앙선침범,건조,맑음,교차로 - 교차로부근,승용,남,60세,기타불명,화물,남,77세,경상
2023061600100382,2023년 6월 16일 15시,금요일,울산광역시 남구 고사동,경상사고,0,0,1,0,차대차 - 측면충돌,안전거리미확보,건조,맑음,단일로 - 기타,원동기,남,49세,상해없음,자전거,남,35세,경상
2023061600100383,2023년 6월 16일 15시,금요일,울산광역시 남구 달동,중상사고,0,1,1,1,차대차 - 측면충돌,신호위반,건조,맑음,교차로 - 교차로안,승용,남,76세,부상신고,승용,남,39세,경상
2023061600100436,2023년 6월 16일 16시,금요일,울산광역시 동구 화정동,중상사고,0,1,0,0,차대사람 - 횡단중,안전운전불이행,건조,맑음,교차로 - 교차로안,승용,여,62세,상해없음,보행자,여,62세,중상
2023061600100555,2023년 6월 16일 18시,금요일,울산광역시 남구 달동,경상사고,0,0,2,0,차대차 - 추돌,기타,건조,맑음,단일로 - 기타,승용,남,71세,상해없음,이륜,남,38세,경상
2023061600100597,2023년 6월 16일 19시,금요일,울산광역시 북구 신천동,중상사고,0,1,0,0,차대차 - 측면충돌,안전운전불이행,건조,맑음,교차로 - 교차로안,승용,남,51세,상해없음,이륜,남,40세,중상
2023061600100634,2023년 6월 16일 20시,금요일,울산광역시 울주군 온양읍,중상사고,0,1,0,0,차대사람 - 차도통행중,안전운전불이행,건조,맑음,교차로 - 교차로부근,승용,남,51세,상해없음,보행자,여,74세,중상
2023061600100679,2023년 6월 16일 22시,금요일,울산광역시 중구 성남동,경상사고,0,0,1,0,차대사람 - 기타,보행자보호의무위반,건조,맑음,교차로 - 교차로횡단보도내,승용,남,24세,상해없음,보행자,남,52세,경상
2023061700100013,2023년 6월 17일 00시,토요일,울산광역시 남구 삼산동,중상사고,0,1,0,0,차대차 - 측면충돌,안전거리미확보,건조,맑음,교차로 - 교차로안,승용,남,56세,상해없음,승용,남,23세,중상
2023061700100052,2023년 6월 17일 03시,토요일,울산광역시 남구 선암동,중상사고,0,1,0,0,차대차 - 추돌,안전운전불이행,건조,맑음,단일로 - 기타,이륜,남,15세,중상,이륜,남,16세,상해없음
2023061700100060,2023년 6월 17일 04시,토요일,울산광역시 북구 신천동,중상사고,0,1,0,0,차대차 - 측면충돌,안전운전불이행,건조,맑음,교차로 - 교차로부근,화물,남,68세,상해없음,이륜,남,23세,중상
2023061700100117,2023년 6월 17일 08시,토요일,울산광역시 남구 신정동,경상사고,0,0,1,0,차대차 - 측면충돌,안전운전불이행,건조,맑음,교차로 - 교차로횡단보도내,승용,남,46세,상해없음,자전거,남,65세,경상
2023061700100150,2023년 6월 17일 09시,토요일,울산광역시 남구 신정동,경상사고,0,0,1,0,차대차 - 측면충돌,신호위반,건조,맑음,단일로 - 기타,승용,남,70세,상해없음,이륜,남,65세,경상
2023061700100326,2023년 6월 17일 13시,토요일,울산광역시 중구 학성동,경상사고,0,0,1,0,차대차 - 측면충돌,안전운전불이행,건조,맑음,교차로 - 교차로부근,승용,남,50세,상해없음,자전거,남,13세,경상
2023061700100327,2023년 6월 17일 13시,토요일,울산광역시 울주군 범서읍,경상사고,0,0,2,0,차대차 - 추돌,안전운전불이행,건조,맑음,단일로 - 고가도로위,승용,남,34세,상해없음,승용,남,34세,경상
2023061700100450,2023년 6월 17일 16시,토요일,울산광역시 울주군 언양읍,중상사고,0,1,0,0,차대사람 - 기타,안전운전불이행,건조,맑음,단일로 - 기타,승합,남,46세,상해없음,보행자,여,80세,중상
2023061700100563,2023년 6월 17일 20시,토요일,울산광역시 중구 성안동,경상사고,0,0,1,0,차대차 - 측면충돌,신호위반,건조,맑음,교차로 - 교차로안,승용,여,34세,상해없음,이륜,남,69세,경상
2023061700100587,2023년 6월 17일 21시,토요일,울산광역시 북구 진장동,중상사고,0,1,0,0,차대사람 - 보도통행중,안전운전불이행,건조,맑음,교차로 - 교차로안,승용,남,69세,상해없음,보행자,남,48세,중상
2023061800100014,2023년 6월 18일 00시,일요일,울산광역시 중구 반구동,경상사고,0,0,1,1,차대차 - 측면충돌,안전거리미확보,건조,맑음,단일로 - 기타,이륜,남,36세,부상신고,승용,여,29세,경상
2023061800100015,2023년 6월 18일 00시,일요일,울산광역시 북구 호계동,경상사고,0,0,3,0,차대차 - 정면충돌,중앙선침범,건조,맑음,교차로 - 교차로부근,승용,남,30세,경상,승용,남,27세,경상
2023061800100025,2023년 6월 18일 01시,일요일,울산광역시 중구 성남동,중상사고,0,1,0,0,차대차 - 측면충돌,안전거리미확보,건조,맑음,단일로 - 기타,승용,여,19세,상해없음,승용,여,50세,중상
2023061800100071,2023년 6월 18일 07시,일요일,울산광역시 동구 전하동,중상사고,0,1,0,0,차대차 - 기타,신호위반,건조,맑음,교차로 - 교차로안,승용,남,39세,상해없음,승용,남,46세,중상
2023061800100263,2023년 6월 18일 15시,일요일,울산광역시 남구 무거동,중상사고,0,1,2,0,차대차 - 측면충돌,안전운전불이행,건조,맑음,교차로 - 교차로안,승용,여,36세,경상,승용,남,26세,중상
2023061800100324,2023년 6월 18일 17시,일요일,울산광역시 남구 신정동,경상사고,0,0,2,0,차대차 - 측면충돌,안전운전불이행,건조,맑음,교차로 - 교차로부근,승용,남,46세,상해없음,승용,남,32세,경상
2023061800100325,2023년 6월 18일 17시,일요일,울산광역시 동구 동부동,중상사고,0,1,0,0,차대차 - 측면충돌,안전운전불이행,건조,맑음,교차로 - 교차로안,이륜,남,29세,상해없음,자전거,남,15세,중상
2023061800100379,2023년 6월 18일 19시,일요일,울산광역시 북구 매곡동,경상사고,0,0,1,0,차대차 - 측면충돌,안전운전불이행,건조,맑음,교차로 - 교차로안,승용,남,46세,상해없음,이륜,남,25세,경상
2023061800100424,2023년 6월 18일 21시,일요일,울산광역시 남구 삼산동,경상사고,0,0,1,0,차대차 - 측면충돌,안전거리미확보,건조,맑음,교차로 - 교차로횡단보도내,승용,여,57세,상해없음,승용,남,61세,경상
2023061800100433,2023년 6월 18일 22시,일요일,울산광역시 북구 화봉동,경상사고,0,0,1,0,차대차 - 측면충돌,안전운전불이행,건조,맑음,교차로 - 교차로부근,승용,남,68세,상해없음,승용,남,42세,경상
2023061900100010,2023년 6월 19일 00시,월요일,울산광역시 북구 매곡동,경상사고,0,0,1,0,차대차 - 측면충돌,신호위반,건조,맑음,교차로 - 교차로안,이륜,남,27세,상해없음,자전거,남,16세,경상
2023061900100079,2023년 6월 19일 07시,월요일,울산광역시 남구 선암동,경상사고,0,0,1,0,차대차 - 측면충돌,안전운전불이행,건조,맑음,단일로 - 지하차도(도로)내,특수,남,48세,상해없음,승합,남,42세,경상
2023061900100250,2023년 6월 19일 11시,월요일,울산광역시 북구 호계동,중상사고,0,1,0,0,차대차 - 측면충돌,안전운전불이행,건조,맑음,단일로 - 기타,승용,남,55세,상해없음,자전거,여,37세,중상
2023061900100419,2023년 6월 19일 15시,월요일,울산광역시 동구 방어동,경상사고,0,0,1,0,차대차 - 추돌,안전운전불이행,건조,맑음,단일로 - 기타,이륜,남,31세,상해없음,이륜,여,50세,경상
2023061900100555,2023년 6월 19일 18시,월요일,울산광역시 북구 연암동,경상사고,0,0,1,0,차대차 - 측면충돌,보행자보호의무위반,건조,맑음,교차로 - 교차로안,승용,여,50세,상해없음,자전거,남,12세,경상
2023061900100587,2023년 6월 19일 19시,월요일,울산광역시 중구 복산동,경상사고,0,0,2,0,차대차 - 측면충돌,안전거리미확보,건조,맑음,교차로 - 교차로안,원동기,남,45세,경상,승용,남,31세,경상
2023061900100621,2023년 6월 19일 20시,월요일,울산광역시 중구 유곡동,경상사고,0,0,1,0,차대차 - 측면충돌,안전거리미확보,건조,맑음,단일로 - 기타,화물,남,63세,상해없음,승용,남,51세,경상
2023062000100105,2023년 6월 20일 08시,화요일,울산광역시 남구 옥동,중상사고,0,1,3,0,차대차 - 정면충돌,중앙선침범,건조,맑음,교차로 - 교차로부근,승용,남,82세,경상,승용,여,68세,중상
2023062000100106,2023년 6월 20일 08시,화요일,울산광역시 동구 방어동,경상사고,0,0,1,0,차대사람 - 보도통행중,보행자보호의무위반,건조,맑음,교차로 - 교차로횡단보도내,승용,남,59세,상해없음,보행자,남,12세,경상
2023062000100203,2023년 6월 20일 11시,화요일,울산광역시 남구 달동,경상사고,0,0,1,0,차대차 - 정면충돌,안전운전불이행,건조,맑음,교차로 - 교차로안,승용,여,31세,상해없음,이륜,남,32세,경상
2023062000100276,2023년 6월 20일 13시,화요일,울산광역시 중구 복산동,경상사고,0,0,1,1,차대차 - 측면충돌,안전거리미확보,건조,맑음,단일로 - 기타,승용,남,41세,부상신고,승용,남,27세,경상
2023062000100306,2023년 6월 20일 14시,화요일,울산광역시 중구 성남동,경상사고,0,0,1,0,차대사람 - 기타,신호위반,건조,맑음,교차로 - 교차로횡단보도내,승용,남,48세,상해없음,보행자,여,16세,경상
2023062000100425,2023년 6월 20일 17시,화요일,울산광역시 중구 북정동,경상사고,0,0,1,0,차대차 - 정면충돌,신호위반,건조,맑음,교차로 - 교차로안,승용,여,78세,상해없음,이륜,남,44세,경상
2023062000100426,2023년 6월 20일 17시,화요일,울산광역시 울주군 서생면,경상사고,0,0,1,0,차대차 - 정면충돌,중앙선침범,건조,맑음,단일로 - 기타,승용,남,50세,상해없음,승용,남,52세,경상
2023062000100427,2023년 6월 20일 17시,화요일,울산광역시 북구 호계동,경상사고,0,0,1,0,차대사람 - 길가장자리구역통행중,안전운전불이행,건조,맑음,단일로 - 기타,승용,남,77세,상해없음,보행자,남,61세,경상
2023062000100506,2023년 6월 20일 20시,화요일,울산광역시 울주군 청량읍,경상사고,0,0,1,0,차대차 - 추돌,안전거리미확보,건조,맑음,단일로 - 기타,승용,남,59세,상해없음,승용,남,25세,경상
2023062000100550,2023년 6월 20일 21시,화요일,울산광역시 남구 선암동,부상신고사고,0,0,0,1,차대차 - 측면충돌,교차로운행방법위반,건조,맑음,단일로 - 기타,승용,남,61세,상해없음,화물,남,53세,부상신고
2023062000100551,2023년 6월 20일 21시,화요일,울산광역시 남구 신정동,경상사고,0,0,1,0,차대차 - 기타,안전거리미확보,건조,맑음,교차로 - 교차로안,승용,여,55세,상해없음,승합,남,54세,상해없음
2023062100100016,2023년 6월 21일 00시,수요일,울산광역시 북구 진장동,중상사고,0,2,0,0,차대차 - 정면충돌,안전운전불이행,건조,맑음,교차로 - 교차로부근,승용,여,41세,중상,승용,남,40세,중상
2023062100100056,2023년 6월 21일 05시,수요일,울산광역시 울주군 온산읍,경상사고,0,0,1,0,차대차 - 정면충돌,중앙선침범,젖음/습기,비,단일로 - 기타,승용,남,35세,기타불명,승용,남,40세,경상
2023062100100079,2023년 6월 21일 07시,수요일,울산광역시 남구 용연동,경상사고,0,0,1,0,차대차 - 기타,안전운전불이행,젖음/습기,비,교차로 - 교차로부근,승합,남,75세,상해없음,승용,남,42세,경상
2023062100100080,2023년 6월 21일 07시,수요일,울산광역시 북구 효문동,경상사고,0,0,1,3,차대차 - 추돌,안전운전불이행,젖음/습기,비,교차로 - 교차로부근,승합,남,55세,부상신고,승용,남,33세,경상
2023062100100127,2023년 6월 21일 08시,수요일,울산광역시 동구 화정동,경상사고,0,0,1,0,차대차 - 기타,안전운전불이행,젖음/습기,비,단일로 - 기타,승용,남,62세,기타불명,이륜,남,25세,경상
2023062100100128,2023년 6월 21일 08시,수요일,울산광역시 북구 효문동,경상사고,0,0,1,0,차대차 - 추돌,안전운전불이행,젖음/습기,비,단일로 - 기타,화물,남,68세,상해없음,승용,여,49세,경상
2023062100100235,2023년 6월 21일 12시,수요일,울산광역시 북구 연암동,경상사고,0,0,1,0,차대차 - 측면충돌,안전운전불이행,젖음/습기,비,교차로 - 교차로안,승용,남,54세,상해없음,자전거,남,71세,경상
2023062100100271,2023년 6월 21일 13시,수요일,울산광역시 남구 여천동,경상사고,0,0,2,0,차대차 - 추돌,안전거리미확보,젖음/습기,맑음,교차로 - 교차로안,특수,남,58세,상해없음,화물,남,64세,경상
2023062100100335,2023년 6월 21일 15시,수요일,울산광역시 중구 서동,경상사고,0,0,1,0,차대사람 - 차도통행중,기타,건조,맑음,단일로 - 기타,승용,여,38세,상해없음,보행자,여,11세,경상
2023062100100360,2023년 6월 21일 16시,수요일,울산광역시 남구 신정동,경상사고,0,0,1,0,차대차 - 측면충돌,안전운전불이행,건조,맑음,교차로 - 교차로안,승용,남,30세,상해없음,화물,남,58세,경상
2023062100100399,2023년 6월 21일 17시,수요일,울산광역시 남구 삼산동,경상사고,0,0,1,0,차대차 - 측면충돌,신호위반,건조,맑음,교차로 - 교차로안,승용,남,25세,상해없음,승용,남,54세,경상
2023062100100400,2023년 6월 21일 17시,수요일,울산광역시 북구 신천동,경상사고,0,0,1,0,차대차 - 측면충돌,안전거리미확보,건조,맑음,교차로 - 교차로부근,화물,남,64세,상해없음,이륜,남,58세,경상
2023062100100442,2023년 6월 21일 18시,수요일,울산광역시 중구 다운동,중상사고,0,1,0,0,차량단독 - 기타,안전운전불이행,건조,맑음,단일로 - 기타,자전거,남,75세,중상,,,,
2023062100100487,2023년 6월 21일 20시,수요일,울산광역시 남구 무거동,중상사고,0,1,0,0,차대차 - 측면충돌,신호위반,건조,맑음,교차로 - 교차로부근,승용,남,67세,상해없음,승용,남,35세,중상
2023062100100530,2023년 6월 21일 22시,수요일,울산광역시 중구 남외동,경상사고,0,0,1,0,차대차 - 측면충돌,신호위반,건조,맑음,교차로 - 교차로부근,화물,남,45세,상해없음,승합,남,41세,경상
2023062100100545,2023년 6월 21일 23시,수요일,울산광역시 북구 호계동,중상사고,0,1,0,0,차대사람 - 길가장자리구역통행중,안전운전불이행,건조,맑음,교차로 - 교차로부근,승용,남,42세,상해없음,보행자,남,37세,중상
2023062200100011,2023년 6월 22일 00시,목요일,울산광역시 북구 호계동,경상사고,0,0,2,0,차대차 - 측면충돌,직진우회전진행방해,건조,맑음,교차로 - 교차로안,승용,남,27세,상해없음,승용,남,41세,경상
2023062200100017,2023년 6월 22일 01시,목요일,울산광역시 남구 달동,경상사고,0,0,1,0,차대차 - 측면충돌,안전운전불이행,건조,맑음,교차로 - 교차로안,승용,남,64세,상해없음,이륜,남,21세,경상
2023062200100050,2023년 6월 22일 06시,목요일,울산광역시 울주군 범서읍,중상사고,0,1,0,0,차대사람 - 기타,기타,건조,맑음,단일로 - 기타,이륜,남,55세,기타불명,보행자,여,67세,중상
2023062200100080,2023년 6월 22일 07시,목요일,울산광역시 중구 성안동,경상사고,0,0,1,0,차대차 - 측면충돌,직진우회전진행방해,건조,맑음,교차로 - 교차로안,자전거,남,81세,경상,승용,여,50세,상해없음
2023062200100161,2023년 6월 22일 09시,목요일,울산광역시 북구 산하동,중상사고,0,1,0,0,차대차 - 측면충돌,안전운전불이행,건조,맑음,단일로 - 기타,건설기계,남,68세,상해없음,승용,여,33세,중상
2023062200100183,2023년 6월 22일 10시,목요일,울산광역시 동구 화정동,중상사고,0,2,0,0,차대차 - 정면충돌,중앙선침범,건조,맑음,단일로 - 교량,화물,남,50세,중상,화물,남,37세,중상
2023062200100215,2023년 6월 22일 11시,목요일,울산광역시 울주군 청량읍,부상신고사고,0,0,0,1,차량단독 - 공작물충돌,안전운전불이행,건조,맑음,단일로 - 기타,승용,여,66세,부상신고,,,,
2023062200100243,2023년 6월 22일 12시,목요일,울산광역시 동구 화정동,경상사고,0,0,1,0,차대사람 - 횡단중,보행자보호의무위반,건조,맑음,교차로 - 교차로횡단보도내,승용,여,40세,상해없음,보행자,여,63세,경상
2023062200100273,2023년 6월 22일 13시,목요일,울산광역시 중구 약사동,경상사고,0,0,1,0,차대사람 - 횡단중,보행자보호의무위반,건조,맑음,교차로 - 교차로횡단보도내,승용,남,62세,상해없음,보행자,남,7세,경상
2023062200100274,2023년 6월 22일 13시,목요일,울산광역시 중구 반구동,경상사고,0,0,1,0,차대차 - 측면충돌,신호위반,건조,맑음,교차로 - 교차로안,승용,남,67세,상해없음,승합,남,51세,경상
2023062200100309,2023년 6월 22일 14시,목요일,울산광역시 북구 중산동,중상사고,0,1,0,0,차대차 - 후진중충돌,안전운전불이행,건조,맑음,교차로 - 교차로부근,화물,남,34세,상해없음,이륜,남,36세,중상
2023062200100430,2023년 6월 22일 17시,목요일,울산광역시 북구 송정동,중상사고,0,1,1,0,차대차 - 측면충돌,교차로운행방법위반,건조,맑음,교차로 - 교차로안,승용,남,61세,경상,승용,여,38세,중상
2023062200100488,2023년 6월 22일 18시,목요일,울산광역시 중구 남외동,부상신고사고,0,0,0,1,차대차 - 측면충돌,안전운전불이행,건조,맑음,주차장 - 주차장,승용,남,48세,부상신고,승용,여,45세,상해없음
2023062200100582,2023년 6월 22일 22시,목요일,울산광역시 중구 반구동,부상신고사고,0,0,0,1,차대차 - 측면충돌,신호위반,건조,맑음,교차로 - 교차로안,자전거,남,19세,부상신고,승용,남,49세,상해없음
2023062300100007,2023년 6월 23일 00시,금요일,울산광역시 북구 양정동,경상사고,0,0,1,0,차대차 - 추돌,안전운전불이행,건조,맑음,단일로 - 기타,승용,남,34세,상해없음,승용,남,25세,경상
2023062300100015,2023년 6월 23일 01시,금요일,울산광역시 북구 호계동,경상사고,0,0,2,0,차대사람 - 길가장자리구역통행중,안전운전불이행,건조,맑음,단일로 - 기타,승용,남,62세,상해없음,보행자,남,28세,경상
2023062300100022,2023년 6월 23일 03시,금요일,울산광역시 북구 중산동,경상사고,0,0,1,0,차대차 - 측면충돌,안전거리미확보,건조,맑음,단일로 - 기타,화물,남,44세,상해없음,승합,남,68세,경상
2023062300100071,2023년 6월 23일 07시,금요일,울산광역시 남구 신정동,중상사고,0,1,0,0,차대차 - 기타,신호위반,건조,맑음,교차로 - 교차로안,승용,여,50세,상해없음,화물,남,54세,중상
2023062300100072,2023년 6월 23일 07시,금요일,울산광역시 동구 화정동,중상사고,0,1,0,0,차대차 - 측면충돌,교차로운행방법위반,건조,맑음,교차로 - 교차로부근,승용,여,49세,상해없음,이륜,남,45세,중상
2023062300100073,2023년 6월 23일 07시,금요일,울산광역시 울주군 삼남읍,경상사고,0,0,1,0,차대차 - 측면충돌,기타,건조,맑음,단일로 - 기타,승용,남,52세,경상,화물,남,41세,상해없음
2023062300100189,2023년 6월 23일 10시,금요일,울산광역시 울주군 온산읍,경상사고,0,0,1,0,차대차 - 기타,안전운전불이행,건조,맑음,단일로 - 터널,승용,남,71세,상해없음,승용,남,43세,경상
2023062300100336,2023년 6월 23일 14시,금요일,울산광역시 남구 삼산동,부상신고사고,0,0,0,1,차대차 - 기타,안전운전불이행,건조,맑음,기타 - 기타,승용,남,54세,상해없음,자전거,남,79세,부상신고
2023062300100381,2023년 6월 23일 15시,금요일,울산광역시 남구 신정동,중상사고,0,1,0,0,차대차 - 측면충돌,직진우회전진행방해,건조,맑음,교차로 - 교차로횡단보도내,승용,여,46세,상해없음,자전거,남,76세,중상
2023062300100422,2023년 6월 23일 16시,금요일,울산광역시 북구 명촌동,중상사고,0,1,0,0,차대사람 - 횡단중,안전운전불이행,건조,맑음,단일로 - 기타,이륜,남,47세,상해없음,보행자,남,6세,중상
2023062300100576,2023년 6월 23일 19시,금요일,울산광역시 남구 삼산동,중상사고,0,1,0,0,차대사람 - 횡단중,보행자보호의무위반,건조,맑음,교차로 - 교차로횡단보도내,이륜,남,17세,상해없음,보행자,여,65세,중상
2023062300100609,2023년 6월 23일 20시,금요일,울산광역시 남구 야음동,중상사고,0,1,0,0,차대차 - 측면충돌,신호위반,건조,맑음,교차로 - 교차로안,승용,여,50세,상해없음,승용,여,50세,중상
2023062400100024,2023년 6월 24일 02시,토요일,울산광역시 남구 달동,경상사고,0,0,1,0,차대사람 - 기타,기타,건조,맑음,단일로 - 기타,승용,남,46세,상해없음,보행자,남,29세,경상
2023062400100029,2023년 6월 24일 03시,토요일,울산광역시 북구 신천동,경상사고,0,0,1,0,차량단독 - 공작물충돌,기타,건조,맑음,단일로 - 지하차도(도로)내,개인형이동수단(PM),남,24세,경상,,,,
2023062400100039,2023년 6월 24일 05시,토요일,울산광역시 울주군 온양읍,경상사고,0,0,2,0,차대차 - 기타,안전운전불이행,건조,맑음,단일로 - 기타,승용,남,33세,경상,승용,남,48세,경상
2023062400100150,2023년 6월 24일 10시,토요일,울산광역시 남구 달동,중상사고,0,1,0,0,차대차 - 측면충돌,안전거리미확보,건조,맑음,교차로 - 교차로부근,승용,남,43세,상해없음,승용,남,64세,중상
2023062400100195,2023년 6월 24일 11시,토요일,울산광역시 북구 창평동,경상사고,0,0,1,0,차대차 - 측면충돌,안전운전불이행,건조,맑음,주차장 - 주차장,승합,남,24세,상해없음,승합,남,55세,경상
2023062400100229,2023년 6월 24일 12시,토요일,울산광역시 남구 야음동,경상사고,0,0,1,0,차대차 - 측면충돌,안전운전불이행,건조,맑음,교차로 - 교차로부근,승용,남,57세,상해없음,승용,남,30세,경상
2023062400100276,2023년 6월 24일 13시,토요일,울산광역시 울주군 청량읍,경상사고,0,0,1,0,차대차 - 추돌,안전거리미확보,건조,맑음,단일로 - 기타,화물,남,40세,기타불명,승용,남,26세,경상