사고번호,사고일시,요일,시군구,사고내용,사망자수,중상자수,경상자수,부상신고자수,사고유형,법규위반,노면상태,기상상태,도로형태,가해운전자 차종,가해운전자 성별,가해운전자 연령,가해운전자 상해정도,피해운전자 차종,피해운전자 성별,피해운전자 연령,피해운전자 상해정도
2023062400100359,2023년 6월 24일 15시,토요일,울산광역시 북구 명촌동,경상사고,0,0,1,0,차대차 - 측면충돌,안전운전불이행,건조,맑음,교차로 - 교차로부근,기타불명,기타불명,미분류,기타불명,자전거,남,43세,경상
2023062400100401,2023년 6월 24일 16시,토요일,울산광역시 남구 달동,경상사고,0,0,1,0,차대차 - 측면충돌,안전거리미확보,건조,맑음,단일로 - 기타,승용,남,62세,상해없음,승용,남,67세,경상
2023062400100491,2023년 6월 24일 19시,토요일,울산광역시 울주군 범서읍,경상사고,0,0,1,0,차대차 - 측면충돌,안전운전불이행,건조,흐림,단일로 - 기타,자전거,남,18세,경상,자전거,남,49세,상해없음
2023062400100552,2023년 6월 24일 21시,토요일,울산광역시 남구 삼산동,부상신고사고,0,0,0,1,차대차 - 추돌,신호위반,건조,맑음,교차로 - 교차로안,이륜,남,35세,상해없음,이륜,남,45세,부상신고
2023062400100553,2023년 6월 24일 21시,토요일,울산광역시 남구 무거동,경상사고,0,0,1,0,차대차 - 기타,신호위반,건조,맑음,기타 - 기타,승용,남,47세,상해없음,자전거,남,52세,경상
2023062400100554,2023년 6월 24일 21시,토요일,울산광역시 북구 호계동,부상신고사고,0,0,0,1,차대사람 - 횡단중,안전운전불이행,건조,맑음,교차로 - 교차로부근,승용,남,57세,상해없음,보행자,남,54세,부상신고
2023062400100572,2023년 6월 24일 22시,토요일,울산광역시 남구 삼산동,경상사고,0,0,1,0,차대차 - 측면충돌,안전거리미확보,건조,맑음,단일로 - 기타,화물,남,63세,기타불명,승용,남,41세,경상
2023062400100573,2023년 6월 24일 22시,토요일,울산광역시 울주군 언양읍,경상사고,0,0,1,0,차대차 - 기타,안전운전불이행,건조,맑음,교차로 - 교차로안,승용,여,50세,상해없음,이륜,남,38세,경상
2023062500100009,2023년 6월 25일 00시,일요일,울산광역시 북구 송정동,경상사고,0,0,8,0,차대차 - 측면충돌,안전운전불이행,건조,맑음,단일로 - 기타,승용,남,69세,상해없음,승합,남,25세,상해없음
2023062500100020,2023년 6월 25일 01시,일요일,울산광역시 중구 남외동,경상사고,0,0,1,0,차대차 - 측면충돌,안전운전불이행,건조,맑음,단일로 - 기타,승용,남,58세,상해없음,이륜,남,64세,경상
2023062500100129,2023년 6월 25일 11시,일요일,울산광역시 울주군 두동면,경상사고,0,0,2,0,차대차 - 측면충돌,안전운전불이행,건조,맑음,단일로 - 기타,화물,남,57세,상해없음,승합,남,35세,경상
2023062500100177,2023년 6월 25일 13시,일요일,울산광역시 동구 방어동,경상사고,0,0,1,0,차대사람 - 횡단중,보행자보호의무위반,건조,맑음,교차로 - 교차로횡단보도내,승용,여,54세,상해없음,보행자,여,11세,경상
2023062500100236,2023년 6월 25일 15시,일요일,울산광역시 울주군 범서읍,경상사고,0,0,1,0,차대차 - 정면충돌,중앙선침범,건조,맑음,교차로 - 교차로부근,승용,여,61세,상해없음,승용,남,56세,경상
2023062500100260,2023년 6월 25일 16시,일요일,울산광역시 남구 신정동,경상사고,0,0,1,0,차대차 - 측면충돌,안전운전불이행,건조,맑음,교차로 - 교차로안,승용,여,42세,경상,승용,남,50세,상해없음
2023062500100419,2023년 6월 25일 22시,일요일,울산광역시 북구 창평동,경상사고,0,0,2,0,차대차 - 기타,안전운전불이행,젖음/습기,비,단일로 - 기타,승용,여,34세,상해없음,승용,남,62세,경상
2023062600100040,2023년 6월 26일 06시,월요일,울산광역시 남구 성암동,중상사고,0,1,0,0,차대차 - 추돌,안전운전불이행,젖음/습기,비,단일로 - 기타,화물,남,44세,중상,특수,남,55세,상해없음
2023062600100041,2023년 6월 26일 06시,월요일,울산광역시 남구 신정동,경상사고,0,0,1,0,차대차 - 기타,안전거리미확보,건조,맑음,단일로 - 기타,승용,여,65세,상해없음,승용,여,38세,경상
2023062600100149,2023년 6월 26일 09시,월요일,울산광역시 중구 성남동,경상사고,0,0,2,0,차대차 - 측면충돌,기타,건조,맑음,교차로 - 교차로안,승용,남,66세,경상,승용,남,38세,경상
2023062600100150,2023년 6월 26일 09시,월요일,울산광역시 남구 무거동,경상사고,0,0,1,0,차대차 - 추돌,안전거리미확보,건조,흐림,교차로 - 교차로부근,승용,여,28세,상해없음,승용,여,39세,경상
2023062600100237,2023년 6월 26일 12시,월요일,울산광역시 중구 남외동,경상사고,0,0,1,0,차대차 - 추돌,안전운전불이행,건조,맑음,단일로 - 기타,승용,여,54세,상해없음,이륜,기타불명,미분류,기타불명
2023062600100273,2023년 6월 26일 13시,월요일,울산광역시 남구 삼산동,경상사고,0,0,1,0,차대차 - 기타,안전운전불이행,건조,맑음,교차로 - 교차로부근,승용,여,45세,상해없음,승합,남,53세,상해없음
2023062600100334,2023년 6월 26일 15시,월요일,울산광역시 중구 남외동,경상사고,0,0,2,0,차대차 - 측면충돌,직진우회전진행방해,건조,맑음,교차로 - 교차로안,이륜,남,71세,경상,화물,남,45세,경상
2023062600100335,2023년 6월 26일 15시,월요일,울산광역시 동구 방어동,부상신고사고,0,0,0,1,차대차 - 측면충돌,안전운전불이행,건조,맑음,단일로 - 기타,승용,여,47세,상해없음,자전거,남,8세,부상신고
2023062600100369,2023년 6월 26일 16시,월요일,울산광역시 남구 무거동,경상사고,0,0,4,0,차대차 - 측면충돌,안전운전불이행,건조,흐림,교차로 - 교차로안,승용,남,56세,상해없음,승용,남,47세,경상
2023062600100410,2023년 6월 26일 17시,월요일,울산광역시 울주군 온산읍,경상사고,0,0,1,0,차대사람 - 기타,안전운전불이행,건조,맑음,교차로 - 교차로부근,승용,남,63세,상해없음,보행자,남,52세,경상
2023062600100411,2023년 6월 26일 17시,월요일,울산광역시 북구 호계동,중상사고,0,1,0,0,차대차 - 측면충돌,신호위반,건조,맑음,교차로 - 교차로안,승용,남,34세,상해없음,이륜,남,55세,중상
2023062600100412,2023년 6월 26일 17시,월요일,울산광역시 북구 호계동,경상사고,0,0,1,0,차대차 - 측면충돌,중앙선침범,건조,맑음,교차로 - 교차로부근,승용,남,75세,상해없음,이륜,남,28세,경상
2023062700100018,2023년 6월 27일 02시,화요일,울산광역시 남구 달동,중상사고,0,1,0,0,차대사람 - 차도통행중,안전운전불이행,젖음/습기,비,단일로 - 기타,승용,여,53세,상해없음,보행자,남,48세,중상
2023062700100116,2023년 6월 27일 09시,화요일,울산광역시 울주군 범서읍,경상사고,0,0,2,0,차대차 - 측면충돌,안전거리미확보,건조,맑음,단일로 - 기타,화물,남,57세,상해없음,승용,남,38세,경상
2023062700100140,2023년 6월 27일 09시,화요일,울산광역시 중구 약사동,경상사고,0,0,1,0,차대차 - 측면충돌,안전운전불이행,건조,맑음,교차로 - 교차로부근,승용,남,77세,상해없음,승용,남,52세,경상
2023062700100141,2023년 6월 27일 09시,화요일,울산광역시 남구 달동,부상신고사고,0,0,0,1,차대차 - 측면충돌,교차로운행방법위반,건조,맑음,교차로 - 교차로안,이륜,남,21세,부상신고,승용,여,51세,상해없음
2023062700100162,2023년 6월 27일 10시,화요일,울산광역시 울주군 웅촌면,경상사고,0,0,3,0,차대차 - 측면충돌,안전거리미확보,건조,맑음,단일로 - 기타,특수,남,50세,상해없음,승용,여,49세,경상
2023062700100232,2023년 6월 27일 12시,화요일,울산광역시 중구 남외동,경상사고,0,0,1,0,차대차 - 기타,신호위반,건조,맑음,교차로 - 교차로안,승용,여,64세,기타불명,승합,남,61세,경상
2023062700100264,2023년 6월 27일 13시,화요일,울산광역시 남구 무거동,경상사고,0,0,1,0,차대사람 - 차도통행중,안전운전불이행,건조,맑음,단일로 - 기타,화물,남,63세,기타불명,보행자,여,76세,경상
2023062700100307,2023년 6월 27일 14시,화요일,울산광역시 동구 동부동,경상사고,0,0,1,0,차대사람 - 횡단중,안전운전불이행,건조,맑음,교차로 - 교차로안,승용,여,61세,상해없음,보행자,남,71세,경상
2023062700100374,2023년 6월 27일 16시,화요일,울산광역시 남구 삼산동,중상사고,0,1,0,0,차대사람 - 횡단중,보행자보호의무위반,건조,맑음,교차로 - 교차로안,승용,남,71세,상해없음,보행자,여,72세,중상
2023062700100433,2023년 6월 27일 17시,화요일,울산광역시 북구 산하동,중상사고,0,1,1,0,차대차 - 추돌,교차로운행방법위반,건조,맑음,교차로 - 교차로안,승용,여,59세,중상,승용,여,40세,경상
2023062700100513,2023년 6월 27일 19시,화요일,울산광역시 중구 유곡동,사망사고,1,0,2,0,차대차 - 측면충돌,신호위반,건조,맑음,단일로 - 기타,이륜,남,49세,사망,승용,남,54세,경상
2023062700100569,2023년 6월 27일 21시,화요일,울산광역시 남구 신정동,경상사고,0,0,1,0,차대사람 - 횡단중,안전운전불이행,건조,맑음,교차로 - 교차로횡단보도내,승용,여,61세,상해없음,보행자,남,51세,경상
2023062800100038,2023년 6월 28일 03시,수요일,울산광역시 남구 삼산동,경상사고,0,0,3,0,차대차 - 추돌,안전운전불이행,젖음/습기,비,교차로 - 교차로부근,승용,여,28세,상해없음,승용,남,27세,경상
2023062800100113,2023년 6월 28일 08시,수요일,울산광역시 중구 옥교동,중상사고,0,1,0,0,차대차 - 측면충돌,안전운전불이행,젖음/습기,비,단일로 - 기타,화물,남,56세,상해없음,이륜,남,70세,중상
2023062800100150,2023년 6월 28일 09시,수요일,울산광역시 울주군 삼남읍,경상사고,0,0,1,0,차대차 - 기타,교차로운행방법위반,건조,맑음,교차로 - 교차로안,승용,여,56세,상해없음,승용,여,47세,경상
2023062800100207,2023년 6월 28일 11시,수요일,울산광역시 울주군 서생면,경상사고,0,0,1,0,차대차 - 기타,안전운전불이행,건조,맑음,교차로 - 교차로안,건설기계,남,45세,상해없음,승용,여,38세,경상
2023062800100264,2023년 6월 28일 13시,수요일,울산광역시 남구 무거동,경상사고,0,0,2,0,차대차 - 측면충돌,중앙선침범,건조,맑음,교차로 - 교차로부근,화물,남,50세,경상,승용,남,48세,경상
2023062800100292,2023년 6월 28일 14시,수요일,울산광역시 남구 신정동,경상사고,0,0,1,0,차대사람 - 길가장자리구역통행중,안전운전불이행,건조,맑음,교차로 - 교차로부근,승용,여,60세,상해없음,보행자,여,49세,경상
2023062800100496,2023년 6월 28일 19시,수요일,울산광역시 동구 동부동,경상사고,0,0,1,0,차대차 - 측면충돌,신호위반,젖음/습기,맑음,교차로 - 교차로부근,승용,여,70세,상해없음,이륜,남,35세,경상
2023062800100553,2023년 6월 28일 21시,수요일,울산광역시 울주군 온양읍,중상사고,0,1,0,0,차대차 - 정면충돌,중앙선침범,건조,맑음,단일로 - 기타,승용,남,50세,상해없음,승용,여,68세,중상
2023062800100569,2023년 6월 28일 22시,수요일,울산광역시 남구 신정동,중상사고,0,1,0,0,차대사람 - 횡단중,안전운전불이행,건조,맑음,교차로 - 교차로안,이륜,남,45세,기타불명,보행자,남,47세,중상
2023062900100137,2023년 6월 29일 09시,목요일,울산광역시 남구 무거동,경상사고,0,0,1,0,차대차 - 측면충돌,교차로운행방법위반,건조,맑음,교차로 - 교차로안,자전거,여,67세,경상,승용,남,68세,상해없음
2023062900100164,2023년 6월 29일 10시,목요일,울산광역시 중구 남외동,부상신고사고,0,0,0,1,차대차 - 측면충돌,차로위반,건조,맑음,단일로 - 기타,이륜,남,80세,부상신고,승용,여,37세,상해없음
2023062900100165,2023년 6월 29일 10시,목요일,울산광역시 중구 성안동,중상사고,0,1,0,0,차대사람 - 횡단중,보행자보호의무위반,건조,맑음,교차로 - 교차로안,화물,여,49세,상해없음,보행자,여,42세,중상
2023062900100323,2023년 6월 29일 14시,목요일,울산광역시 남구 신정동,중상사고,0,1,0,0,차대사람 - 횡단중,보행자보호의무위반,건조,맑음,교차로 - 교차로부근,승용,여,56세,상해없음,보행자,여,11세,중상
2023062900100394,2023년 6월 29일 16시,목요일,울산광역시 남구 옥동,경상사고,0,0,2,0,차대차 - 측면충돌,중앙선침범,건조,맑음,단일로 - 기타,승용,남,62세,상해없음,승용,남,46세,경상
2023062900100426,2023년 6월 29일 17시,목요일,울산광역시 동구 화정동,경상사고,0,0,1,0,차대차 - 측면충돌,신호위반,건조,맑음,교차로 - 교차로횡단보도내,개인형이동수단(PM),남,15세,상해없음,이륜,남,70세,경상
2023062900100427,2023년 6월 29일 17시,목요일,울산광역시 북구 진장동,경상사고,0,0,1,0,차대차 - 측면충돌,안전운전불이행,젖음/습기,비,교차로 - 교차로안,이륜,남,23세,경상,승용,남,33세,상해없음
2023062900100566,2023년 6월 29일 22시,목요일,울산광역시 남구 달동,경상사고,0,0,1,0,차대사람 - 차도통행중,안전운전불이행,건조,맑음,교차로 - 교차로부근,승용,남,36세,상해없음,보행자,남,33세,경상
2023063000100021,2023년 6월 30일 00시,금요일,울산광역시 북구 상안동,중상사고,0,1,0,0,차대차 - 정면충돌,신호위반,젖음/습기,맑음,교차로 - 교차로안,승용,남,41세,상해없음,승용,남,32세,중상
2023063000100136,2023년 6월 30일 09시,금요일,울산광역시 중구 남외동,경상사고,0,0,1,0,차대사람 - 횡단중,보행자보호의무위반,젖음/습기,비,교차로 - 교차로횡단보도내,승합,여,58세,상해없음,보행자,남,69세,경상
2023063000100386,2023년 6월 30일 17시,금요일,울산광역시 중구 다운동,경상사고,0,0,1,0,차대차 - 기타,신호위반,건조,맑음,교차로 - 교차로안,승용,여,62세,상해없음,자전거,남,10세,경상
2023063000100430,2023년 6월 30일 18시,금요일,울산광역시 남구 달동,경상사고,0,0,1,0,차대사람 - 길가장자리구역통행중,안전운전불이행,건조,맑음,단일로 - 지하차도(도로)내,승용,남,28세,상해없음,보행자,남,29세,경상
2023063000100490,2023년 6월 30일 20시,금요일,울산광역시 중구 태화동,중상사고,0,1,0,0,차대사람 - 횡단중,안전운전불이행,건조,맑음,교차로 - 교차로안,승용,여,26세,기타불명,보행자,남,62세,중상
2023070100100015,2023년 7월 1일 00시,토요일,울산광역시 남구 무거동,부상신고사고,0,0,0,1,차대사람 - 기타,안전운전불이행,건조,맑음,단일로 - 지하차도(도로)내,승용,남,47세,상해없음,보행자,남,51세,부상신고
2023070100100027,2023년 7월 1일 01시,토요일,울산광역시 중구 반구동,경상사고,0,0,1,0,차대사람 - 기타,안전운전불이행,건조,맑음,단일로 - 기타,승용,여,55세,상해없음,보행자,남,53세,경상
2023070100100042,2023년 7월 1일 02시,토요일,울산광역시 북구 상안동,경상사고,0,0,2,0,차대차 - 추돌,안전운전불이행,건조,맑음,교차로 - 교차로부근,화물,남,36세,상해없음,승용,남,63세,경상
2023070100100120,2023년 7월 1일 09시,토요일,울산광역시 중구 태화동,경상사고,0,0,1,0,차대차 - 측면충돌,안전운전불이행,건조,맑음,교차로 - 교차로안,승용,남,78세,상해없음,승용,여,41세,경상
2023070100100121,2023년 7월 1일 09시,토요일,울산광역시 남구 옥동,경상사고,0,0,1,0,차대사람 - 횡단중,보행자보호의무위반,건조,맑음,교차로 - 교차로횡단보도내,승용,여,59세,상해없음,보행자,여,40세,경상
2023070100100220,2023년 7월 1일 12시,토요일,울산광역시 남구 무거동,중상사고,0,1,0,0,차대차 - 측면충돌,안전운전불이행,건조,맑음,교차로 - 교차로안,이륜,남,41세,중상,승용,남,24세,상해없음
2023070100100255,2023년 7월 1일 13시,토요일,울산광역시 중구 남외동,경상사고,0,0,1,0,차대차 - 측면충돌,안전운전불이행,건조,맑음,단일로 - 기타,승용,남,81세,상해없음,승용,여,31세,경상
2023070100100256,2023년 7월 1일 13시,토요일,울산광역시 울주군 두서면,경상사고,0,0,2,0,차대차 - 측면충돌,안전운전불이행,건조,맑음,교차로 - 교차로부근,승용,남,79세,상해없음,승용,여,34세,경상
2023070100100391,2023년 7월 1일 16시,토요일,울산광역시 남구 상개동,경상사고,0,0,1,0,차대차 - 측면충돌,중앙선침범,건조,맑음,교차로 - 교차로부근,승용,남,22세,기타불명,승용,남,42세,경상
2023070100100392,2023년 7월 1일 16시,토요일,울산광역시 남구 신정동,경상사고,0,0,2,0,차대차 - 측면충돌,안전운전불이행,건조,맑음,단일로 - 기타,자전거,남,71세,경상,자전거,남,29세,경상
2023070200100050,2023년 7월 2일 06시,일요일,울산광역시 남구 삼산동,중상사고,0,1,0,0,차대차 - 측면충돌,신호위반,건조,맑음,교차로 - 교차로안,승용,여,41세,상해없음,이륜,남,72세,중상
2023070200100178,2023년 7월 2일 13시,일요일,울산광역시 중구 유곡동,경상사고,0,0,1,0,차대차 - 측면충돌,신호위반,건조,맑음,교차로 - 교차로안,승용,남,74세,상해없음,승용,남,31세,경상
2023070200100327,2023년 7월 2일 19시,일요일,울산광역시 북구 천곡동,경상사고,0,0,2,0,차대차 - 기타,기타,건조,맑음,단일로 - 지하차도(도로)내,승합,남,61세,상해없음,이륜,남,24세,경상
2023070200100346,2023년 7월 2일 20시,일요일,울산광역시 울주군 범서읍,중상사고,0,1,1,0,차대차 - 측면충돌,신호위반,건조,맑음,단일로 - 기타,승용,남,60세,경상,원동기,남,29세,중상
2023070300100007,2023년 7월 3일 00시,월요일,울산광역시 중구 서동,경상사고,0,0,4,0,차대차 - 측면충돌,신호위반,건조,맑음,교차로 - 교차로안,승용,여,50세,경상,승용,여,65세,경상
2023070300100296,2023년 7월 3일 13시,월요일,울산광역시 동구 서부동,중상사고,0,2,0,0,차대차 - 측면충돌,신호위반,건조,맑음,교차로 - 교차로안,이륜,남,71세,중상,승용,여,27세,중상
2023070300100297,2023년 7월 3일 13시,월요일,울산광역시 울주군 언양읍,경상사고,0,0,1,0,차량단독 - 기타,안전운전불이행,건조,맑음,기타 - 기타,승합,남,43세,상해없음,,,,
2023070300100298,2023년 7월 3일 13시,월요일,울산광역시 북구 송정동,경상사고,0,0,1,0,차대차 - 후진중충돌,안전운전불이행,건조,맑음,단일로 - 기타,화물,남,40세,상해없음,이륜,남,26세,경상
2023070300100339,2023년 7월 3일 14시,월요일,울산광역시 울주군 온산읍,사망사고,1,0,0,0,차대차 - 기타,안전운전불이행,건조,맑음,교차로 - 교차로안,화물,남,64세,사망,승용,여,57세,상해없음
2023070300100406,2023년 7월 3일 16시,월요일,울산광역시 남구 삼산동,경상사고,0,0,1,0,차대차 - 측면충돌,직진우회전진행방해,건조,맑음,교차로 - 교차로안,승용,남,63세,상해없음,이륜,남,49세,경상
2023070400100015,2023년 7월 4일 00시,화요일,울산광역시 북구 효문동,사망사고,1,0,0,0,차대사람 - 횡단중,기타,건조,맑음,단일로 - 기타,승용,남,27세,상해없음,보행자,남,56세,사망
2023070400100016,2023년 7월 4일 00시,화요일,울산광역시 북구 염포동,경상사고,0,0,1,0,차대사람 - 횡단중,보행자보호의무위반,건조,맑음,교차로 - 교차로횡단보도내,승용,남,54세,상해없음,보행자,남,27세,경상
2023070400100139,2023년 7월 4일 08시,화요일,울산광역시 중구 서동,경상사고,0,0,1,0,차대사람 - 횡단중,안전운전불이행,건조,맑음,교차로 - 교차로부근,승용,여,40세,상해없음,보행자,남,7세,경상
2023070400100249,2023년 7월 4일 12시,화요일,울산광역시 남구 신정동,경상사고,0,0,1,0,차대사람 - 횡단중,안전운전불이행,건조,맑음,교차로 - 교차로횡단보도내,승용,여,38세,상해없음,보행자,남,68세,경상
2023070400100275,2023년 7월 4일 13시,화요일,울산광역시 중구 성안동,중상사고,0,1,0,0,차대사람 - 횡단중,보행자보호의무위반,건조,맑음,교차로 - 교차로횡단보도내,승합,남,54세,상해없음,보행자,남,75세,중상
2023070400100284,2023년 7월 4일 14시,화요일,울산광역시 울주군 청량읍,중상사고,0,2,1,0,차대차 - 추돌,안전거리미확보,건조,맑음,단일로 - 기타,승용,여,33세,상해없음,화물,남,45세,중상
2023070400100508,2023년 7월 4일 19시,화요일,울산광역시 중구 동동,경상사고,0,0,2,0,차대차 - 측면충돌,신호위반,젖음/습기,맑음,교차로 - 교차로안,승용,여,51세,경상,승용,남,62세,경상
2023070400100550,2023년 7월 4일 20시,화요일,울산광역시 남구 달동,부상신고사고,0,0,0,1,차대사람 - 차도통행중,안전운전불이행,건조,맑음,단일로 - 기타,기타불명,기타불명,미분류,기타불명,보행자,여,58세,부상신고
2023070400100629,2023년 7월 4일 23시,화요일,울산광역시 동구 전하동,경상사고,0,0,1,0,차대사람 - 횡단중,보행자보호의무위반,건조,맑음,교차로 - 교차로횡단보도내,승용,여,52세,상해없음,보행자,여,56세,경상
2023070400100630,2023년 7월 4일 23시,화요일,울산광역시 북구 연암동,경상사고,0,0,3,0,차대차 - 추돌,안전운전불이행,젖음/습기,비,교차로 - 교차로부근,승용,남,37세,경상,승용,남,51세,경상
2023070400100631,2023년 7월 4일 23시,화요일,울산광역시 북구 연암동,경상사고,0,0,1,0,차대차 - 추돌,안전운전불이행,건조,맑음,교차로 - 교차로부근,승용,여,24세,상해없음,승용,여,66세,경상
2023070500100048,2023년 7월 5일 06시,수요일,울산광역시 중구 반구동,중상사고,0,1,2,0,차대차 - 측면충돌,신호위반,젖음/습기,비,교차로 - 교차로안,원동기,남,63세,중상,화물,남,75세,경상
2023070500100061,2023년 7월 5일 07시,수요일,울산광역시 중구 반구동,경상사고,0,0,1,0,차대사람 - 길가장자리구역통행중,안전운전불이행,젖음/습기,맑음,단일로 - 기타,승용,여,47세,상해없음,보행자,여,16세,경상
2023070500100106,2023년 7월 5일 08시,수요일,울산광역시 동구 전하동,중상사고,0,1,0,0,차대차 - 기타,신호위반,건조,맑음,교차로 - 교차로안,승용,남,31세,상해없음,이륜,남,63세,중상
2023070500100171,2023년 7월 5일 10시,수요일,울산광역시 남구 무거동,경상사고,0,0,1,0,차대사람 - 횡단중,보행자보호의무위반,건조,맑음,단일로 - 기타,승용,남,75세,상해없음,보행자,여,78세,경상
2023070500100212,2023년 7월 5일 11시,수요일,울산광역시 북구 연암동,중상사고,0,1,0,0,차대차 - 측면충돌,직진우회전진행방해,건조,맑음,교차로 - 교차로안,승용,남,53세,상해없음,이륜,남,65세,중상
2023070500100237,2023년 7월 5일 12시,수요일,울산광역시 동구 화정동,경상사고,0,0,1,0,차대차 - 측면충돌,안전운전불이행,건조,맑음,단일로 - 지하차도(도로)내,이륜,남,38세,경상,승용,여,42세,상해없음
2023070500100332,2023년 7월 5일 15시,수요일,울산광역시 중구 반구동,경상사고,0,0,1,0,차대차 - 기타,교차로운행방법위반,건조,맑음,교차로 - 교차로안,승용,남,26세,상해없음,이륜,남,32세,경상
2023070500100333,2023년 7월 5일 15시,수요일,울산광역시 울주군 온산읍,경상사고,0,0,1,0,차대사람 - 기타,안전운전불이행,건조,맑음,단일로 - 기타,승용,여,40세,상해없음,보행자,여,74세,경상
2023070500100334,2023년 7월 5일 15시,수요일,울산광역시 북구 호계동,중상사고,0,1,0,0,차대차 - 측면충돌,중앙선침범,건조,맑음,단일로 - 지하차도(도로)내,승용,남,31세,상해없음,이륜,남,49세,중상
2023070500100374,2023년 7월 5일 16시,수요일,울산광역시 울주군 언양읍,중상사고,0,1,0,0,차대차 - 측면충돌,직진우회전진행방해,건조,맑음,교차로 - 교차로안,승용,여,36세,상해없음,자전거,남,78세,중상
2023070500100457,2023년 7월 5일 18시,수요일,울산광역시 중구 반구동,부상신고사고,0,0,0,1,차대차 - 측면충돌,안전운전불이행,건조,맑음,단일로 - 기타,이륜,남,49세,부상신고,승용,남,38세,상해없음
2023070500100458,2023년 7월 5일 18시,수요일,울산광역시 남구 무거동,경상사고,0,0,1,3,차대차 - 측면충돌,안전거리미확보,건조,맑음,단일로 - 기타,승용,남,66세,상해없음,승용,남,21세,경상
2023070500100573,2023년 7월 5일 23시,수요일,울산광역시 울주군 범서읍,경상사고,0,0,1,1,차대차 - 측면충돌,안전운전불이행,건조,맑음,교차로 - 교차로부근,승용,남,54세,상해없음,승용,여,29세,경상
2023070600100052,2023년 7월 6일 06시,목요일,울산광역시 남구 삼산동,경상사고,0,0,1,0,차대차 - 측면충돌,신호위반,건조,맑음,교차로 - 교차로부근,승용,남,56세,상해없음,이륜,남,36세,경상
2023070600100139,2023년 7월 6일 08시,목요일,울산광역시 중구 성안동,경상사고,0,0,1,0,차대사람 - 기타,안전운전불이행,건조,맑음,교차로 - 교차로안,화물,남,41세,상해없음,보행자,여,11세,경상
2023070600100208,2023년 7월 6일 10시,목요일,울산광역시 북구 명촌동,경상사고,0,0,1,0,차대차 - 측면충돌,안전거리미확보,건조,맑음,단일로 - 기타,화물,남,54세,상해없음,승용,남,43세,경상
2023070600100243,2023년 7월 6일 11시,목요일,울산광역시 남구 선암동,경상사고,0,0,1,0,차대차 - 측면충돌,안전거리미확보,건조,맑음,단일로 - 기타,승용,남,68세,상해없음,승용,여,40세,경상
2023070600100305,2023년 7월 6일 14시,목요일,울산광역시 울주군 온양읍,경상사고,0,0,1,0,차대차 - 추돌,안전운전불이행,건조,맑음,단일로 - 기타,승용,남,52세,상해없음,화물,남,67세,경상
2023070600100328,2023년 7월 6일 14시,목요일,울산광역시 남구 신정동,경상사고,0,0,2,0,차대차 - 정면충돌,안전운전불이행,건조,맑음,교차로 - 교차로부근,이륜,남,28세,경상,이륜,남,47세,경상
2023070600100356,2023년 7월 6일 15시,목요일,울산광역시 북구 천곡동,경상사고,0,0,1,0,차대차 - 측면충돌,안전운전불이행,건조,맑음,교차로 - 교차로부근,자전거,남,17세,경상,이륜,남,45세,상해없음
2023070600100502,2023년 7월 6일 19시,목요일,울산광역시 북구 염포동,중상사고,0,1,0,0,차대차 - 추돌,안전운전불이행,건조,맑음,단일로 - 지하차도(도로)내,이륜,남,30세,상해없음,자전거,남,50세,중상
2023070600100544,2023년 7월 6일 21시,목요일,울산광역시 남구 달동,경상사고,0,0,1,0,차대사람 - 보도통행중,안전운전불이행,건조,맑음,기타 - 기타,개인형이동수단(PM),남,21세,상해없음,보행자,여,53세,경상
2023070700100120,2023년 7월 7일 08시,금요일,울산광역시 울주군 상북면,중상사고,0,1,1,0,차대차 - 추돌,안전운전불이행,건조,맑음,단일로 - 기타,승합,남,27세,중상,승용,남,28세,상해없음
2023070700100121,2023년 7월 7일 08시,금요일,울산광역시 북구 상안동,경상사고,0,0,1,0,차대차 - 기타,안전거리미확보,건조,맑음,단일로 - 기타,승용,남,69세,기타불명,이륜,남,70세,경상
2023070700100179,2023년 7월 7일 10시,금요일,울산광역시 북구 진장동,경상사고,0,0,1,0,차대사람 - 차도통행중,안전운전불이행,건조,맑음,주차장 - 주차장,승용,여,54세,상해없음,보행자,여,45세,경상
2023070700100221,2023년 7월 7일 11시,금요일,울산광역시 중구 반구동,중상사고,0,1,0,0,차대차 - 정면충돌,안전운전불이행,건조,맑음,단일로 - 기타,승용,남,49세,상해없음,자전거,남,54세,중상
2023070700100329,2023년 7월 7일 14시,금요일,울산광역시 동구 방어동,경상사고,0,0,1,0,차대차 - 추돌,안전거리미확보,젖음/습기,비,단일로 - 터널,승합,남,66세,상해없음,승합,남,64세,상해없음
2023070700100330,2023년 7월 7일 14시,금요일,울산광역시 북구 매곡동,경상사고,0,0,1,0,차대차 - 정면충돌,중앙선침범,젖음/습기,비,단일로 - 고가도로위,승용,여,57세,상해없음,승용,여,61세,경상
2023070700100419,2023년 7월 7일 16시,금요일,울산광역시 중구 유곡동,경상사고,0,0,2,0,차대차 - 측면충돌,안전운전불이행,젖음/습기,맑음,단일로 - 기타,승용,남,68세,상해없음,승용,여,43세,경상
2023070700100420,2023년 7월 7일 16시,금요일,울산광역시 남구 신정동,경상사고,0,0,1,0,차대차 - 추돌,안전거리미확보,젖음/습기,비,교차로 - 교차로부근,승용,여,29세,상해없음,승용,남,44세,경상