사고번호,사고일시,요일,시군구,사고내용,사망자수,중상자수,경상자수,부상신고자수,사고유형,법규위반,노면상태,기상상태,도로형태,가해운전자 차종,가해운전자 성별,가해운전자 연령,가해운전자 상해정도,피해운전자 차종,피해운전자 성별,피해운전자 연령,피해운전자 상해정도
2023070700100421,2023년 7월 7일 16시,금요일,울산광역시 동구 방어동,중상사고,0,1,1,0,차대차 - 측면충돌,신호위반,젖음/습기,흐림,교차로 - 교차로안,이륜,남,17세,중상,승용,여,39세,경상
2023070700100422,2023년 7월 7일 16시,금요일,울산광역시 울주군 온양읍,경상사고,0,0,1,0,차대차 - 추돌,안전거리미확보,젖음/습기,비,단일로 - 기타,화물,남,27세,상해없음,화물,남,57세,경상
2023070700100423,2023년 7월 7일 16시,금요일,울산광역시 울주군 온산읍,경상사고,0,0,2,0,차대차 - 측면충돌,중앙선침범,건조,맑음,교차로 - 교차로부근,승용,여,41세,상해없음,승용,남,35세,경상
2023070700100424,2023년 7월 7일 16시,금요일,울산광역시 울주군 삼남읍,경상사고,0,0,1,0,차대차 - 추돌,안전거리미확보,젖음/습기,맑음,교차로 - 교차로부근,화물,남,59세,상해없음,승용,여,60세,경상
2023070700100425,2023년 7월 7일 16시,금요일,울산광역시 북구 신천동,경상사고,0,0,1,0,차대사람 - 횡단중,보행자보호의무위반,젖음/습기,비,교차로 - 교차로횡단보도내,이륜,남,47세,상해없음,보행자,여,24세,경상
2023070700100481,2023년 7월 7일 17시,금요일,울산광역시 남구 신정동,경상사고,0,0,2,0,차대차 - 측면충돌,안전거리미확보,젖음/습기,비,단일로 - 기타,승용,여,46세,상해없음,승용,남,84세,경상
2023070700100482,2023년 7월 7일 17시,금요일,울산광역시 울주군 온양읍,부상신고사고,0,0,0,1,차대차 - 측면충돌,교차로운행방법위반,젖음/습기,비,교차로 - 교차로안,이륜,남,43세,부상신고,승용,남,49세,상해없음
2023070700100483,2023년 7월 7일 17시,금요일,울산광역시 북구 진장동,중상사고,0,1,0,0,차대차 - 측면충돌,안전거리미확보,젖음/습기,비,교차로 - 교차로부근,승용,여,65세,상해없음,이륜,남,29세,중상
2023070700100529,2023년 7월 7일 18시,금요일,울산광역시 북구 명촌동,경상사고,0,0,1,0,차대차 - 측면충돌,안전거리미확보,젖음/습기,비,단일로 - 기타,승용,남,33세,상해없음,승용,남,65세,경상
2023070700100596,2023년 7월 7일 20시,금요일,울산광역시 북구 진장동,중상사고,0,2,0,0,차대사람 - 길가장자리구역통행중,안전운전불이행,젖음/습기,비,교차로 - 교차로안,승용,남,37세,상해없음,보행자,여,64세,중상
2023070700100652,2023년 7월 7일 22시,금요일,울산광역시 중구 우정동,경상사고,0,0,1,0,차대사람 - 횡단중,안전운전불이행,건조,맑음,단일로 - 기타,이륜,남,56세,상해없음,보행자,남,66세,경상
2023070700100653,2023년 7월 7일 22시,금요일,울산광역시 남구 무거동,경상사고,0,0,1,0,차대차 - 기타,안전운전불이행,젖음/습기,비,단일로 - 기타,이륜,남,16세,경상,승용,남,54세,기타불명
2023070800100018,2023년 7월 8일 00시,토요일,울산광역시 북구 화봉동,부상신고사고,0,0,0,1,차대사람 - 횡단중,보행자보호의무위반,건조,맑음,교차로 - 교차로횡단보도내,승용,여,30세,상해없음,보행자,남,61세,부상신고
2023070800100099,2023년 7월 8일 08시,토요일,울산광역시 남구 옥동,경상사고,0,0,3,0,차대차 - 추돌,안전운전불이행,젖음/습기,흐림,교차로 - 교차로부근,승용,남,76세,상해없음,승용,남,36세,경상
2023070800100153,2023년 7월 8일 10시,토요일,울산광역시 남구 야음동,경상사고,0,0,1,0,차대차 - 측면충돌,안전거리미확보,건조,맑음,교차로 - 교차로부근,화물,남,53세,상해없음,승용,여,70세,경상
2023070800100287,2023년 7월 8일 14시,토요일,울산광역시 동구 방어동,경상사고,0,0,1,0,차대차 - 기타,안전운전불이행,젖음/습기,비,교차로 - 교차로안,승용,남,66세,상해없음,이륜,남,46세,경상
2023070800100321,2023년 7월 8일 15시,토요일,울산광역시 울주군 상북면,경상사고,0,0,1,0,차대차 - 측면충돌,신호위반,젖음/습기,비,교차로 - 교차로안,화물,남,49세,상해없음,자전거,여,58세,경상
2023070800100352,2023년 7월 8일 16시,토요일,울산광역시 남구 여천동,경상사고,0,0,1,0,차대차 - 추돌,안전운전불이행,젖음/습기,비,단일로 - 기타,화물,남,38세,상해없음,승용,여,50세,경상
2023070800100389,2023년 7월 8일 17시,토요일,울산광역시 북구 연암동,경상사고,0,0,1,0,차대차 - 측면충돌,안전거리미확보,건조,맑음,단일로 - 고가도로위,승용,남,75세,상해없음,이륜,남,30세,경상
2023070800100417,2023년 7월 8일 18시,토요일,울산광역시 남구 신정동,경상사고,0,0,1,0,차대차 - 측면충돌,신호위반,젖음/습기,비,교차로 - 교차로안,승용,남,65세,상해없음,승용,남,51세,경상
2023070800100497,2023년 7월 8일 21시,토요일,울산광역시 남구 삼산동,중상사고,0,1,0,0,차대차 - 측면충돌,신호위반,젖음/습기,흐림,교차로 - 교차로안,승용,남,61세,상해없음,이륜,남,51세,중상
2023070800100516,2023년 7월 8일 22시,토요일,울산광역시 남구 신정동,경상사고,0,0,2,0,차대차 - 측면충돌,안전거리미확보,건조,흐림,단일로 - 기타,승용,남,56세,상해없음,승용,여,61세,경상
2023070800100540,2023년 7월 8일 23시,토요일,울산광역시 울주군 언양읍,경상사고,0,0,1,0,차대차 - 측면충돌,직진우회전진행방해,건조,맑음,교차로 - 교차로안,기타불명,기타불명,미분류,기타불명,승용,남,58세,상해없음
2023070900100021,2023년 7월 9일 01시,일요일,울산광역시 중구 반구동,중상사고,0,1,0,0,차량단독 - 전도전복 - 전도,안전운전불이행,건조,맑음,교차로 - 교차로안,개인형이동수단(PM),남,23세,중상,,,,
2023070900100064,2023년 7월 9일 08시,일요일,울산광역시 남구 무거동,중상사고,0,1,0,0,차대사람 - 기타,안전운전불이행,젖음/습기,비,단일로 - 기타,개인형이동수단(PM),남,22세,상해없음,보행자,남,63세,중상
2023070900100157,2023년 7월 9일 12시,일요일,울산광역시 남구 무거동,경상사고,0,0,1,0,차대차 - 측면충돌,안전운전불이행,건조,맑음,교차로 - 교차로안,승용,남,41세,상해없음,승용,남,51세,경상
2023070900100335,2023년 7월 9일 19시,일요일,울산광역시 동구 화정동,경상사고,0,0,1,0,차대차 - 측면충돌,안전운전불이행,건조,맑음,교차로 - 교차로안,승용,남,61세,상해없음,이륜,남,57세,경상
2023071000100108,2023년 7월 10일 08시,월요일,울산광역시 남구 삼산동,중상사고,0,1,0,0,차대사람 - 횡단중,보행자보호의무위반,건조,맑음,단일로 - 기타,승용,남,26세,상해없음,보행자,여,33세,중상
2023071000100109,2023년 7월 10일 08시,월요일,울산광역시 북구 명촌동,경상사고,0,0,2,0,차대차 - 기타,안전운전불이행,건조,맑음,단일로 - 기타,승용,여,68세,상해없음,승용,남,53세,상해없음
2023071000100164,2023년 7월 10일 10시,월요일,울산광역시 북구 염포동,경상사고,0,0,1,0,차대차 - 측면충돌,안전운전불이행,건조,맑음,교차로 - 교차로부근,화물,남,51세,상해없음,승용,여,46세,경상
2023071000100187,2023년 7월 10일 11시,월요일,울산광역시 남구 신정동,경상사고,0,0,1,0,차대차 - 측면충돌,안전거리미확보,건조,맑음,교차로 - 교차로안,건설기계,남,40세,상해없음,승용,여,58세,경상
2023071000100316,2023년 7월 10일 15시,월요일,울산광역시 북구 명촌동,경상사고,0,0,1,0,차대차 - 측면충돌,기타,건조,맑음,교차로 - 교차로부근,화물,남,40세,상해없음,승용,남,63세,상해없음
2023071000100352,2023년 7월 10일 16시,월요일,울산광역시 남구 달동,중상사고,0,1,0,0,차대차 - 추돌,안전운전불이행,건조,맑음,교차로 - 교차로부근,승합,남,55세,상해없음,승용,여,39세,중상
2023071000100510,2023년 7월 10일 20시,월요일,울산광역시 남구 신정동,경상사고,0,0,1,0,차대차 - 추돌,안전운전불이행,건조,맑음,교차로 - 교차로부근,승용,여,44세,상해없음,승용,남,55세,경상
2023071100100011,2023년 7월 11일 00시,화요일,울산광역시 남구 달동,중상사고,0,1,0,0,차량단독 - 전도전복 - 전도,안전거리미확보,건조,맑음,교차로 - 교차로안,개인형이동수단(PM),남,35세,중상,,,,
2023071100100053,2023년 7월 11일 06시,화요일,울산광역시 남구 선암동,경상사고,0,0,1,0,차대차 - 기타,신호위반,건조,맑음,교차로 - 교차로안,승용,남,73세,상해없음,승용,남,34세,경상
2023071100100129,2023년 7월 11일 08시,화요일,울산광역시 중구 반구동,중상사고,0,1,0,0,차대사람 - 차도통행중,안전운전불이행,건조,맑음,단일로 - 기타,승용,남,61세,상해없음,보행자,여,57세,중상
2023071100100402,2023년 7월 11일 16시,화요일,울산광역시 남구 무거동,중상사고,0,1,2,0,차대차 - 측면충돌,신호위반,젖음/습기,비,교차로 - 교차로안,승용,여,22세,중상,특수,남,60세,경상
2023071100100403,2023년 7월 11일 16시,화요일,울산광역시 북구 송정동,경상사고,0,0,1,0,차대차 - 측면충돌,안전거리미확보,젖음/습기,비,단일로 - 지하차도(도로)내,화물,남,56세,상해없음,승용,여,47세,경상
2023071100100440,2023년 7월 11일 17시,화요일,울산광역시 동구 방어동,경상사고,0,0,1,1,차대차 - 측면충돌,직진우회전진행방해,건조,맑음,교차로 - 교차로안,승용,남,47세,부상신고,승용,여,50세,경상
2023071100100488,2023년 7월 11일 18시,화요일,울산광역시 남구 신정동,경상사고,0,0,1,0,차대차 - 측면충돌,교차로운행방법위반,건조,맑음,교차로 - 교차로안,화물,남,62세,상해없음,승합,남,53세,경상
2023071100100489,2023년 7월 11일 18시,화요일,울산광역시 동구 전하동,경상사고,0,0,1,0,차대사람 - 길가장자리구역통행중,안전운전불이행,건조,흐림,교차로 - 교차로부근,승용,여,63세,상해없음,보행자,여,12세,경상
2023071100100572,2023년 7월 11일 21시,화요일,울산광역시 중구 학산동,경상사고,0,0,1,0,차대차 - 측면충돌,직진우회전진행방해,건조,맑음,교차로 - 교차로안,승용,여,59세,상해없음,이륜,남,41세,경상
2023071100100573,2023년 7월 11일 21시,화요일,울산광역시 중구 약사동,중상사고,0,1,0,0,차대사람 - 횡단중,보행자보호의무위반,젖음/습기,흐림,교차로 - 교차로횡단보도내,승용,남,63세,상해없음,보행자,남,46세,중상
2023071100100606,2023년 7월 11일 23시,화요일,울산광역시 동구 전하동,경상사고,0,0,1,0,차대사람 - 횡단중,보행자보호의무위반,건조,맑음,교차로 - 교차로횡단보도내,승용,남,67세,상해없음,보행자,여,16세,경상
2023071100100607,2023년 7월 11일 23시,화요일,울산광역시 울주군 청량읍,중상사고,0,1,0,0,차대사람 - 기타,보행자보호의무위반,건조,흐림,교차로 - 교차로안,승용,여,43세,상해없음,보행자,여,26세,중상
2023071200100212,2023년 7월 12일 12시,수요일,울산광역시 울주군 삼남읍,경상사고,0,0,1,2,차대차 - 측면충돌,안전운전불이행,건조,맑음,교차로 - 교차로안,승용,여,63세,경상,승용,남,63세,부상신고
2023071200100232,2023년 7월 12일 13시,수요일,울산광역시 울주군 삼동면,중상사고,0,1,0,1,차대차 - 정면충돌,중앙선침범,건조,흐림,단일로 - 기타,승용,남,63세,상해없음,화물,남,47세,중상
2023071200100438,2023년 7월 12일 18시,수요일,울산광역시 남구 신정동,중상사고,0,1,0,0,차대차 - 측면충돌,안전운전불이행,건조,맑음,교차로 - 교차로안,승용,남,55세,상해없음,이륜,남,42세,중상
2023071200100467,2023년 7월 12일 19시,수요일,울산광역시 동구 전하동,경상사고,0,0,1,0,차대차 - 측면충돌,신호위반,건조,맑음,교차로 - 교차로횡단보도내,승용,남,48세,상해없음,자전거,남,43세,경상
2023071200100544,2023년 7월 12일 22시,수요일,울산광역시 북구 호계동,중상사고,0,1,0,0,차대차 - 정면충돌,안전운전불이행,건조,맑음,교차로 - 교차로안,승용,남,34세,상해없음,이륜,남,53세,중상
2023071300100042,2023년 7월 13일 05시,목요일,울산광역시 남구 황성동,경상사고,0,0,1,0,차대차 - 추돌,안전운전불이행,건조,맑음,단일로 - 기타,승용,남,52세,상해없음,승용,남,48세,경상
2023071300100324,2023년 7월 13일 16시,목요일,울산광역시 남구 삼산동,경상사고,0,0,1,0,차대차 - 측면충돌,안전거리미확보,건조,맑음,단일로 - 기타,승용,남,54세,상해없음,이륜,남,25세,경상
2023071300100325,2023년 7월 13일 16시,목요일,울산광역시 울주군 청량읍,중상사고,0,1,0,0,차대차 - 측면충돌,안전거리미확보,젖음/습기,비,단일로 - 기타,승용,남,84세,기타불명,승합,남,47세,중상
2023071300100357,2023년 7월 13일 17시,목요일,울산광역시 남구 삼산동,경상사고,0,0,2,0,차대차 - 추돌,안전거리미확보,건조,흐림,교차로 - 교차로부근,승용,남,54세,상해없음,승용,남,29세,경상
2023071300100545,2023년 7월 13일 23시,목요일,울산광역시 동구 화정동,경상사고,0,0,1,0,차대사람 - 횡단중,보행자보호의무위반,건조,맑음,교차로 - 교차로횡단보도내,이륜,남,51세,상해없음,보행자,남,23세,경상
2023071400100014,2023년 7월 14일 00시,금요일,울산광역시 중구 남외동,경상사고,0,0,1,0,차대차 - 기타,신호위반,건조,맑음,교차로 - 교차로부근,승용,남,47세,상해없음,이륜,남,30세,경상
2023071400100015,2023년 7월 14일 00시,금요일,울산광역시 동구 화정동,경상사고,0,0,3,0,차대차 - 정면충돌,안전운전불이행,건조,맑음,교차로 - 교차로안,승용,남,25세,상해없음,승용,남,51세,경상
2023071400100123,2023년 7월 14일 08시,금요일,울산광역시 남구 신정동,경상사고,0,0,1,0,차대차 - 기타,안전거리미확보,젖음/습기,비,교차로 - 교차로부근,승용,남,65세,상해없음,승합,남,39세,상해없음
2023071400100141,2023년 7월 14일 09시,금요일,울산광역시 울주군 청량읍,경상사고,0,0,2,0,차대차 - 추돌,안전거리미확보,젖음/습기,비,단일로 - 기타,승용,여,52세,상해없음,승용,여,53세,경상
2023071400100233,2023년 7월 14일 12시,금요일,울산광역시 동구 서부동,경상사고,0,0,1,0,차대차 - 추돌,안전거리미확보,젖음/습기,비,교차로 - 교차로안,승용,남,70세,상해없음,이륜,남,44세,경상
2023071400100266,2023년 7월 14일 13시,금요일,울산광역시 북구 연암동,중상사고,0,1,0,0,차대차 - 측면충돌,직진우회전진행방해,건조,맑음,교차로 - 교차로안,화물,남,60세,상해없음,이륜,남,19세,중상
2023071400100410,2023년 7월 14일 17시,금요일,울산광역시 중구 약사동,중상사고,0,1,1,0,차대차 - 측면충돌,중앙선침범,젖음/습기,흐림,단일로 - 기타,화물,남,29세,중상,승합,남,36세,경상
2023071400100411,2023년 7월 14일 17시,금요일,울산광역시 북구 효문동,경상사고,0,0,3,0,차대차 - 측면충돌,안전운전불이행,건조,맑음,단일로 - 기타,승합,남,31세,경상,승용,남,62세,경상
2023071400100459,2023년 7월 14일 18시,금요일,울산광역시 울주군 웅촌면,경상사고,0,0,1,0,차대차 - 측면충돌,중앙선침범,건조,맑음,단일로 - 기타,화물,남,57세,상해없음,화물,남,53세,경상
2023071400100488,2023년 7월 14일 19시,금요일,울산광역시 중구 동동,경상사고,0,0,1,0,차대차 - 측면충돌,안전운전불이행,젖음/습기,흐림,단일로 - 기타,승용,남,71세,상해없음,승용,여,55세,경상
2023071400100489,2023년 7월 14일 19시,금요일,울산광역시 남구 신정동,중상사고,0,1,0,0,차대차 - 정면충돌,신호위반,건조,맑음,교차로 - 교차로안,승용,여,29세,상해없음,승용,여,43세,중상
2023071400100577,2023년 7월 14일 22시,금요일,울산광역시 남구 삼산동,경상사고,0,0,2,0,차대차 - 정면충돌,신호위반,건조,맑음,교차로 - 교차로안,승용,남,63세,상해없음,승용,여,46세,경상
2023071500100030,2023년 7월 15일 01시,토요일,울산광역시 울주군 삼남읍,경상사고,0,0,1,0,차대차 - 추돌,안전운전불이행,젖음/습기,비,기타 - 기타,승용,남,37세,상해없음,승용,여,58세,경상
2023071500100069,2023년 7월 15일 04시,토요일,울산광역시 동구 일산동,중상사고,0,1,0,0,차대차 - 기타,교차로운행방법위반,건조,맑음,교차로 - 교차로안,승용,남,75세,상해없음,이륜,남,72세,중상
2023071500100195,2023년 7월 15일 11시,토요일,울산광역시 남구 삼산동,경상사고,0,0,1,0,차대차 - 측면충돌,안전거리미확보,건조,맑음,단일로 - 기타,이륜,남,32세,경상,승용,남,43세,상해없음
2023071500100221,2023년 7월 15일 12시,토요일,울산광역시 중구 반구동,경상사고,0,0,1,0,차대사람 - 횡단중,보행자보호의무위반,건조,맑음,교차로 - 교차로횡단보도내,이륜,남,28세,상해없음,보행자,남,5세,경상
2023071500100222,2023년 7월 15일 12시,토요일,울산광역시 중구 북정동,경상사고,0,0,3,0,차대차 - 측면충돌,신호위반,건조,맑음,교차로 - 교차로안,승용,남,67세,경상,승용,남,44세,경상
2023071500100223,2023년 7월 15일 12시,토요일,울산광역시 중구 복산동,경상사고,0,0,3,0,차대차 - 측면충돌,신호위반,건조,맑음,교차로 - 교차로안,승용,여,70세,경상,승용,남,69세,경상
2023071500100224,2023년 7월 15일 12시,토요일,울산광역시 울주군 웅촌면,경상사고,0,0,2,0,차대차 - 기타,안전운전불이행,건조,맑음,단일로 - 기타,승용,남,57세,상해없음,승용,남,53세,경상
2023071500100256,2023년 7월 15일 13시,토요일,울산광역시 남구 신정동,경상사고,0,0,1,0,차대차 - 측면충돌,신호위반,건조,맑음,교차로 - 교차로안,승용,여,58세,상해없음,승용,여,66세,경상
2023071500100349,2023년 7월 15일 16시,토요일,울산광역시 울주군 범서읍,경상사고,0,0,1,0,차대차 - 측면충돌,안전운전불이행,건조,흐림,단일로 - 기타,승합,남,29세,상해없음,승용,남,64세,경상
2023071500100410,2023년 7월 15일 18시,토요일,울산광역시 울주군 서생면,사망사고,1,0,0,0,차대사람 - 기타,안전운전불이행,건조,맑음,교차로 - 교차로안,승용,남,42세,상해없음,보행자,여,89세,사망
2023071500100411,2023년 7월 15일 18시,토요일,울산광역시 울주군 범서읍,경상사고,0,0,1,0,차대차 - 측면충돌,안전운전불이행,건조,맑음,단일로 - 기타,승용,여,55세,기타불명,이륜,남,65세,경상
2023071500100444,2023년 7월 15일 20시,토요일,울산광역시 울주군 온양읍,경상사고,0,0,2,0,차대차 - 추돌,안전운전불이행,건조,맑음,단일로 - 기타,승용,남,33세,상해없음,승용,남,28세,경상
2023071500100465,2023년 7월 15일 20시,토요일,울산광역시 중구 성안동,중상사고,0,1,0,1,차대차 - 추돌,안전운전불이행,건조,맑음,교차로 - 교차로부근,이륜,남,32세,부상신고,승용,남,52세,중상
2023071500100525,2023년 7월 15일 22시,토요일,울산광역시 중구 태화동,경상사고,0,0,5,1,차대차 - 추돌,안전운전불이행,건조,맑음,단일로 - 기타,승용,여,59세,경상,승용,남,64세,경상
2023071600100024,2023년 7월 16일 01시,일요일,울산광역시 울주군 청량읍,경상사고,0,0,1,0,차대차 - 정면충돌,중앙선침범,건조,맑음,단일로 - 기타,승용,남,43세,상해없음,승용,남,21세,경상
2023071600100088,2023년 7월 16일 09시,일요일,울산광역시 중구 학성동,중상사고,0,1,0,0,차대사람 - 횡단중,보행자보호의무위반,젖음/습기,비,교차로 - 교차로안,승용,여,47세,상해없음,보행자,남,43세,중상
2023071600100105,2023년 7월 16일 10시,일요일,울산광역시 울주군 상북면,경상사고,0,0,1,0,차량단독 - 공작물충돌,안전운전불이행,젖음/습기,비,단일로 - 기타,승용,여,63세,경상,,,,
2023071600100197,2023년 7월 16일 14시,일요일,울산광역시 북구 명촌동,경상사고,0,0,4,0,차대차 - 측면충돌,안전거리미확보,젖음/습기,비,교차로 - 교차로부근,승용,남,49세,상해없음,승용,남,45세,경상
2023071600100239,2023년 7월 16일 16시,일요일,울산광역시 울주군 온산읍,경상사고,0,0,1,0,차량단독 - 공작물충돌,안전운전불이행,젖음/습기,비,단일로 - 기타,승용,남,49세,경상,,,,
2023071600100240,2023년 7월 16일 16시,일요일,울산광역시 울주군 상북면,중상사고,0,1,0,0,차량단독 - 전도전복 - 전복,안전운전불이행,젖음/습기,비,단일로 - 기타,화물,남,77세,중상,,,,
2023071600100275,2023년 7월 16일 18시,일요일,울산광역시 북구 명촌동,부상신고사고,0,0,0,1,차대차 - 측면충돌,기타,건조,맑음,교차로 - 교차로안,승용,남,44세,부상신고,승합,남,38세,상해없음
2023071600100316,2023년 7월 16일 20시,일요일,울산광역시 남구 달동,경상사고,0,0,1,0,차대차 - 측면충돌,안전운전불이행,젖음/습기,비,교차로 - 교차로안,승용,여,28세,상해없음,이륜,남,45세,경상
2023071600100349,2023년 7월 16일 22시,일요일,울산광역시 남구 달동,경상사고,0,0,2,0,차대차 - 정면충돌,중앙선침범,젖음/습기,비,교차로 - 교차로안,승용,남,56세,상해없음,승용,여,45세,경상
2023071700100049,2023년 7월 17일 06시,월요일,울산광역시 남구 여천동,중상사고,0,1,0,0,차대차 - 측면충돌,신호위반,건조,맑음,교차로 - 교차로안,승용,남,42세,상해없음,승용,남,35세,중상
2023071700100050,2023년 7월 17일 06시,월요일,울산광역시 울주군 범서읍,중상사고,0,1,1,0,차대차 - 추돌,안전거리미확보,건조,맑음,단일로 - 기타,승합,남,68세,상해없음,승용,남,56세,중상
2023071700100078,2023년 7월 17일 07시,월요일,울산광역시 북구 송정동,경상사고,0,0,2,0,차대차 - 추돌,안전운전불이행,건조,맑음,단일로 - 교량,화물,남,39세,경상,승용,남,78세,경상
2023071700100162,2023년 7월 17일 09시,월요일,울산광역시 남구 여천동,경상사고,0,0,2,0,차대차 - 추돌,안전거리미확보,건조,맑음,교차로 - 교차로안,화물,남,31세,상해없음,승용,남,41세,경상
2023071700100163,2023년 7월 17일 09시,월요일,울산광역시 남구 무거동,경상사고,0,0,1,0,차대차 - 측면충돌,안전거리미확보,건조,맑음,교차로 - 교차로안,승용,남,65세,상해없음,승용,남,46세,경상
2023071700100164,2023년 7월 17일 09시,월요일,울산광역시 울주군 온양읍,중상사고,0,1,0,0,차대차 - 정면충돌,중앙선침범,젖음/습기,비,단일로 - 기타,특수,남,54세,기타불명,승용,여,56세,중상
2023071700100195,2023년 7월 17일 10시,월요일,울산광역시 남구 삼산동,경상사고,0,0,1,0,차대차 - 추돌,안전운전불이행,건조,맑음,단일로 - 기타,승용,남,76세,경상,승용,남,75세,상해없음
2023071700100196,2023년 7월 17일 10시,월요일,울산광역시 남구 달동,중상사고,0,1,2,0,차대차 - 기타,신호위반,건조,맑음,교차로 - 교차로안,승용,여,38세,경상,승용,남,66세,경상
2023071700100218,2023년 7월 17일 11시,월요일,울산광역시 울주군 온양읍,부상신고사고,0,0,0,1,차량단독 - 공작물충돌,안전운전불이행,건조,맑음,단일로 - 기타,승용,여,30세,부상신고,,,,
2023071700100280,2023년 7월 17일 13시,월요일,울산광역시 남구 무거동,경상사고,0,0,1,0,차대차 - 정면충돌,직진우회전진행방해,건조,맑음,교차로 - 교차로안,승용,여,59세,상해없음,승용,남,30세,경상
2023071700100319,2023년 7월 17일 14시,월요일,울산광역시 동구 서부동,경상사고,0,0,2,0,차대차 - 측면충돌,안전운전불이행,건조,맑음,교차로 - 교차로안,이륜,남,67세,경상,승용,여,31세,경상
2023071700100417,2023년 7월 17일 17시,월요일,울산광역시 남구 달동,경상사고,0,0,1,0,차대차 - 측면충돌,안전운전불이행,건조,맑음,교차로 - 교차로부근,승용,남,30세,기타불명,승용,남,48세,경상
2023071700100418,2023년 7월 17일 17시,월요일,울산광역시 동구 화정동,사망사고,1,0,0,0,차대차 - 기타,안전운전불이행,건조,흐림,교차로 - 교차로부근,승용,남,60세,상해없음,개인형이동수단(PM),남,72세,사망
2023071700100468,2023년 7월 17일 18시,월요일,울산광역시 중구 옥교동,중상사고,0,1,0,0,차대차 - 측면충돌,안전거리미확보,건조,맑음,단일로 - 교량,승용,남,66세,상해없음,이륜,남,62세,중상
2023071700100469,2023년 7월 17일 18시,월요일,울산광역시 남구 무거동,경상사고,0,0,1,0,차대사람 - 기타,안전운전불이행,건조,맑음,단일로 - 기타,승용,여,56세,상해없음,보행자,남,15세,경상
2023071800100017,2023년 7월 18일 00시,화요일,울산광역시 중구 성안동,중상사고,0,1,0,0,차량단독 - 기타,안전운전불이행,젖음/습기,흐림,교차로 - 교차로안,기타불명,남,44세,중상,,,,
2023071800100072,2023년 7월 18일 07시,화요일,울산광역시 북구 호계동,경상사고,0,0,2,0,차대차 - 측면충돌,교차로운행방법위반,건조,맑음,교차로 - 교차로안,화물,남,49세,경상,승용,여,34세,경상
2023071800100146,2023년 7월 18일 09시,화요일,울산광역시 중구 성안동,중상사고,0,1,0,0,차대사람 - 차도통행중,안전운전불이행,젖음/습기,비,교차로 - 교차로횡단보도내,승용,여,28세,상해없음,보행자,여,82세,중상
2023071800100296,2023년 7월 18일 14시,화요일,울산광역시 남구 삼산동,경상사고,0,0,2,0,차대차 - 측면충돌,안전운전불이행,젖음/습기,비,단일로 - 기타,승용,여,64세,상해없음,승용,남,30세,경상
2023071800100360,2023년 7월 18일 16시,화요일,울산광역시 남구 무거동,부상신고사고,0,0,0,1,차대차 - 추돌,안전운전불이행,젖음/습기,비,단일로 - 지하차도(도로)내,기타불명,기타불명,미분류,기타불명,화물,남,66세,부상신고
2023071800100468,2023년 7월 18일 19시,화요일,울산광역시 남구 야음동,중상사고,0,1,0,0,차대사람 - 보도통행중,안전운전불이행,젖음/습기,비,교차로 - 교차로횡단보도내,승용,남,29세,상해없음,보행자,남,39세,중상
2023071800100489,2023년 7월 18일 20시,화요일,울산광역시 울주군 온양읍,경상사고,0,0,1,0,차대차 - 기타,중앙선침범,건조,맑음,기타 - 기타,승용,남,36세,기타불명,승용,남,52세,경상
2023071800100516,2023년 7월 18일 21시,화요일,울산광역시 중구 성남동,경상사고,0,0,1,0,차대차 - 추돌,안전운전불이행,젖음/습기,비,교차로 - 교차로부근,승용,여,42세,상해없음,이륜,남,55세,경상
2023071900100009,2023년 7월 19일 00시,수요일,울산광역시 남구 상개동,경상사고,0,0,1,0,차대차 - 추돌,안전거리미확보,젖음/습기,비,단일로 - 기타,화물,남,66세,상해없음,승용,남,46세,경상
2023071900100010,2023년 7월 19일 00시,수요일,울산광역시 북구 화봉동,중상사고,0,1,0,0,차대차 - 추돌,안전운전불이행,젖음/습기,흐림,단일로 - 지하차도(도로)내,이륜,남,56세,상해없음,이륜,남,56세,중상
2023071900100054,2023년 7월 19일 06시,수요일,울산광역시 동구 방어동,경상사고,0,0,1,0,차대차 - 측면충돌,안전운전불이행,젖음/습기,맑음,교차로 - 교차로안,화물,여,54세,상해없음,이륜,남,52세,경상
2023071900100124,2023년 7월 19일 08시,수요일,울산광역시 중구 성안동,중상사고,0,1,0,0,차량단독 - 공작물충돌,안전운전불이행,건조,맑음,단일로 - 기타,승용,여,61세,중상,,,,
2023071900100125,2023년 7월 19일 08시,수요일,울산광역시 북구 신천동,중상사고,0,1,0,0,차대차 - 측면충돌,안전운전불이행,건조,맑음,교차로 - 교차로안,이륜,남,36세,중상,승용,남,53세,상해없음
2023071900100159,2023년 7월 19일 09시,수요일,울산광역시 중구 다운동,중상사고,0,1,0,0,차대차 - 측면충돌,중앙선침범,건조,맑음,교차로 - 교차로부근,승용,여,63세,상해없음,이륜,남,52세,중상
2023071900100195,2023년 7월 19일 10시,수요일,울산광역시 북구 호계동,중상사고,0,1,2,0,차대차 - 추돌,안전운전불이행,건조,맑음,교차로 - 교차로부근,화물,남,30세,경상,승용,남,59세,경상
2023071900100237,2023년 7월 19일 11시,수요일,울산광역시 남구 신정동,경상사고,0,0,3,0,차대차 - 측면충돌,안전거리미확보,건조,맑음,단일로 - 기타,승용,여,52세,상해없음,승합,남,32세,상해없음