사고번호,사고일시,요일,시군구,사고내용,사망자수,중상자수,경상자수,부상신고자수,사고유형,법규위반,노면상태,기상상태,도로형태,가해운전자 차종,가해운전자 성별,가해운전자 연령,가해운전자 상해정도,피해운전자 차종,피해운전자 성별,피해운전자 연령,피해운전자 상해정도
2023071900100238,2023년 7월 19일 11시,수요일,울산광역시 북구 양정동,중상사고,0,1,0,0,차량단독 - 공작물충돌,안전운전불이행,건조,맑음,교차로 - 교차로부근,이륜,남,50세,중상,,,,
2023071900100274,2023년 7월 19일 12시,수요일,울산광역시 북구 호계동,중상사고,0,1,0,0,차량단독 - 전도전복 - 전도,안전운전불이행,건조,맑음,교차로 - 교차로부근,이륜,남,59세,중상,,,,
2023071900100337,2023년 7월 19일 14시,수요일,울산광역시 중구 옥교동,중상사고,0,1,2,0,차대차 - 기타,안전운전불이행,건조,맑음,단일로 - 교량,화물,남,70세,상해없음,화물,여,61세,중상
2023071900100338,2023년 7월 19일 14시,수요일,울산광역시 남구 달동,경상사고,0,0,1,0,차대차 - 추돌,안전운전불이행,건조,맑음,단일로 - 기타,승용,남,55세,상해없음,승용,남,51세,경상
2023071900100421,2023년 7월 19일 16시,수요일,울산광역시 중구 교동,경상사고,0,0,1,0,차대사람 - 횡단중,안전운전불이행,건조,맑음,단일로 - 기타,이륜,남,20세,상해없음,보행자,남,38세,경상
2023071900100466,2023년 7월 19일 17시,수요일,울산광역시 중구 성남동,경상사고,0,0,1,0,차대사람 - 횡단중,보행자보호의무위반,건조,맑음,단일로 - 기타,승용,여,45세,상해없음,보행자,남,37세,경상
2023071900100467,2023년 7월 19일 17시,수요일,울산광역시 북구 양정동,경상사고,0,0,1,0,차대차 - 측면충돌,교차로운행방법위반,건조,맑음,교차로 - 교차로안,자전거,남,58세,경상,화물,남,50세,상해없음
2023071900100567,2023년 7월 19일 20시,수요일,울산광역시 울주군 삼동면,중상사고,0,2,0,0,차대차 - 측면충돌,직진우회전진행방해,건조,맑음,교차로 - 교차로안,승용,남,60세,상해없음,승용,남,55세,중상
2023072000100108,2023년 7월 20일 08시,목요일,울산광역시 남구 야음동,경상사고,0,0,1,0,차대차 - 측면충돌,교차로운행방법위반,건조,맑음,교차로 - 교차로안,승용,여,44세,기타불명,화물,남,56세,경상
2023072000100253,2023년 7월 20일 12시,목요일,울산광역시 남구 신정동,경상사고,0,0,1,0,차대사람 - 보도통행중,안전운전불이행,건조,맑음,기타 - 기타,승용,남,64세,상해없음,보행자,여,67세,경상
2023072000100286,2023년 7월 20일 13시,목요일,울산광역시 중구 학성동,경상사고,0,0,1,0,차대차 - 측면충돌,직진우회전진행방해,건조,맑음,교차로 - 교차로안,자전거,여,59세,경상,승용,남,64세,상해없음
2023072000100287,2023년 7월 20일 13시,목요일,울산광역시 울주군 서생면,사망사고,1,0,0,0,차량단독 - 전도전복 - 전복,안전운전불이행,건조,맑음,기타 - 기타,사륜오토바이(ATV),남,79세,사망,,,,
2023072000100488,2023년 7월 20일 18시,목요일,울산광역시 남구 선암동,경상사고,0,0,1,0,차대차 - 측면충돌,신호위반,건조,맑음,교차로 - 교차로부근,이륜,남,70세,기타불명,승용,여,58세,경상
2023072000100489,2023년 7월 20일 18시,목요일,울산광역시 남구 신정동,경상사고,0,0,1,0,차대차 - 측면충돌,안전거리미확보,건조,맑음,교차로 - 교차로안,승용,여,63세,상해없음,승용,남,27세,경상
2023072000100490,2023년 7월 20일 18시,목요일,울산광역시 울주군 온산읍,경상사고,0,0,1,0,차대차 - 측면충돌,안전운전불이행,건조,흐림,교차로 - 교차로부근,승합,남,61세,상해없음,승용,남,29세,경상
2023072000100576,2023년 7월 20일 22시,목요일,울산광역시 울주군 언양읍,경상사고,0,0,1,0,차대사람 - 횡단중,신호위반,건조,맑음,교차로 - 교차로횡단보도내,승합,남,56세,상해없음,보행자,남,23세,경상
2023072100100115,2023년 7월 21일 08시,금요일,울산광역시 동구 방어동,중상사고,0,1,0,0,차대차 - 측면충돌,안전운전불이행,건조,맑음,교차로 - 교차로부근,승용,여,33세,상해없음,이륜,남,43세,중상
2023072100100143,2023년 7월 21일 09시,금요일,울산광역시 울주군 온양읍,중상사고,0,1,0,0,차대차 - 측면충돌,안전운전불이행,건조,맑음,교차로 - 교차로안,승합,여,48세,상해없음,이륜,남,70세,중상
2023072100100293,2023년 7월 21일 13시,금요일,울산광역시 북구 화봉동,경상사고,0,0,1,0,차대차 - 추돌,안전거리미확보,건조,맑음,교차로 - 교차로부근,화물,남,51세,상해없음,승용,여,58세,경상
2023072100100385,2023년 7월 21일 15시,금요일,울산광역시 북구 연암동,중상사고,0,1,0,0,차대차 - 추돌,안전운전불이행,건조,맑음,단일로 - 지하차도(도로)내,화물,남,51세,상해없음,이륜,남,34세,중상
2023072100100427,2023년 7월 21일 16시,금요일,울산광역시 동구 일산동,중상사고,0,1,0,0,차대차 - 기타,안전운전불이행,건조,맑음,단일로 - 기타,승용,남,41세,상해없음,이륜,남,37세,중상
2023072100100493,2023년 7월 21일 17시,금요일,울산광역시 중구 교동,경상사고,0,0,2,0,차대사람 - 기타,안전운전불이행,건조,맑음,교차로 - 교차로부근,이륜,남,71세,경상,보행자,남,17세,경상
2023072100100494,2023년 7월 21일 17시,금요일,울산광역시 남구 무거동,경상사고,0,0,3,0,차대차 - 측면충돌,안전운전불이행,건조,맑음,단일로 - 기타,승용,남,23세,상해없음,승합,남,33세,상해없음
2023072100100549,2023년 7월 21일 18시,금요일,울산광역시 북구 명촌동,경상사고,0,0,1,1,차대차 - 추돌,안전운전불이행,건조,맑음,교차로 - 교차로부근,승용,여,40세,부상신고,승용,여,41세,경상
2023072100100580,2023년 7월 21일 19시,금요일,울산광역시 북구 산하동,경상사고,0,0,2,0,차대사람 - 횡단중,신호위반,건조,맑음,교차로 - 교차로횡단보도내,이륜,남,39세,경상,보행자,여,9세,경상
2023072100100692,2023년 7월 21일 23시,금요일,울산광역시 북구 화봉동,경상사고,0,0,2,0,차대차 - 측면충돌,교차로운행방법위반,건조,맑음,교차로 - 교차로부근,승용,남,67세,상해없음,승합,남,45세,경상
2023072200100034,2023년 7월 22일 02시,토요일,울산광역시 동구 일산동,경상사고,0,0,1,0,차대차 - 측면충돌,안전운전불이행,건조,맑음,단일로 - 기타,승용,남,44세,상해없음,이륜,남,30세,경상
2023072200100101,2023년 7월 22일 08시,토요일,울산광역시 중구 남외동,경상사고,0,0,3,0,차대차 - 측면충돌,신호위반,건조,맑음,교차로 - 교차로안,승용,여,32세,상해없음,승용,남,64세,경상
2023072200100213,2023년 7월 22일 11시,토요일,울산광역시 동구 동부동,경상사고,0,0,2,0,차대차 - 측면충돌,안전거리미확보,건조,맑음,단일로 - 기타,승용,남,68세,경상,건설기계,남,39세,경상
2023072200100214,2023년 7월 22일 11시,토요일,울산광역시 울주군 웅촌면,경상사고,0,0,1,0,차대차 - 기타,신호위반,건조,맑음,교차로 - 교차로안,화물,남,68세,상해없음,승용,여,63세,경상
2023072200100334,2023년 7월 22일 15시,토요일,울산광역시 중구 태화동,경상사고,0,0,3,0,차대차 - 측면충돌,안전거리미확보,건조,맑음,단일로 - 기타,승용,남,75세,경상,승용,남,30세,경상
2023072300100081,2023년 7월 23일 09시,일요일,울산광역시 남구 여천동,경상사고,0,0,1,0,차대차 - 측면충돌,신호위반,건조,맑음,교차로 - 교차로안,화물,남,49세,상해없음,승용,남,21세,경상
2023072300100122,2023년 7월 23일 11시,일요일,울산광역시 북구 창평동,경상사고,0,0,1,0,차대사람 - 기타,안전운전불이행,건조,맑음,단일로 - 기타,화물,남,63세,상해없음,보행자,남,35세,경상
2023072300100147,2023년 7월 23일 12시,일요일,울산광역시 북구 화봉동,경상사고,0,0,1,0,차대차 - 측면충돌,안전운전불이행,건조,맑음,교차로 - 교차로부근,승용,여,37세,상해없음,이륜,남,33세,경상
2023072300100187,2023년 7월 23일 14시,일요일,울산광역시 울주군 온산읍,중상사고,0,2,1,0,차대차 - 측면충돌,안전거리미확보,건조,맑음,단일로 - 기타,화물,남,28세,상해없음,승용,여,83세,중상
2023072300100248,2023년 7월 23일 16시,일요일,울산광역시 남구 삼산동,경상사고,0,0,1,0,차대차 - 기타,신호위반,건조,맑음,교차로 - 교차로안,화물,남,75세,상해없음,승용,남,38세,경상
2023072300100265,2023년 7월 23일 17시,일요일,울산광역시 울주군 언양읍,경상사고,0,0,1,0,차대차 - 측면충돌,기타,건조,맑음,단일로 - 기타,승용,남,64세,상해없음,승용,남,39세,경상
2023072300100360,2023년 7월 23일 21시,일요일,울산광역시 울주군 언양읍,중상사고,0,1,0,0,차대사람 - 횡단중,보행자보호의무위반,건조,맑음,교차로 - 교차로횡단보도내,승용,여,60세,상해없음,보행자,여,50세,중상
2023072400100010,2023년 7월 24일 00시,월요일,울산광역시 남구 달동,경상사고,0,0,1,0,차대사람 - 차도통행중,안전운전불이행,젖음/습기,흐림,교차로 - 교차로부근,승용,여,29세,상해없음,보행자,남,31세,경상
2023072400100111,2023년 7월 24일 08시,월요일,울산광역시 울주군 온산읍,중상사고,0,1,0,0,차대차 - 정면충돌,안전운전불이행,건조,맑음,교차로 - 교차로안,승용,여,54세,상해없음,화물,남,50세,중상
2023072400100171,2023년 7월 24일 10시,월요일,울산광역시 중구 태화동,경상사고,0,0,2,0,차대차 - 기타,안전거리미확보,건조,맑음,단일로 - 기타,승합,남,40세,상해없음,승용,남,63세,상해없음
2023072400100326,2023년 7월 24일 14시,월요일,울산광역시 울주군 언양읍,중상사고,0,1,2,0,차대차 - 측면충돌,중앙선침범,젖음/습기,비,단일로 - 기타,승용,남,64세,경상,승용,여,52세,경상
2023072400100363,2023년 7월 24일 15시,월요일,울산광역시 남구 삼산동,중상사고,0,1,0,0,차대차 - 측면충돌,교차로운행방법위반,건조,맑음,교차로 - 교차로안,승용,남,61세,상해없음,원동기,남,33세,중상
2023072400100364,2023년 7월 24일 15시,월요일,울산광역시 울주군 웅촌면,부상신고사고,0,0,0,1,차대차 - 측면충돌,안전거리미확보,젖음/습기,비,단일로 - 기타,승용,남,55세,부상신고,승용,여,70세,상해없음
2023072400100382,2023년 7월 24일 16시,월요일,울산광역시 울주군 삼남읍,중상사고,0,1,0,0,차대차 - 기타,안전거리미확보,젖음/습기,비,단일로 - 기타,화물,남,43세,중상,특수,남,48세,상해없음
2023072400100406,2023년 7월 24일 16시,월요일,울산광역시 남구 신정동,경상사고,0,0,1,0,차대사람 - 횡단중,안전운전불이행,건조,맑음,교차로 - 교차로부근,이륜,남,38세,상해없음,보행자,여,76세,경상
2023072400100446,2023년 7월 24일 17시,월요일,울산광역시 중구 남외동,경상사고,0,0,1,0,차대차 - 측면충돌,안전운전불이행,건조,맑음,단일로 - 기타,승용,여,25세,상해없음,자전거,남,13세,경상
2023072400100447,2023년 7월 24일 17시,월요일,울산광역시 북구 염포동,경상사고,0,0,1,0,차대차 - 측면충돌,신호위반,건조,맑음,교차로 - 교차로부근,승용,남,35세,상해없음,이륜,남,45세,경상
2023072400100588,2023년 7월 24일 22시,월요일,울산광역시 북구 효문동,경상사고,0,0,2,0,차대차 - 추돌,기타,건조,맑음,교차로 - 교차로부근,승용,남,55세,상해없음,이륜,남,17세,경상
2023072400100606,2023년 7월 24일 23시,월요일,울산광역시 북구 화봉동,경상사고,0,0,1,0,차대차 - 추돌,안전운전불이행,건조,맑음,단일로 - 기타,이륜,남,61세,경상,승용,남,46세,상해없음
2023072500100134,2023년 7월 25일 09시,화요일,울산광역시 중구 유곡동,중상사고,0,1,0,0,차대차 - 정면충돌,안전운전불이행,건조,맑음,단일로 - 기타,승용,여,45세,상해없음,자전거,남,62세,중상
2023072500100268,2023년 7월 25일 13시,화요일,울산광역시 동구 방어동,사망사고,1,2,0,0,차대차 - 측면충돌,중앙선침범,건조,맑음,단일로 - 기타,승용,남,50세,사망,승용,남,64세,중상
2023072500100367,2023년 7월 25일 16시,화요일,울산광역시 울주군 온산읍,중상사고,0,1,0,0,차대차 - 측면충돌,안전거리미확보,건조,맑음,단일로 - 기타,화물,남,65세,상해없음,승용,남,22세,중상
2023072500100400,2023년 7월 25일 17시,화요일,울산광역시 남구 달동,경상사고,0,0,1,0,차대사람 - 횡단중,신호위반,건조,맑음,기타 - 기타,승용,남,67세,상해없음,보행자,남,8세,경상
2023072500100435,2023년 7월 25일 18시,화요일,울산광역시 중구 약사동,중상사고,0,1,0,0,차대사람 - 기타,안전운전불이행,건조,맑음,교차로 - 교차로부근,건설기계,남,52세,상해없음,보행자,여,14세,중상
2023072500100436,2023년 7월 25일 18시,화요일,울산광역시 남구 야음동,중상사고,0,1,0,0,차대차 - 정면충돌,안전운전불이행,건조,맑음,단일로 - 기타,화물,남,23세,상해없음,이륜,남,48세,중상
2023072500100437,2023년 7월 25일 18시,화요일,울산광역시 울주군 언양읍,중상사고,0,1,0,0,차대차 - 측면충돌,안전운전불이행,건조,맑음,교차로 - 교차로안,승용,여,64세,상해없음,이륜,남,45세,중상
2023072500100438,2023년 7월 25일 18시,화요일,울산광역시 북구 중산동,중상사고,0,1,0,0,차대차 - 측면충돌,안전운전불이행,건조,맑음,단일로 - 기타,화물,남,62세,상해없음,승용,여,55세,중상
2023072500100512,2023년 7월 25일 21시,화요일,울산광역시 북구 송정동,중상사고,0,1,0,0,차대차 - 정면충돌,교차로운행방법위반,건조,맑음,교차로 - 교차로안,자전거,남,15세,중상,승용,여,30세,상해없음
2023072600100013,2023년 7월 26일 01시,수요일,울산광역시 울주군 온산읍,경상사고,0,0,2,0,차대차 - 측면충돌,신호위반,건조,맑음,교차로 - 교차로안,이륜,남,16세,경상,승용,남,38세,경상
2023072600100043,2023년 7월 26일 06시,수요일,울산광역시 동구 방어동,중상사고,0,1,1,0,차대차 - 기타,안전운전불이행,건조,맑음,교차로 - 교차로부근,승용,여,54세,상해없음,이륜,남,24세,중상
2023072600100160,2023년 7월 26일 10시,수요일,울산광역시 중구 반구동,경상사고,0,0,2,0,차대차 - 추돌,안전운전불이행,건조,맑음,단일로 - 기타,승용,남,78세,상해없음,승용,남,45세,경상
2023072600100161,2023년 7월 26일 10시,수요일,울산광역시 중구 옥교동,중상사고,0,1,0,1,차대사람 - 차도통행중,안전운전불이행,건조,맑음,단일로 - 기타,이륜,남,24세,부상신고,보행자,여,63세,중상
2023072600100189,2023년 7월 26일 11시,수요일,울산광역시 남구 무거동,경상사고,0,0,2,0,차대차 - 측면충돌,신호위반,건조,맑음,교차로 - 교차로부근,이륜,남,14세,상해없음,승용,남,69세,경상
2023072600100190,2023년 7월 26일 11시,수요일,울산광역시 북구 매곡동,경상사고,0,0,1,0,차대차 - 추돌,안전운전불이행,건조,맑음,교차로 - 교차로부근,승용,여,61세,상해없음,이륜,남,30세,경상
2023072600100232,2023년 7월 26일 12시,수요일,울산광역시 중구 우정동,경상사고,0,0,1,0,차대차 - 측면충돌,안전운전불이행,건조,맑음,교차로 - 교차로부근,승용,남,53세,상해없음,승합,여,68세,경상
2023072600100233,2023년 7월 26일 12시,수요일,울산광역시 남구 신정동,경상사고,0,0,2,0,차대차 - 측면충돌,교차로운행방법위반,건조,맑음,교차로 - 교차로부근,승용,남,65세,상해없음,승용,남,27세,경상
2023072600100341,2023년 7월 26일 15시,수요일,울산광역시 동구 방어동,경상사고,0,0,1,0,차대차 - 측면충돌,신호위반,건조,맑음,교차로 - 교차로안,이륜,남,26세,경상,승용,남,60세,상해없음
2023072600100342,2023년 7월 26일 15시,수요일,울산광역시 북구 명촌동,중상사고,0,1,0,0,차대차 - 측면충돌,안전운전불이행,젖음/습기,흐림,단일로 - 지하차도(도로)내,기타불명,기타불명,미분류,기타불명,자전거,남,27세,중상
2023072600100378,2023년 7월 26일 16시,수요일,울산광역시 남구 상개동,중상사고,0,1,1,0,차대차 - 측면충돌,안전거리미확보,건조,맑음,교차로 - 교차로부근,승용,남,58세,상해없음,화물,남,29세,경상
2023072600100379,2023년 7월 26일 16시,수요일,울산광역시 울주군 온양읍,중상사고,0,1,0,0,차대사람 - 보도통행중,안전운전불이행,건조,맑음,단일로 - 기타,화물,남,65세,상해없음,보행자,여,62세,중상
2023072600100470,2023년 7월 26일 18시,수요일,울산광역시 중구 서동,경상사고,0,0,1,1,차대차 - 기타,교차로운행방법위반,건조,맑음,교차로 - 교차로안,승용,여,51세,부상신고,승용,남,27세,경상
2023072600100471,2023년 7월 26일 18시,수요일,울산광역시 남구 상개동,중상사고,0,1,0,0,차대사람 - 차도통행중,안전운전불이행,건조,맑음,단일로 - 기타,승용,남,64세,상해없음,보행자,남,68세,중상
2023072600100507,2023년 7월 26일 19시,수요일,울산광역시 남구 무거동,중상사고,0,1,0,0,차대사람 - 횡단중,안전운전불이행,건조,맑음,교차로 - 교차로안,승용,여,57세,상해없음,보행자,여,75세,중상
2023072600100527,2023년 7월 26일 20시,수요일,울산광역시 북구 산하동,경상사고,0,0,1,0,차대차 - 측면충돌,신호위반,건조,맑음,교차로 - 교차로안,승용,남,35세,상해없음,승용,여,62세,경상
2023072700100220,2023년 7월 27일 11시,목요일,울산광역시 중구 태화동,경상사고,0,0,1,0,차대차 - 측면충돌,안전운전불이행,건조,맑음,교차로 - 교차로안,화물,남,35세,상해없음,개인형이동수단(PM),남,16세,경상
2023072700100221,2023년 7월 27일 11시,목요일,울산광역시 중구 학성동,부상신고사고,0,0,0,1,차대차 - 정면충돌,안전운전불이행,건조,맑음,교차로 - 교차로안,승용,여,44세,상해없음,자전거,남,11세,부상신고
2023072700100324,2023년 7월 27일 14시,목요일,울산광역시 울주군 온양읍,중상사고,0,1,0,0,차대차 - 추돌,안전운전불이행,건조,맑음,단일로 - 기타,화물,남,50세,상해없음,화물,남,43세,상해없음
2023072700100325,2023년 7월 27일 14시,목요일,울산광역시 북구 명촌동,경상사고,0,0,3,0,차대차 - 추돌,안전운전불이행,건조,맑음,단일로 - 기타,화물,남,57세,기타불명,승용,여,43세,경상
2023072700100505,2023년 7월 27일 18시,목요일,울산광역시 북구 양정동,중상사고,0,1,0,0,차대차 - 측면충돌,신호위반,건조,맑음,단일로 - 기타,승용,남,71세,상해없음,이륜,남,55세,중상
2023072700100537,2023년 7월 27일 19시,목요일,울산광역시 중구 복산동,중상사고,0,1,0,0,차대사람 - 횡단중,안전운전불이행,건조,맑음,교차로 - 교차로부근,승용,여,64세,상해없음,보행자,여,72세,중상
2023072700100538,2023년 7월 27일 19시,목요일,울산광역시 동구 방어동,경상사고,0,0,2,0,차대차 - 측면충돌,안전거리미확보,건조,맑음,단일로 - 기타,이륜,남,52세,경상,승용,여,39세,경상
2023072700100607,2023년 7월 27일 22시,목요일,울산광역시 남구 신정동,경상사고,0,0,1,0,차대차 - 측면충돌,신호위반,건조,맑음,교차로 - 교차로안,이륜,남,54세,상해없음,자전거,남,16세,경상
2023072700100621,2023년 7월 27일 23시,목요일,울산광역시 중구 반구동,경상사고,0,0,2,0,차대차 - 측면충돌,안전운전불이행,건조,맑음,단일로 - 기타,이륜,남,27세,경상,승용,여,57세,경상
2023072800100016,2023년 7월 28일 01시,금요일,울산광역시 남구 삼산동,사망사고,1,0,0,0,차대차 - 추돌,안전운전불이행,건조,맑음,단일로 - 교량,승용,여,54세,상해없음,개인형이동수단(PM),남,60세,사망
2023072800100051,2023년 7월 28일 06시,금요일,울산광역시 울주군 청량읍,중상사고,0,1,0,0,차대차 - 추돌,안전운전불이행,건조,맑음,교차로 - 교차로부근,승용,여,20세,상해없음,승용,남,34세,중상
2023072800100331,2023년 7월 28일 14시,금요일,울산광역시 남구 야음동,경상사고,0,0,2,0,차대차 - 측면충돌,안전거리미확보,건조,맑음,교차로 - 교차로부근,승합,남,24세,기타불명,승용,남,55세,경상
2023072800100408,2023년 7월 28일 16시,금요일,울산광역시 동구 일산동,경상사고,0,0,2,0,차대차 - 측면충돌,직진우회전진행방해,건조,맑음,교차로 - 교차로안,승용,남,63세,상해없음,승용,남,27세,경상
2023072800100462,2023년 7월 28일 17시,금요일,울산광역시 북구 천곡동,경상사고,0,0,2,0,차대차 - 측면충돌,교차로운행방법위반,건조,맑음,교차로 - 교차로안,승용,여,52세,상해없음,승용,남,47세,경상
2023072800100509,2023년 7월 28일 18시,금요일,울산광역시 동구 서부동,경상사고,0,0,1,0,차대차 - 정면충돌,중앙선침범,건조,맑음,단일로 - 기타,승용,남,42세,상해없음,이륜,남,58세,경상
2023072800100636,2023년 7월 28일 22시,금요일,울산광역시 동구 서부동,경상사고,0,0,1,0,차량단독 - 기타,기타,젖음/습기,맑음,단일로 - 기타,승용,남,63세,상해없음,,,,
2023072900100038,2023년 7월 29일 01시,토요일,울산광역시 중구 옥교동,경상사고,0,0,1,0,차대차 - 기타,중앙선침범,건조,맑음,단일로 - 기타,원동기,남,46세,상해없음,승용,남,61세,경상
2023072900100080,2023년 7월 29일 06시,토요일,울산광역시 남구 달동,경상사고,0,0,1,0,차대차 - 측면충돌,안전운전불이행,건조,맑음,교차로 - 교차로안,승용,남,64세,상해없음,개인형이동수단(PM),여,21세,경상
2023072900100157,2023년 7월 29일 10시,토요일,울산광역시 울주군 삼남읍,중상사고,0,1,3,0,차대차 - 측면충돌,안전거리미확보,건조,맑음,단일로 - 기타,승용,여,80세,상해없음,승용,남,35세,경상
2023072900100179,2023년 7월 29일 10시,토요일,울산광역시 중구 성안동,중상사고,0,1,0,0,차대차 - 기타,신호위반,건조,맑음,교차로 - 교차로안,승용,여,67세,상해없음,승용,여,58세,중상
2023072900100180,2023년 7월 29일 10시,토요일,울산광역시 남구 달동,부상신고사고,0,0,0,3,차대차 - 기타,안전운전불이행,건조,맑음,단일로 - 기타,승용,여,40세,상해없음,승용,남,30세,부상신고
2023072900100219,2023년 7월 29일 11시,토요일,울산광역시 남구 고사동,경상사고,0,0,1,0,차량단독 - 공작물충돌,안전운전불이행,건조,맑음,단일로 - 기타,화물,남,48세,경상,,,,
2023072900100259,2023년 7월 29일 12시,토요일,울산광역시 동구 동부동,경상사고,0,0,1,0,차대차 - 측면충돌,교차로운행방법위반,건조,맑음,교차로 - 교차로안,승용,남,68세,상해없음,승용,남,25세,경상
2023072900100294,2023년 7월 29일 13시,토요일,울산광역시 중구 학산동,중상사고,0,1,0,0,차대사람 - 보도통행중,기타,건조,맑음,단일로 - 기타,개인형이동수단(PM),남,15세,상해없음,보행자,여,73세,중상
2023072900100295,2023년 7월 29일 13시,토요일,울산광역시 남구 무거동,부상신고사고,0,0,0,1,차대차 - 측면충돌,교차로운행방법위반,건조,맑음,교차로 - 교차로안,이륜,남,24세,부상신고,승용,남,36세,상해없음
2023072900100333,2023년 7월 29일 14시,토요일,울산광역시 남구 선암동,경상사고,0,0,2,0,차대차 - 측면충돌,신호위반,건조,맑음,교차로 - 교차로부근,승용,남,67세,상해없음,승용,남,35세,경상
2023072900100369,2023년 7월 29일 15시,토요일,울산광역시 북구 중산동,부상신고사고,0,0,0,2,차대차 - 추돌,안전거리미확보,건조,맑음,교차로 - 교차로부근,이륜,남,34세,부상신고,승용,여,53세,상해없음
2023072900100370,2023년 7월 29일 15시,토요일,울산광역시 북구 신현동,경상사고,0,0,1,0,차대차 - 기타,교차로운행방법위반,건조,맑음,교차로 - 교차로안,원동기,남,41세,경상,승용,남,59세,상해없음
2023072900100416,2023년 7월 29일 16시,토요일,울산광역시 남구 삼산동,경상사고,0,0,2,0,차대차 - 측면충돌,신호위반,건조,맑음,교차로 - 교차로안,승용,여,23세,상해없음,승용,여,31세,경상
2023073000100017,2023년 7월 30일 01시,일요일,울산광역시 중구 학산동,중상사고,0,1,1,0,차대차 - 측면충돌,안전거리미확보,건조,맑음,교차로 - 교차로부근,이륜,남,17세,경상,이륜,남,17세,중상
2023073000100039,2023년 7월 30일 04시,일요일,울산광역시 중구 다운동,중상사고,0,1,0,0,차대사람 - 횡단중,신호위반,건조,맑음,교차로 - 교차로횡단보도내,승용,여,61세,상해없음,보행자,남,45세,중상
2023073000100054,2023년 7월 30일 06시,일요일,울산광역시 북구 상안동,중상사고,0,1,0,0,차대차 - 측면충돌,안전운전불이행,건조,맑음,교차로 - 교차로부근,승용,남,46세,상해없음,이륜,여,44세,중상
2023073000100060,2023년 7월 30일 07시,일요일,울산광역시 남구 무거동,중상사고,0,3,2,0,차대차 - 정면충돌,중앙선침범,건조,맑음,교차로 - 교차로부근,승용,남,50세,중상,승용,남,55세,경상
2023073000100167,2023년 7월 30일 12시,일요일,울산광역시 동구 일산동,경상사고,0,0,1,0,차대사람 - 차도통행중,안전운전불이행,건조,맑음,교차로 - 교차로안,승용,여,64세,상해없음,보행자,여,55세,경상
2023073000100210,2023년 7월 30일 13시,일요일,울산광역시 동구 전하동,부상신고사고,0,0,0,1,차대차 - 측면충돌,교차로운행방법위반,건조,맑음,교차로 - 교차로안,이륜,남,63세,부상신고,승용,남,61세,상해없음
2023073000100249,2023년 7월 30일 14시,일요일,울산광역시 남구 달동,경상사고,0,0,1,0,차대차 - 기타,안전거리미확보,건조,맑음,교차로 - 교차로부근,승용,남,67세,상해없음,승합,남,43세,경상
2023073000100260,2023년 7월 30일 15시,일요일,울산광역시 울주군 청량읍,경상사고,0,0,2,0,차대차 - 측면충돌,안전거리미확보,건조,맑음,단일로 - 기타,특수,남,66세,상해없음,승용,여,52세,경상
2023073000100303,2023년 7월 30일 16시,일요일,울산광역시 울주군 온산읍,경상사고,0,0,2,0,차대차 - 기타,교차로운행방법위반,건조,맑음,교차로 - 교차로안,승용,남,26세,경상,이륜,남,57세,경상
2023073000100374,2023년 7월 30일 19시,일요일,울산광역시 울주군 온산읍,중상사고,0,1,0,0,차대차 - 측면충돌,안전운전불이행,건조,맑음,단일로 - 기타,승용,남,61세,상해없음,이륜,남,40세,중상
2023073000100397,2023년 7월 30일 20시,일요일,울산광역시 울주군 상북면,경상사고,0,0,1,0,차대차 - 측면충돌,안전운전불이행,건조,맑음,단일로 - 기타,승용,남,65세,상해없음,승용,여,51세,경상
2023073100100087,2023년 7월 31일 08시,월요일,울산광역시 남구 야음동,경상사고,0,0,1,0,차대차 - 측면충돌,안전거리미확보,건조,맑음,기타 - 기타,승용,남,83세,상해없음,승용,남,37세,경상
2023073100100088,2023년 7월 31일 08시,월요일,울산광역시 남구 무거동,경상사고,0,0,1,0,차대차 - 측면충돌,교차로운행방법위반,건조,맑음,교차로 - 교차로부근,화물,여,62세,상해없음,승용,여,23세,경상
2023073100100089,2023년 7월 31일 08시,월요일,울산광역시 동구 주전동,경상사고,0,0,1,0,차대차 - 측면충돌,안전운전불이행,건조,맑음,단일로 - 기타,승용,여,34세,상해없음,승용,여,59세,경상
2023073100100090,2023년 7월 31일 08시,월요일,울산광역시 울주군 삼동면,경상사고,0,0,2,0,차대차 - 추돌,중앙선침범,건조,맑음,단일로 - 기타,건설기계,남,65세,상해없음,건설기계,남,33세,경상
2023073100100125,2023년 7월 31일 09시,월요일,울산광역시 남구 삼산동,중상사고,0,1,0,0,차대차 - 측면충돌,교차로운행방법위반,건조,맑음,교차로 - 교차로부근,승용,여,58세,상해없음,승용,여,32세,중상
2023073100100126,2023년 7월 31일 09시,월요일,울산광역시 북구 매곡동,경상사고,0,0,2,0,차대차 - 측면충돌,신호위반,건조,맑음,교차로 - 교차로안,승용,여,51세,상해없음,승용,남,45세,경상
2023073100100156,2023년 7월 31일 10시,월요일,울산광역시 중구 우정동,경상사고,0,0,2,0,차대차 - 측면충돌,중앙선침범,건조,맑음,단일로 - 기타,승용,남,39세,상해없음,승용,여,41세,경상