사고번호,사고일시,요일,시군구,사고내용,사망자수,중상자수,경상자수,부상신고자수,사고유형,법규위반,노면상태,기상상태,도로형태,가해운전자 차종,가해운전자 성별,가해운전자 연령,가해운전자 상해정도,피해운전자 차종,피해운전자 성별,피해운전자 연령,피해운전자 상해정도
2023073100100157,2023년 7월 31일 10시,월요일,울산광역시 남구 달동,경상사고,0,0,1,0,차대차 - 기타,안전거리미확보,건조,맑음,교차로 - 교차로부근,승용,여,53세,경상,승용,여,56세,상해없음
2023073100100158,2023년 7월 31일 10시,월요일,울산광역시 울주군 온양읍,사망사고,1,0,0,0,차대사람 - 보도통행중,중앙선침범,건조,맑음,단일로 - 기타,승용,남,71세,상해없음,보행자,남,82세,사망
2023073100100193,2023년 7월 31일 11시,월요일,울산광역시 남구 삼산동,경상사고,0,0,2,0,차대차 - 측면충돌,안전거리미확보,건조,맑음,교차로 - 교차로부근,승용,남,69세,상해없음,승용,남,44세,경상
2023073100100225,2023년 7월 31일 12시,월요일,울산광역시 중구 반구동,부상신고사고,0,0,0,1,차대차 - 기타,안전거리미확보,건조,맑음,단일로 - 기타,승용,남,85세,상해없음,승합,남,46세,부상신고
2023073100100380,2023년 7월 31일 16시,월요일,울산광역시 남구 삼산동,중상사고,0,1,3,0,차대차 - 측면충돌,교차로운행방법위반,건조,맑음,교차로 - 교차로안,승용,여,73세,경상,승용,남,38세,경상
2023073100100417,2023년 7월 31일 17시,월요일,울산광역시 남구 달동,경상사고,0,0,1,0,차대차 - 기타,안전거리미확보,건조,맑음,단일로 - 기타,승용,여,44세,상해없음,승합,남,59세,상해없음
2023073100100470,2023년 7월 31일 18시,월요일,울산광역시 중구 우정동,경상사고,0,0,1,0,차대차 - 추돌,안전운전불이행,건조,맑음,교차로 - 교차로부근,승용,남,59세,상해없음,이륜,남,65세,경상
2023073100100471,2023년 7월 31일 18시,월요일,울산광역시 북구 진장동,경상사고,0,0,1,0,차대차 - 측면충돌,안전운전불이행,건조,맑음,단일로 - 기타,승용,남,59세,상해없음,승용,남,44세,경상
2023080100100015,2023년 8월 1일 01시,화요일,울산광역시 북구 화봉동,경상사고,0,0,4,0,차대차 - 기타,안전거리미확보,건조,맑음,교차로 - 교차로안,승용,남,23세,상해없음,승용,남,20세,경상
2023080100100025,2023년 8월 1일 03시,화요일,울산광역시 남구 삼산동,중상사고,0,1,1,0,차대차 - 측면충돌,신호위반,건조,맑음,교차로 - 교차로안,승용,남,57세,상해없음,승용,남,57세,중상
2023080100100219,2023년 8월 1일 12시,화요일,울산광역시 남구 삼산동,중상사고,0,1,0,0,차대사람 - 횡단중,보행자보호의무위반,건조,맑음,교차로 - 교차로횡단보도내,이륜,남,45세,상해없음,보행자,여,65세,중상
2023080100100308,2023년 8월 1일 14시,화요일,울산광역시 울주군 온양읍,경상사고,0,0,1,0,차대차 - 기타,안전운전불이행,건조,맑음,교차로 - 교차로부근,화물,남,45세,상해없음,이륜,남,29세,경상
2023080100100337,2023년 8월 1일 15시,화요일,울산광역시 중구 다운동,경상사고,0,0,6,1,차대차 - 측면충돌,안전운전불이행,건조,맑음,교차로 - 교차로안,승용,여,52세,부상신고,승용,남,48세,경상
2023080100100338,2023년 8월 1일 15시,화요일,울산광역시 울주군 언양읍,경상사고,0,0,1,0,차대차 - 측면충돌,안전운전불이행,건조,맑음,단일로 - 기타,승용,남,78세,상해없음,자전거,남,71세,경상
2023080100100360,2023년 8월 1일 16시,화요일,울산광역시 남구 무거동,경상사고,0,0,1,0,차대차 - 추돌,안전거리미확보,건조,맑음,교차로 - 교차로안,승용,남,65세,상해없음,승용,남,60세,상해없음
2023080100100471,2023년 8월 1일 19시,화요일,울산광역시 남구 삼산동,경상사고,0,0,3,0,차대차 - 기타,신호위반,건조,맑음,교차로 - 교차로안,승용,남,27세,경상,이륜,남,27세,경상
2023080100100493,2023년 8월 1일 20시,화요일,울산광역시 중구 약사동,중상사고,0,1,1,0,차대차 - 측면충돌,신호위반,건조,맑음,교차로 - 교차로안,승용,남,60세,경상,승용,여,31세,중상
2023080100100517,2023년 8월 1일 21시,화요일,울산광역시 중구 남외동,경상사고,0,0,1,0,차대사람 - 횡단중,보행자보호의무위반,건조,맑음,교차로 - 교차로횡단보도내,승용,남,51세,상해없음,보행자,남,34세,경상
2023080100100518,2023년 8월 1일 21시,화요일,울산광역시 북구 효문동,중상사고,0,1,0,0,차대사람 - 차도통행중,안전운전불이행,건조,맑음,단일로 - 기타,승용,남,72세,상해없음,보행자,남,63세,중상
2023080100100540,2023년 8월 1일 22시,화요일,울산광역시 울주군 범서읍,경상사고,0,0,3,0,차대차 - 측면충돌,신호위반,건조,맑음,교차로 - 교차로안,승용,여,54세,상해없음,승용,남,47세,경상
2023080100100541,2023년 8월 1일 22시,화요일,울산광역시 울주군 범서읍,경상사고,0,0,1,0,차대차 - 기타,직진우회전진행방해,건조,맑음,교차로 - 교차로안,승용,여,55세,상해없음,승용,남,31세,경상
2023080100100542,2023년 8월 1일 22시,화요일,울산광역시 북구 송정동,경상사고,0,0,2,0,차대차 - 추돌,기타,건조,맑음,단일로 - 기타,이륜,남,36세,기타불명,승용,남,44세,경상
2023080200100062,2023년 8월 2일 07시,수요일,울산광역시 북구 상안동,경상사고,0,0,1,0,차대차 - 기타,안전운전불이행,건조,맑음,단일로 - 터널,화물,남,53세,상해없음,자전거,남,54세,경상
2023080200100088,2023년 8월 2일 08시,수요일,울산광역시 중구 동동,경상사고,0,0,1,0,차대차 - 측면충돌,안전운전불이행,건조,맑음,교차로 - 교차로부근,승용,남,31세,상해없음,승용,여,49세,경상
2023080200100174,2023년 8월 2일 11시,수요일,울산광역시 울주군 언양읍,경상사고,0,0,2,0,차대차 - 기타,안전운전불이행,건조,맑음,교차로 - 교차로안,승용,여,40세,경상,승용,남,52세,경상
2023080200100175,2023년 8월 2일 11시,수요일,울산광역시 북구 호계동,중상사고,0,2,1,1,차대차 - 측면충돌,교차로운행방법위반,건조,맑음,교차로 - 교차로안,이륜,남,40세,중상,승용,남,70세,부상신고
2023080200100211,2023년 8월 2일 12시,수요일,울산광역시 울주군 온산읍,경상사고,0,0,1,0,차대차 - 기타,안전운전불이행,건조,맑음,단일로 - 기타,이륜,남,28세,경상,승용,여,47세,상해없음
2023080200100450,2023년 8월 2일 18시,수요일,울산광역시 북구 송정동,경상사고,0,0,2,0,차대차 - 측면충돌,신호위반,건조,맑음,교차로 - 교차로안,승용,여,63세,경상,승용,남,66세,경상
2023080200100476,2023년 8월 2일 19시,수요일,울산광역시 울주군 청량읍,경상사고,0,0,1,0,차대차 - 측면충돌,직진우회전진행방해,건조,맑음,교차로 - 교차로안,승용,남,30세,상해없음,화물,남,40세,경상
2023080200100499,2023년 8월 2일 20시,수요일,울산광역시 울주군 청량읍,경상사고,0,0,2,1,차대차 - 기타,안전운전불이행,건조,맑음,단일로 - 기타,특수,남,47세,상해없음,승용,여,21세,경상
2023080200100523,2023년 8월 2일 21시,수요일,울산광역시 남구 여천동,사망사고,1,0,0,0,차량단독 - 공작물충돌,안전운전불이행,건조,맑음,단일로 - 기타,이륜,남,30세,사망,,,,
2023080200100542,2023년 8월 2일 22시,수요일,울산광역시 북구 송정동,사망사고,1,0,0,0,차대사람 - 횡단중,안전운전불이행,건조,맑음,교차로 - 교차로안,승용,여,63세,상해없음,보행자,남,60세,사망
2023080300100080,2023년 8월 3일 07시,목요일,울산광역시 중구 우정동,중상사고,0,1,1,0,차대차 - 측면충돌,직진우회전진행방해,건조,맑음,교차로 - 교차로안,승용,남,49세,중상,승용,여,28세,경상
2023080300100463,2023년 8월 3일 17시,목요일,울산광역시 남구 옥동,경상사고,0,0,1,0,차대차 - 측면충돌,안전거리미확보,건조,맑음,단일로 - 기타,화물,남,68세,상해없음,승용,여,50세,경상
2023080300100464,2023년 8월 3일 17시,목요일,울산광역시 울주군 온산읍,경상사고,0,0,1,0,차대사람 - 기타,안전운전불이행,건조,맑음,기타 - 기타,승용,남,35세,상해없음,보행자,남,41세,경상
2023080300100465,2023년 8월 3일 17시,목요일,울산광역시 울주군 온양읍,경상사고,0,0,1,0,차대사람 - 횡단중,안전운전불이행,건조,맑음,교차로 - 교차로부근,승용,남,64세,상해없음,보행자,남,74세,경상
2023080300100594,2023년 8월 3일 20시,목요일,울산광역시 중구 반구동,경상사고,0,0,1,0,차량단독 - 기타,기타,건조,맑음,단일로 - 기타,승합,남,66세,상해없음,,,,
2023080300100620,2023년 8월 3일 21시,목요일,울산광역시 남구 신정동,경상사고,0,0,1,0,차대차 - 추돌,안전거리미확보,건조,맑음,교차로 - 교차로부근,승용,여,31세,상해없음,이륜,남,25세,경상
2023080300100631,2023년 8월 3일 22시,목요일,울산광역시 남구 신정동,경상사고,0,0,2,0,차대차 - 측면충돌,안전운전불이행,건조,맑음,교차로 - 교차로부근,자전거,남,70세,경상,승용,남,60세,상해없음
2023080400100013,2023년 8월 4일 00시,금요일,울산광역시 북구 염포동,경상사고,0,0,4,0,차대차 - 측면충돌,안전운전불이행,건조,맑음,단일로 - 지하차도(도로)내,승용,여,22세,상해없음,승용,남,56세,경상
2023080400100130,2023년 8월 4일 09시,금요일,울산광역시 중구 학성동,경상사고,0,0,2,0,차대차 - 측면충돌,안전운전불이행,건조,맑음,교차로 - 교차로안,승용,남,78세,경상,승합,남,31세,경상
2023080400100131,2023년 8월 4일 09시,금요일,울산광역시 남구 삼산동,경상사고,0,0,1,0,차대사람 - 보도통행중,안전운전불이행,건조,맑음,단일로 - 기타,승용,여,47세,상해없음,보행자,남,48세,경상
2023080400100132,2023년 8월 4일 09시,금요일,울산광역시 울주군 삼남읍,중상사고,0,1,1,0,차대차 - 측면충돌,안전운전불이행,건조,맑음,교차로 - 교차로안,승용,남,56세,상해없음,승용,남,29세,경상
2023080400100213,2023년 8월 4일 11시,금요일,울산광역시 북구 진장동,경상사고,0,0,1,0,차대차 - 측면충돌,교차로운행방법위반,건조,맑음,교차로 - 교차로부근,승용,남,57세,상해없음,승용,여,56세,경상
2023080400100281,2023년 8월 4일 13시,금요일,울산광역시 남구 삼산동,경상사고,0,0,1,0,차대사람 - 길가장자리구역통행중,안전운전불이행,건조,맑음,단일로 - 기타,승용,남,44세,상해없음,보행자,남,62세,경상
2023080400100282,2023년 8월 4일 13시,금요일,울산광역시 울주군 삼남읍,경상사고,0,0,1,0,차대차 - 기타,중앙선침범,건조,맑음,교차로 - 교차로부근,승용,남,77세,상해없음,승용,여,53세,경상
2023080400100365,2023년 8월 4일 15시,금요일,울산광역시 중구 반구동,중상사고,0,1,0,0,차대차 - 측면충돌,기타,건조,맑음,교차로 - 교차로안,이륜,남,61세,중상,승용,여,46세,상해없음
2023080400100421,2023년 8월 4일 16시,금요일,울산광역시 중구 태화동,중상사고,0,1,0,0,차대차 - 측면충돌,안전운전불이행,건조,맑음,단일로 - 기타,화물,남,72세,상해없음,이륜,남,46세,중상
2023080400100422,2023년 8월 4일 16시,금요일,울산광역시 중구 태화동,경상사고,0,0,1,0,차대차 - 측면충돌,안전운전불이행,건조,맑음,단일로 - 기타,승용,여,53세,상해없음,승용,여,50세,경상
2023080400100423,2023년 8월 4일 16시,금요일,울산광역시 동구 화정동,중상사고,0,1,0,0,차대사람 - 기타,안전운전불이행,건조,맑음,교차로 - 교차로부근,승용,여,60세,상해없음,보행자,여,62세,중상
2023080400100424,2023년 8월 4일 16시,금요일,울산광역시 울주군 온양읍,경상사고,0,0,2,2,차대차 - 측면충돌,직진우회전진행방해,건조,맑음,교차로 - 교차로안,승용,남,24세,경상,승용,남,55세,경상
2023080400100530,2023년 8월 4일 18시,금요일,울산광역시 남구 달동,중상사고,0,1,0,0,차대차 - 측면충돌,안전운전불이행,건조,맑음,단일로 - 기타,원동기,여,27세,중상,승용,여,53세,상해없음
2023080400100561,2023년 8월 4일 19시,금요일,울산광역시 울주군 범서읍,경상사고,0,0,1,0,차대사람 - 횡단중,신호위반,건조,맑음,교차로 - 교차로횡단보도내,승용,여,50세,상해없음,보행자,남,10세,경상
2023080400100659,2023년 8월 4일 22시,금요일,울산광역시 남구 삼산동,경상사고,0,0,2,0,차대차 - 측면충돌,안전운전불이행,건조,맑음,교차로 - 교차로안,이륜,남,37세,경상,승용,남,56세,경상
2023080400100680,2023년 8월 4일 23시,금요일,울산광역시 남구 달동,경상사고,0,0,1,0,차대차 - 측면충돌,교차로운행방법위반,건조,맑음,교차로 - 교차로안,승용,남,54세,상해없음,승용,여,56세,경상
2023080500100011,2023년 8월 5일 00시,토요일,울산광역시 울주군 범서읍,경상사고,0,0,1,0,차대차 - 기타,신호위반,건조,맑음,교차로 - 교차로안,이륜,남,25세,상해없음,승용,남,67세,경상
2023080500100029,2023년 8월 5일 02시,토요일,울산광역시 중구 옥교동,중상사고,0,1,3,0,차대차 - 측면충돌,중앙선침범,건조,맑음,교차로 - 교차로부근,화물,남,43세,경상,화물,남,57세,중상
2023080500100105,2023년 8월 5일 08시,토요일,울산광역시 북구 상안동,경상사고,0,0,1,0,차대차 - 추돌,신호위반,건조,맑음,교차로 - 교차로안,승용,여,51세,상해없음,승용,여,37세,경상
2023080500100144,2023년 8월 5일 09시,토요일,울산광역시 남구 삼산동,경상사고,0,0,1,0,차대차 - 측면충돌,직진우회전진행방해,건조,맑음,교차로 - 교차로안,승용,남,74세,상해없음,이륜,남,22세,경상
2023080500100181,2023년 8월 5일 10시,토요일,울산광역시 울주군 범서읍,중상사고,0,1,0,0,차대사람 - 횡단중,보행자보호의무위반,건조,맑음,단일로 - 기타,화물,남,39세,상해없음,보행자,여,73세,중상
2023080500100218,2023년 8월 5일 11시,토요일,울산광역시 남구 신정동,경상사고,0,0,1,0,차대차 - 측면충돌,안전운전불이행,건조,맑음,교차로 - 교차로부근,승용,여,59세,기타불명,승용,남,54세,경상
2023080500100354,2023년 8월 5일 15시,토요일,울산광역시 북구 가대동,중상사고,0,1,1,0,차대차 - 추돌,안전운전불이행,건조,맑음,단일로 - 고가도로위,승용,남,54세,경상,화물,여,51세,기타불명
2023080500100384,2023년 8월 5일 16시,토요일,울산광역시 남구 무거동,부상신고사고,0,0,0,1,차대차 - 측면충돌,신호위반,건조,맑음,교차로 - 교차로안,승용,여,51세,상해없음,승합,남,39세,부상신고
2023080500100464,2023년 8월 5일 18시,토요일,울산광역시 중구 학산동,경상사고,0,0,1,0,차대차 - 측면충돌,신호위반,건조,맑음,교차로 - 교차로부근,승용,여,58세,상해없음,이륜,남,41세,경상
2023080500100465,2023년 8월 5일 18시,토요일,울산광역시 남구 삼산동,중상사고,0,1,0,0,차대차 - 측면충돌,안전운전불이행,건조,맑음,교차로 - 교차로횡단보도내,승용,여,56세,상해없음,자전거,여,73세,중상
2023080500100466,2023년 8월 5일 18시,토요일,울산광역시 동구 서부동,중상사고,0,1,0,0,차대차 - 측면충돌,안전운전불이행,건조,맑음,단일로 - 기타,승용,남,70세,상해없음,이륜,남,52세,중상
2023080500100529,2023년 8월 5일 20시,토요일,울산광역시 남구 삼산동,경상사고,0,0,1,0,차대사람 - 횡단중,안전운전불이행,건조,맑음,교차로 - 교차로안,승용,남,25세,상해없음,보행자,남,39세,경상
2023080500100557,2023년 8월 5일 21시,토요일,울산광역시 동구 일산동,중상사고,0,1,0,0,차대차 - 측면충돌,안전운전불이행,건조,맑음,교차로 - 교차로안,승용,남,65세,상해없음,이륜,남,39세,중상
2023080500100577,2023년 8월 5일 22시,토요일,울산광역시 울주군 청량읍,부상신고사고,0,0,0,1,차량단독 - 전도전복 - 전도,안전운전불이행,건조,맑음,단일로 - 기타,이륜,남,18세,부상신고,,,,
2023080600100021,2023년 8월 6일 01시,일요일,울산광역시 울주군 온산읍,중상사고,0,1,0,0,차량단독 - 공작물충돌,안전운전불이행,건조,맑음,단일로 - 기타,이륜,남,33세,중상,,,,
2023080600100037,2023년 8월 6일 02시,일요일,울산광역시 동구 일산동,경상사고,0,0,1,0,차대사람 - 길가장자리구역통행중,보행자보호의무위반,건조,맑음,단일로 - 기타,승용,남,68세,상해없음,보행자,여,35세,경상
2023080600100052,2023년 8월 6일 04시,일요일,울산광역시 동구 방어동,경상사고,0,0,1,0,차량단독 - 기타,안전운전불이행,젖음/습기,맑음,단일로 - 기타,이륜,남,16세,상해없음,,,,
2023080600100064,2023년 8월 6일 06시,일요일,울산광역시 중구 태화동,경상사고,0,0,1,0,차대차 - 측면충돌,신호위반,건조,맑음,교차로 - 교차로안,승합,남,73세,상해없음,자전거,남,57세,경상
2023080600100075,2023년 8월 6일 07시,일요일,울산광역시 동구 동부동,경상사고,0,0,1,0,차대차 - 측면충돌,신호위반,건조,맑음,교차로 - 교차로안,이륜,남,74세,경상,승용,여,38세,상해없음
2023080600100089,2023년 8월 6일 08시,일요일,울산광역시 남구 달동,경상사고,0,0,1,0,차대차 - 후진중충돌,안전운전불이행,건조,맑음,기타 - 기타,화물,남,64세,상해없음,승용,여,56세,경상
2023080600100186,2023년 8월 6일 12시,일요일,울산광역시 동구 서부동,중상사고,0,1,0,0,차대차 - 측면충돌,안전운전불이행,건조,맑음,단일로 - 기타,승용,여,62세,상해없음,이륜,남,44세,중상
2023080600100203,2023년 8월 6일 13시,일요일,울산광역시 남구 무거동,중상사고,0,1,2,0,차대차 - 기타,교차로운행방법위반,건조,맑음,교차로 - 교차로안,승용,여,53세,상해없음,승용,남,60세,경상
2023080600100235,2023년 8월 6일 14시,일요일,울산광역시 동구 화정동,경상사고,0,0,1,0,차대차 - 기타,안전거리미확보,건조,맑음,교차로 - 교차로안,승용,남,44세,상해없음,이륜,남,18세,경상
2023080600100265,2023년 8월 6일 15시,일요일,울산광역시 남구 삼산동,사망사고,1,0,0,0,차대사람 - 횡단중,보행자보호의무위반,건조,맑음,교차로 - 교차로안,승용,남,34세,상해없음,보행자,남,59세,사망
2023080700100013,2023년 8월 7일 01시,월요일,울산광역시 울주군 범서읍,부상신고사고,0,0,0,1,차대사람 - 기타,안전운전불이행,건조,맑음,기타 - 기타,승용,남,73세,상해없음,보행자,남,21세,부상신고
2023080700100043,2023년 8월 7일 06시,월요일,울산광역시 남구 삼산동,경상사고,0,0,1,0,차대차 - 측면충돌,안전운전불이행,건조,맑음,교차로 - 교차로횡단보도내,승용,남,64세,상해없음,자전거,남,43세,경상
2023080700100156,2023년 8월 7일 09시,월요일,울산광역시 남구 옥동,중상사고,0,1,0,0,차대차 - 추돌,안전운전불이행,건조,맑음,교차로 - 교차로부근,화물,남,62세,상해없음,승용,여,44세,중상
2023080700100230,2023년 8월 7일 11시,월요일,울산광역시 울주군 청량읍,경상사고,0,0,1,0,차대차 - 기타,차로위반,건조,맑음,교차로 - 교차로부근,승용,남,69세,상해없음,이륜,남,33세,경상
2023080700100374,2023년 8월 7일 15시,월요일,울산광역시 북구 송정동,경상사고,0,0,1,0,차대차 - 측면충돌,안전거리미확보,건조,맑음,단일로 - 기타,승용,여,28세,상해없음,승용,남,38세,경상
2023080700100421,2023년 8월 7일 16시,월요일,울산광역시 북구 산하동,경상사고,0,0,1,0,차대차 - 측면충돌,직진우회전진행방해,건조,맑음,교차로 - 교차로안,승용,여,34세,상해없음,승용,여,36세,상해없음
2023080700100602,2023년 8월 7일 22시,월요일,울산광역시 중구 반구동,경상사고,0,0,1,0,차대사람 - 기타,신호위반,건조,맑음,단일로 - 기타,승용,남,45세,상해없음,보행자,남,41세,경상
2023080700100603,2023년 8월 7일 22시,월요일,울산광역시 중구 남외동,경상사고,0,0,1,0,차대차 - 기타,안전운전불이행,건조,맑음,교차로 - 교차로부근,승용,여,44세,상해없음,승용,남,24세,경상
2023080800100070,2023년 8월 8일 07시,화요일,울산광역시 울주군 삼남읍,경상사고,0,0,3,0,차대차 - 추돌,중앙선침범,건조,맑음,교차로 - 교차로부근,승용,여,57세,경상,승용,남,26세,경상
2023080800100180,2023년 8월 8일 10시,화요일,울산광역시 동구 전하동,경상사고,0,0,1,0,차대차 - 추돌,불법유턴,건조,맑음,단일로 - 기타,승용,남,75세,상해없음,이륜,여,45세,경상
2023080800100258,2023년 8월 8일 12시,화요일,울산광역시 남구 삼산동,경상사고,0,0,2,0,차대차 - 추돌,안전운전불이행,건조,맑음,교차로 - 교차로부근,화물,여,52세,상해없음,화물,남,27세,경상
2023080800100338,2023년 8월 8일 14시,화요일,울산광역시 울주군 서생면,중상사고,0,2,2,0,차대차 - 측면충돌,중앙선침범,건조,맑음,교차로 - 교차로부근,승용,남,69세,상해없음,승용,여,65세,중상
2023080800100458,2023년 8월 8일 17시,화요일,울산광역시 남구 삼산동,경상사고,0,0,1,0,차대사람 - 길가장자리구역통행중,안전운전불이행,건조,맑음,단일로 - 기타,승용,남,56세,상해없음,보행자,남,31세,경상
2023080800100506,2023년 8월 8일 18시,화요일,울산광역시 남구 신정동,중상사고,0,1,0,0,차대사람 - 횡단중,안전운전불이행,건조,맑음,교차로 - 교차로부근,승용,여,31세,상해없음,보행자,남,69세,중상
2023080900100074,2023년 8월 9일 07시,수요일,울산광역시 남구 신정동,경상사고,0,0,1,0,차대차 - 측면충돌,안전운전불이행,젖음/습기,비,교차로 - 교차로안,승합,남,51세,기타불명,이륜,남,32세,경상
2023080900100142,2023년 8월 9일 09시,수요일,울산광역시 남구 무거동,중상사고,0,1,3,0,차대차 - 측면충돌,신호위반,젖음/습기,비,교차로 - 교차로안,승용,여,62세,기타불명,승합,남,25세,경상
2023080900100252,2023년 8월 9일 12시,수요일,울산광역시 남구 삼산동,경상사고,0,0,1,0,차대차 - 측면충돌,안전운전불이행,젖음/습기,비,교차로 - 교차로부근,이륜,남,42세,경상,승용,남,30세,상해없음
2023080900100283,2023년 8월 9일 13시,수요일,울산광역시 중구 태화동,경상사고,0,0,2,0,차대차 - 측면충돌,신호위반,건조,맑음,단일로 - 기타,이륜,남,19세,상해없음,승용,남,76세,경상
2023080900100314,2023년 8월 9일 14시,수요일,울산광역시 북구 진장동,경상사고,0,0,1,0,차대차 - 측면충돌,안전운전불이행,젖음/습기,비,교차로 - 교차로부근,승용,남,57세,상해없음,자전거,남,61세,경상
2023080900100354,2023년 8월 9일 15시,수요일,울산광역시 남구 선암동,중상사고,0,1,0,0,차대사람 - 길가장자리구역통행중,안전운전불이행,젖음/습기,비,단일로 - 기타,승용,여,60세,상해없음,보행자,남,67세,중상
2023080900100505,2023년 8월 9일 19시,수요일,울산광역시 북구 양정동,경상사고,0,0,5,0,차대차 - 추돌,안전운전불이행,건조,맑음,교차로 - 교차로부근,승용,남,62세,상해없음,승용,남,30세,경상
2023080900100545,2023년 8월 9일 20시,수요일,울산광역시 울주군 온양읍,중상사고,0,1,1,0,차대사람 - 보도통행중,신호위반,젖음/습기,비,단일로 - 기타,이륜,남,16세,경상,보행자,남,70세,중상
2023080900100583,2023년 8월 9일 21시,수요일,울산광역시 동구 방어동,중상사고,0,1,0,0,차대차 - 추돌,안전운전불이행,젖음/습기,비,단일로 - 기타,승용,여,50세,상해없음,화물,남,67세,상해없음
2023080900100606,2023년 8월 9일 22시,수요일,울산광역시 북구 호계동,경상사고,0,0,2,0,차대차 - 측면충돌,신호위반,젖음/습기,비,교차로 - 교차로안,승용,여,53세,상해없음,이륜,남,17세,경상
2023080900100626,2023년 8월 9일 23시,수요일,울산광역시 남구 신정동,경상사고,0,0,1,0,차대차 - 측면충돌,안전운전불이행,젖음/습기,비,단일로 - 기타,개인형이동수단(PM),남,21세,경상,승용,남,28세,상해없음
2023080900100627,2023년 8월 9일 23시,수요일,울산광역시 울주군 삼남읍,중상사고,0,1,1,0,차대차 - 측면충돌,신호위반,젖음/습기,비,교차로 - 교차로안,승용,남,57세,상해없음,승용,남,71세,경상
2023081000100062,2023년 8월 10일 07시,목요일,울산광역시 울주군 두서면,중상사고,0,1,1,0,차대차 - 측면충돌,안전운전불이행,젖음/습기,비,단일로 - 기타,승용,여,70세,상해없음,화물,남,31세,중상
2023081000100074,2023년 8월 10일 07시,목요일,울산광역시 남구 달동,경상사고,0,0,1,0,차대차 - 측면충돌,신호위반,젖음/습기,비,교차로 - 교차로안,승용,남,65세,상해없음,승용,여,57세,경상
2023081000100148,2023년 8월 10일 10시,목요일,울산광역시 북구 연암동,경상사고,0,0,4,0,차대차 - 추돌,안전운전불이행,젖음/습기,비,단일로 - 고가도로위,승용,남,50세,기타불명,승용,여,27세,경상
2023081000100244,2023년 8월 10일 14시,목요일,울산광역시 남구 무거동,경상사고,0,0,1,0,차대차 - 추돌,안전운전불이행,건조,맑음,단일로 - 기타,승용,여,58세,상해없음,승합,남,49세,경상
2023081000100272,2023년 8월 10일 15시,목요일,울산광역시 중구 복산동,경상사고,0,0,1,1,차대차 - 기타,안전운전불이행,건조,맑음,단일로 - 기타,이륜,남,18세,부상신고,승용,남,64세,상해없음
2023081000100302,2023년 8월 10일 16시,목요일,울산광역시 남구 야음동,중상사고,0,1,0,0,차대사람 - 보도통행중,보행자보호의무위반,젖음/습기,비,교차로 - 교차로안,승용,여,51세,상해없음,보행자,여,52세,중상
2023081000100334,2023년 8월 10일 17시,목요일,울산광역시 북구 시례동,경상사고,0,0,1,0,차대차 - 측면충돌,안전운전불이행,건조,맑음,단일로 - 기타,승용,여,33세,상해없음,승용,남,60세,경상
2023081000100426,2023년 8월 10일 20시,목요일,울산광역시 북구 양정동,중상사고,0,1,0,0,차대사람 - 횡단중,안전운전불이행,건조,맑음,기타 - 기타,이륜,남,29세,상해없음,보행자,여,47세,중상
2023081100100114,2023년 8월 11일 08시,금요일,울산광역시 북구 중산동,경상사고,0,0,1,0,차대차 - 측면충돌,안전운전불이행,건조,맑음,단일로 - 기타,승용,여,38세,상해없음,화물,남,61세,경상
2023081100100151,2023년 8월 11일 09시,금요일,울산광역시 울주군 온양읍,경상사고,0,0,1,0,차대차 - 측면충돌,신호위반,건조,맑음,교차로 - 교차로안,승용,여,66세,상해없음,승합,남,54세,경상
2023081100100175,2023년 8월 11일 10시,금요일,울산광역시 울주군 범서읍,부상신고사고,0,0,0,1,차대차 - 측면충돌,직진우회전진행방해,건조,맑음,교차로 - 교차로안,승용,남,52세,상해없음,원동기,남,17세,부상신고
2023081100100218,2023년 8월 11일 11시,금요일,울산광역시 남구 신정동,중상사고,0,1,0,0,차대차 - 측면충돌,안전거리미확보,건조,맑음,교차로 - 교차로안,승용,여,56세,상해없음,승용,여,37세,중상
2023081100100248,2023년 8월 11일 12시,금요일,울산광역시 남구 무거동,경상사고,0,0,1,0,차대차 - 기타,교차로운행방법위반,건조,맑음,교차로 - 교차로안,승용,남,26세,상해없음,승용,여,48세,경상
2023081100100296,2023년 8월 11일 13시,금요일,울산광역시 북구 양정동,중상사고,0,1,3,0,차대차 - 측면충돌,직진우회전진행방해,건조,맑음,교차로 - 교차로안,승용,여,61세,경상,이륜,남,43세,중상
2023081100100325,2023년 8월 11일 14시,금요일,울산광역시 중구 학산동,경상사고,0,0,1,0,차대차 - 측면충돌,안전운전불이행,건조,맑음,교차로 - 교차로안,승용,남,61세,상해없음,화물,남,43세,경상
2023081100100408,2023년 8월 11일 16시,금요일,울산광역시 중구 반구동,경상사고,0,0,1,0,차대차 - 추돌,안전운전불이행,건조,맑음,교차로 - 교차로부근,승용,여,32세,상해없음,승용,남,39세,경상
2023081100100450,2023년 8월 11일 17시,금요일,울산광역시 중구 반구동,경상사고,0,0,1,0,차대차 - 추돌,불법유턴,건조,맑음,교차로 - 교차로횡단보도내,자전거,남,70세,경상,승용,남,41세,상해없음
2023081100100451,2023년 8월 11일 17시,금요일,울산광역시 남구 선암동,경상사고,0,0,1,0,차대차 - 측면충돌,안전운전불이행,건조,맑음,교차로 - 교차로부근,승용,남,60세,상해없음,승용,남,32세,경상