사고번호,사고일시,요일,시군구,사고내용,사망자수,중상자수,경상자수,부상신고자수,사고유형,법규위반,노면상태,기상상태,도로형태,가해운전자 차종,가해운전자 성별,가해운전자 연령,가해운전자 상해정도,피해운전자 차종,피해운전자 성별,피해운전자 연령,피해운전자 상해정도
2023081100100452,2023년 8월 11일 17시,금요일,울산광역시 북구 연암동,경상사고,0,0,2,0,차대차 - 추돌,안전운전불이행,건조,맑음,단일로 - 기타,이륜,남,45세,경상,승용,남,47세,경상
2023081100100453,2023년 8월 11일 17시,금요일,울산광역시 북구 진장동,경상사고,0,0,1,0,차대차 - 추돌,안전운전불이행,건조,맑음,교차로 - 교차로부근,승용,남,52세,상해없음,특수,남,46세,경상
2023081100100505,2023년 8월 11일 18시,금요일,울산광역시 중구 학성동,경상사고,0,0,1,0,차대차 - 추돌,안전운전불이행,건조,맑음,단일로 - 기타,이륜,남,62세,기타불명,승용,여,24세,경상
2023081100100506,2023년 8월 11일 18시,금요일,울산광역시 동구 전하동,경상사고,0,0,1,0,차대사람 - 횡단중,보행자보호의무위반,건조,맑음,교차로 - 교차로횡단보도내,승용,남,54세,상해없음,보행자,남,14세,경상
2023081100100618,2023년 8월 11일 21시,금요일,울산광역시 중구 성안동,경상사고,0,0,1,0,차대차 - 기타,교차로운행방법위반,건조,맑음,교차로 - 교차로안,이륜,남,17세,상해없음,이륜,남,62세,경상
2023081100100619,2023년 8월 11일 21시,금요일,울산광역시 울주군 언양읍,부상신고사고,0,0,0,4,차량단독 - 공작물충돌,안전운전불이행,건조,맑음,단일로 - 기타,승용,남,73세,부상신고,,,,
2023081100100647,2023년 8월 11일 22시,금요일,울산광역시 남구 삼산동,경상사고,0,0,1,0,차대차 - 측면충돌,신호위반,건조,맑음,교차로 - 교차로안,화물,남,38세,상해없음,이륜,남,24세,경상
2023081200100044,2023년 8월 12일 04시,토요일,울산광역시 울주군 삼남읍,중상사고,0,2,2,0,차대차 - 측면충돌,안전거리미확보,건조,맑음,단일로 - 기타,승용,남,51세,상해없음,승용,남,30세,경상
2023081200100177,2023년 8월 12일 11시,토요일,울산광역시 울주군 서생면,경상사고,0,0,1,0,차대차 - 측면충돌,안전운전불이행,건조,맑음,기타 - 기타,화물,남,49세,상해없음,승용,남,71세,경상
2023081200100396,2023년 8월 12일 17시,토요일,울산광역시 동구 서부동,경상사고,0,0,1,0,차대차 - 추돌,안전운전불이행,건조,맑음,교차로 - 교차로안,승용,남,50세,상해없음,이륜,남,30세,경상
2023081200100424,2023년 8월 12일 18시,토요일,울산광역시 남구 무거동,경상사고,0,0,2,0,차대차 - 측면충돌,안전거리미확보,건조,맑음,교차로 - 교차로안,이륜,남,25세,상해없음,승용,남,61세,경상
2023081200100425,2023년 8월 12일 18시,토요일,울산광역시 동구 동부동,경상사고,0,0,1,0,차대사람 - 기타,안전운전불이행,건조,맑음,단일로 - 기타,승용,남,29세,기타불명,보행자,남,23세,경상
2023081200100485,2023년 8월 12일 21시,토요일,울산광역시 북구 매곡동,경상사고,0,0,2,0,차대차 - 후진중충돌,안전운전불이행,건조,맑음,교차로 - 교차로안,승용,여,58세,상해없음,승용,남,68세,경상
2023081200100505,2023년 8월 12일 22시,토요일,울산광역시 중구 반구동,경상사고,0,0,2,0,차대차 - 측면충돌,안전운전불이행,건조,맑음,교차로 - 교차로부근,승용,남,30세,상해없음,승용,남,58세,경상
2023081300100031,2023년 8월 13일 02시,일요일,울산광역시 울주군 온양읍,경상사고,0,0,1,0,차대사람 - 기타,안전운전불이행,건조,맑음,단일로 - 기타,승용,여,41세,기타불명,보행자,여,61세,경상
2023081300100178,2023년 8월 13일 13시,일요일,울산광역시 남구 삼산동,경상사고,0,0,1,0,차대차 - 측면충돌,안전거리미확보,건조,맑음,교차로 - 교차로부근,승용,남,39세,상해없음,승용,여,24세,경상
2023081300100262,2023년 8월 13일 16시,일요일,울산광역시 북구 호계동,경상사고,0,0,1,0,차대차 - 측면충돌,교차로운행방법위반,건조,맑음,교차로 - 교차로안,승용,남,51세,상해없음,이륜,남,67세,경상
2023081300100356,2023년 8월 13일 21시,일요일,울산광역시 남구 삼산동,경상사고,0,0,1,0,차대사람 - 횡단중,보행자보호의무위반,건조,맑음,단일로 - 지하차도(도로)내,승용,남,53세,상해없음,보행자,남,17세,경상
2023081300100373,2023년 8월 13일 23시,일요일,울산광역시 울주군 범서읍,경상사고,0,0,1,0,차대차 - 측면충돌,교차로운행방법위반,건조,맑음,교차로 - 교차로안,승용,남,59세,상해없음,이륜,남,56세,경상
2023081400100009,2023년 8월 14일 00시,월요일,울산광역시 중구 서동,경상사고,0,0,1,0,차대차 - 추돌,안전운전불이행,건조,맑음,단일로 - 기타,승용,여,53세,상해없음,승용,여,48세,경상
2023081400100010,2023년 8월 14일 00시,월요일,울산광역시 북구 연암동,경상사고,0,0,1,0,차대차 - 기타,중앙선침범,건조,맑음,교차로 - 교차로부근,승용,남,82세,상해없음,건설기계,남,51세,경상
2023081400100045,2023년 8월 14일 06시,월요일,울산광역시 중구 다운동,경상사고,0,0,3,0,차대차 - 측면충돌,안전운전불이행,건조,맑음,교차로 - 교차로안,승용,남,49세,경상,승용,남,54세,경상
2023081400100062,2023년 8월 14일 07시,월요일,울산광역시 동구 일산동,중상사고,0,1,0,0,차대차 - 정면충돌,직진우회전진행방해,건조,맑음,교차로 - 교차로안,이륜,남,53세,상해없음,자전거,남,65세,상해없음
2023081400100096,2023년 8월 14일 08시,월요일,울산광역시 북구 염포동,경상사고,0,0,1,0,차대차 - 추돌,안전운전불이행,건조,맑음,단일로 - 지하차도(도로)내,화물,남,53세,상해없음,화물,남,58세,경상
2023081400100128,2023년 8월 14일 09시,월요일,울산광역시 남구 무거동,경상사고,0,0,1,0,차대차 - 측면충돌,안전거리미확보,건조,맑음,교차로 - 교차로안,승용,남,60세,상해없음,승용,남,39세,경상
2023081400100213,2023년 8월 14일 11시,월요일,울산광역시 중구 성남동,중상사고,0,1,0,0,차대사람 - 횡단중,안전운전불이행,건조,맑음,단일로 - 기타,승용,남,28세,상해없음,보행자,여,81세,중상
2023081400100244,2023년 8월 14일 12시,월요일,울산광역시 남구 삼산동,경상사고,0,0,1,0,차대차 - 정면충돌,교차로운행방법위반,건조,맑음,교차로 - 교차로안,승용,남,29세,상해없음,이륜,남,37세,경상
2023081400100245,2023년 8월 14일 12시,월요일,울산광역시 울주군 범서읍,경상사고,0,0,1,0,차량단독 - 공작물충돌,안전운전불이행,건조,맑음,단일로 - 기타,화물,남,67세,경상,,,,
2023081400100246,2023년 8월 14일 12시,월요일,울산광역시 북구 신천동,부상신고사고,0,0,0,1,차대사람 - 길가장자리구역통행중,안전운전불이행,건조,맑음,교차로 - 교차로부근,이륜,남,28세,상해없음,보행자,남,17세,부상신고
2023081400100288,2023년 8월 14일 13시,월요일,울산광역시 남구 무거동,부상신고사고,0,0,0,1,차대차 - 측면충돌,안전운전불이행,건조,맑음,단일로 - 기타,자전거,남,60세,부상신고,승용,남,53세,상해없음
2023081400100421,2023년 8월 14일 16시,월요일,울산광역시 북구 연암동,중상사고,0,1,1,0,차대차 - 측면충돌,안전거리미확보,건조,맑음,단일로 - 기타,승용,남,55세,상해없음,승용,여,48세,중상
2023081400100544,2023년 8월 14일 20시,월요일,울산광역시 남구 달동,경상사고,0,0,2,0,차대차 - 기타,안전거리미확보,건조,맑음,교차로 - 교차로부근,승용,여,21세,상해없음,승용,남,26세,경상
2023081400100545,2023년 8월 14일 20시,월요일,울산광역시 북구 신천동,경상사고,0,0,2,0,차대차 - 측면충돌,신호위반,건조,맑음,교차로 - 교차로부근,승용,여,59세,상해없음,승용,여,50세,경상
2023081500100012,2023년 8월 15일 00시,화요일,울산광역시 울주군 범서읍,사망사고,1,0,0,0,차대사람 - 횡단중,안전운전불이행,젖음/습기,흐림,단일로 - 기타,승용,남,65세,상해없음,보행자,남,63세,사망
2023081500100070,2023년 8월 15일 06시,화요일,울산광역시 울주군 온산읍,경상사고,0,0,1,0,차대차 - 측면충돌,신호위반,건조,맑음,교차로 - 교차로안,화물,남,28세,상해없음,승용,남,44세,경상
2023081500100113,2023년 8월 15일 09시,화요일,울산광역시 남구 달동,부상신고사고,0,0,0,1,차대차 - 측면충돌,교차로운행방법위반,건조,맑음,교차로 - 교차로안,승용,여,59세,상해없음,승용,남,42세,부상신고
2023081500100207,2023년 8월 15일 12시,화요일,울산광역시 중구 성남동,경상사고,0,0,1,0,차대사람 - 횡단중,보행자보호의무위반,건조,맑음,교차로 - 교차로안,화물,남,64세,상해없음,보행자,여,53세,경상
2023081500100264,2023년 8월 15일 14시,화요일,울산광역시 동구 화정동,중상사고,0,1,0,0,차대사람 - 길가장자리구역통행중,안전운전불이행,건조,맑음,단일로 - 기타,승용,여,40세,상해없음,보행자,남,13세,중상
2023081500100381,2023년 8월 15일 18시,화요일,울산광역시 울주군 온산읍,경상사고,0,0,1,0,차대차 - 기타,신호위반,건조,맑음,교차로 - 교차로안,이륜,남,19세,경상,승용,남,47세,상해없음
2023081500100400,2023년 8월 15일 19시,화요일,울산광역시 울주군 온산읍,중상사고,0,1,1,0,차대사람 - 기타,안전운전불이행,건조,맑음,단일로 - 기타,화물,여,49세,경상,보행자,남,53세,중상
2023081500100401,2023년 8월 15일 19시,화요일,울산광역시 울주군 온양읍,경상사고,0,0,1,0,차대차 - 기타,안전운전불이행,건조,맑음,단일로 - 기타,승용,여,41세,상해없음,승용,남,60세,상해없음
2023081500100402,2023년 8월 15일 19시,화요일,울산광역시 북구 화봉동,경상사고,0,0,1,0,차대사람 - 횡단중,안전운전불이행,건조,맑음,단일로 - 기타,이륜,남,29세,기타불명,보행자,남,14세,경상
2023081600100005,2023년 8월 16일 00시,수요일,울산광역시 남구 삼산동,경상사고,0,0,1,0,차대차 - 측면충돌,기타,건조,맑음,교차로 - 교차로부근,승용,남,48세,상해없음,이륜,남,57세,경상
2023081600100023,2023년 8월 16일 04시,수요일,울산광역시 중구 학산동,중상사고,0,1,1,0,차대차 - 기타,교차로운행방법위반,건조,맑음,교차로 - 교차로안,승용,남,63세,상해없음,승용,여,58세,중상
2023081600100181,2023년 8월 16일 10시,수요일,울산광역시 북구 매곡동,중상사고,0,1,0,0,차대차 - 측면충돌,교차로운행방법위반,건조,맑음,교차로 - 교차로안,화물,남,64세,상해없음,자전거,남,12세,중상
2023081600100217,2023년 8월 16일 11시,수요일,울산광역시 중구 우정동,중상사고,0,1,0,0,차대차 - 측면충돌,안전운전불이행,건조,맑음,단일로 - 기타,승용,남,76세,상해없음,이륜,남,45세,중상
2023081600100218,2023년 8월 16일 11시,수요일,울산광역시 울주군 온양읍,경상사고,0,0,1,0,차대차 - 측면충돌,안전운전불이행,건조,맑음,교차로 - 교차로안,승용,남,39세,상해없음,화물,남,48세,경상
2023081600100291,2023년 8월 16일 13시,수요일,울산광역시 울주군 삼남읍,경상사고,0,0,1,0,차대차 - 측면충돌,안전운전불이행,건조,맑음,단일로 - 기타,이륜,남,16세,경상,승용,여,55세,상해없음
2023081600100493,2023년 8월 16일 18시,수요일,울산광역시 북구 명촌동,경상사고,0,0,1,0,차대차 - 측면충돌,안전운전불이행,건조,흐림,단일로 - 지하차도(도로)내,승합,남,64세,상해없음,이륜,여,40세,경상
2023081700100132,2023년 8월 17일 09시,목요일,울산광역시 북구 연암동,중상사고,0,2,0,0,차대차 - 측면충돌,신호위반,건조,맑음,교차로 - 교차로안,이륜,남,22세,중상,이륜,남,33세,중상
2023081700100406,2023년 8월 17일 17시,목요일,울산광역시 남구 달동,경상사고,0,0,1,0,차대사람 - 기타,안전운전불이행,건조,맑음,단일로 - 기타,승합,남,58세,상해없음,보행자,남,46세,경상
2023081700100407,2023년 8월 17일 17시,목요일,울산광역시 북구 송정동,경상사고,0,0,1,0,차대차 - 측면충돌,안전운전불이행,건조,맑음,단일로 - 기타,승용,여,63세,상해없음,특수,남,65세,경상
2023081700100439,2023년 8월 17일 18시,목요일,울산광역시 남구 삼산동,중상사고,0,1,1,0,차대차 - 기타,안전운전불이행,건조,맑음,기타 - 기타,자전거,남,63세,경상,자전거,남,55세,중상
2023081700100510,2023년 8월 17일 20시,목요일,울산광역시 남구 신정동,중상사고,0,1,0,0,차대사람 - 횡단중,신호위반,건조,맑음,단일로 - 기타,승용,남,71세,상해없음,보행자,여,78세,중상
2023081700100556,2023년 8월 17일 22시,목요일,울산광역시 북구 호계동,중상사고,0,1,1,0,차대차 - 측면충돌,신호위반,건조,맑음,교차로 - 교차로안,이륜,남,24세,중상,승용,남,71세,경상
2023081700100573,2023년 8월 17일 23시,목요일,울산광역시 동구 서부동,경상사고,0,0,1,0,차대차 - 측면충돌,신호위반,건조,맑음,교차로 - 교차로횡단보도내,승용,남,54세,상해없음,승용,남,49세,경상
2023081800100047,2023년 8월 18일 06시,금요일,울산광역시 남구 부곡동,경상사고,0,0,1,0,차대차 - 기타,안전운전불이행,건조,맑음,기타 - 기타,원동기,남,26세,경상,승용,남,61세,상해없음
2023081800100109,2023년 8월 18일 08시,금요일,울산광역시 울주군 삼남읍,사망사고,1,0,0,0,차대차 - 측면충돌,직진우회전진행방해,젖음/습기,비,교차로 - 교차로안,건설기계,남,55세,상해없음,원동기,남,75세,사망
2023081800100235,2023년 8월 18일 11시,금요일,울산광역시 중구 우정동,중상사고,0,1,0,0,차대차 - 기타,직진우회전진행방해,건조,흐림,교차로 - 교차로안,승용,여,64세,상해없음,이륜,남,46세,중상
2023081800100236,2023년 8월 18일 11시,금요일,울산광역시 북구 호계동,중상사고,0,1,1,0,차대차 - 추돌,안전운전불이행,건조,맑음,교차로 - 교차로부근,승용,여,37세,상해없음,승용,남,28세,경상
2023081800100268,2023년 8월 18일 12시,금요일,울산광역시 남구 무거동,부상신고사고,0,0,0,1,차대차 - 기타,직진우회전진행방해,건조,맑음,교차로 - 교차로안,개인형이동수단(PM),남,32세,부상신고,승용,남,24세,기타불명
2023081800100335,2023년 8월 18일 14시,금요일,울산광역시 남구 야음동,중상사고,0,1,0,0,차대사람 - 횡단중,보행자보호의무위반,젖음/습기,흐림,단일로 - 기타,승용,남,63세,상해없음,보행자,여,6세,중상
2023081800100556,2023년 8월 18일 19시,금요일,울산광역시 남구 야음동,경상사고,0,0,1,0,차대차 - 측면충돌,신호위반,건조,맑음,교차로 - 교차로안,승용,여,54세,상해없음,이륜,남,61세,경상
2023081800100665,2023년 8월 18일 23시,금요일,울산광역시 남구 달동,중상사고,0,1,0,0,차대차 - 추돌,안전운전불이행,젖음/습기,비,교차로 - 교차로부근,승용,여,52세,상해없음,승용,여,49세,기타불명
2023081900100014,2023년 8월 19일 00시,토요일,울산광역시 중구 복산동,경상사고,0,0,3,0,차대차 - 측면충돌,안전거리미확보,젖음/습기,흐림,단일로 - 기타,승용,남,19세,상해없음,승용,남,55세,경상
2023081900100042,2023년 8월 19일 03시,토요일,울산광역시 동구 방어동,중상사고,0,1,0,0,차대사람 - 차도통행중,안전운전불이행,젖음/습기,비,단일로 - 기타,화물,남,29세,상해없음,보행자,여,66세,중상
2023081900100092,2023년 8월 19일 08시,토요일,울산광역시 남구 용연동,경상사고,0,0,1,0,차대차 - 기타,교차로운행방법위반,건조,맑음,교차로 - 교차로안,화물,남,75세,상해없음,건설기계,남,49세,경상
2023081900100148,2023년 8월 19일 10시,토요일,울산광역시 북구 호계동,경상사고,0,0,1,0,차대차 - 기타,안전거리미확보,건조,맑음,단일로 - 지하차도(도로)내,이륜,남,68세,상해없음,승합,남,24세,상해없음
2023081900100181,2023년 8월 19일 11시,토요일,울산광역시 북구 효문동,경상사고,0,0,2,0,차대차 - 측면충돌,안전거리미확보,젖음/습기,비,단일로 - 지하차도(도로)내,승용,여,28세,상해없음,승용,남,30세,경상
2023081900100261,2023년 8월 19일 13시,토요일,울산광역시 북구 상안동,중상사고,0,1,1,0,차대차 - 측면충돌,신호위반,건조,맑음,교차로 - 교차로안,이륜,남,62세,중상,승용,남,71세,경상
2023081900100353,2023년 8월 19일 16시,토요일,울산광역시 중구 반구동,부상신고사고,0,0,0,1,차대차 - 기타,안전운전불이행,젖음/습기,비,단일로 - 기타,이륜,남,37세,부상신고,승용,남,50세,상해없음
2023081900100354,2023년 8월 19일 16시,토요일,울산광역시 북구 진장동,경상사고,0,0,1,0,차대차 - 측면충돌,안전운전불이행,젖음/습기,비,단일로 - 기타,화물,남,70세,상해없음,승합,남,49세,경상
2023081900100443,2023년 8월 19일 19시,토요일,울산광역시 중구 우정동,경상사고,0,0,1,0,차대사람 - 횡단중,안전운전불이행,건조,맑음,단일로 - 기타,승용,남,57세,상해없음,보행자,남,51세,경상
2023082000100023,2023년 8월 20일 01시,일요일,울산광역시 울주군 온산읍,경상사고,0,0,1,0,차대차 - 기타,안전운전불이행,건조,맑음,교차로 - 교차로안,승용,여,34세,상해없음,승용,여,47세,경상
2023082000100125,2023년 8월 20일 11시,일요일,울산광역시 중구 태화동,경상사고,0,0,1,0,차대차 - 측면충돌,기타,건조,맑음,단일로 - 기타,승용,남,25세,상해없음,자전거,남,51세,경상
2023082000100333,2023년 8월 20일 18시,일요일,울산광역시 북구 무룡동,경상사고,0,0,1,0,차대차 - 추돌,안전운전불이행,건조,맑음,교차로 - 교차로부근,승용,여,50세,상해없음,화물,남,25세,경상
2023082100100079,2023년 8월 21일 07시,월요일,울산광역시 남구 달동,경상사고,0,0,1,0,차대사람 - 기타,안전운전불이행,건조,맑음,단일로 - 기타,승용,남,64세,상해없음,보행자,남,67세,경상
2023082100100118,2023년 8월 21일 08시,월요일,울산광역시 중구 복산동,경상사고,0,0,1,0,차대차 - 기타,안전운전불이행,건조,맑음,교차로 - 교차로안,승용,남,47세,상해없음,승용,남,59세,경상
2023082100100119,2023년 8월 21일 08시,월요일,울산광역시 남구 무거동,경상사고,0,0,1,0,차대차 - 정면충돌,신호위반,건조,맑음,교차로 - 교차로안,이륜,남,53세,경상,승용,남,24세,상해없음
2023082100100160,2023년 8월 21일 09시,월요일,울산광역시 중구 유곡동,경상사고,0,0,1,0,차대사람 - 횡단중,보행자보호의무위반,건조,맑음,단일로 - 기타,승용,여,58세,상해없음,보행자,남,9세,경상
2023082100100161,2023년 8월 21일 09시,월요일,울산광역시 남구 삼산동,경상사고,0,0,1,0,차대차 - 측면충돌,안전거리미확보,건조,맑음,교차로 - 교차로부근,화물,남,55세,상해없음,승용,여,45세,경상
2023082100100198,2023년 8월 21일 10시,월요일,울산광역시 북구 양정동,경상사고,0,0,1,0,차대사람 - 길가장자리구역통행중,안전운전불이행,건조,맑음,단일로 - 기타,기타불명,기타불명,미분류,기타불명,보행자,남,22세,경상
2023082100100237,2023년 8월 21일 11시,월요일,울산광역시 남구 달동,경상사고,0,0,1,0,차대차 - 측면충돌,안전운전불이행,건조,맑음,단일로 - 기타,승용,여,30세,상해없음,승용,여,44세,경상
2023082100100381,2023년 8월 21일 15시,월요일,울산광역시 중구 서동,경상사고,0,0,1,0,차대차 - 측면충돌,차로위반,건조,맑음,교차로 - 교차로안,승용,남,39세,상해없음,승용,여,51세,경상
2023082100100521,2023년 8월 21일 18시,월요일,울산광역시 동구 일산동,중상사고,0,1,0,0,차대차 - 추돌,안전운전불이행,건조,맑음,교차로 - 교차로부근,승용,남,27세,상해없음,승용,남,54세,중상
2023082100100551,2023년 8월 21일 19시,월요일,울산광역시 남구 신정동,경상사고,0,0,1,0,차대사람 - 보도통행중,안전운전불이행,건조,맑음,교차로 - 교차로안,승용,여,54세,상해없음,보행자,남,43세,경상
2023082100100552,2023년 8월 21일 19시,월요일,울산광역시 동구 전하동,중상사고,0,1,0,0,차대차 - 측면충돌,신호위반,건조,맑음,교차로 - 교차로안,승용,남,32세,상해없음,이륜,남,59세,중상
2023082100100598,2023년 8월 21일 21시,월요일,울산광역시 북구 양정동,경상사고,0,0,1,0,차대사람 - 횡단중,보행자보호의무위반,건조,맑음,교차로 - 교차로부근,승용,남,59세,상해없음,보행자,남,60세,경상
2023082200100011,2023년 8월 22일 00시,화요일,울산광역시 남구 신정동,경상사고,0,0,1,0,차대차 - 측면충돌,안전운전불이행,건조,맑음,단일로 - 기타,승용,남,26세,상해없음,승용,여,32세,경상
2023082200100075,2023년 8월 22일 07시,화요일,울산광역시 북구 화봉동,경상사고,0,0,1,0,차대차 - 추돌,안전운전불이행,건조,맑음,교차로 - 교차로부근,승용,남,27세,상해없음,승용,남,30세,경상
2023082200100158,2023년 8월 22일 09시,화요일,울산광역시 북구 당사동,경상사고,0,0,1,0,차량단독 - 기타,안전운전불이행,건조,맑음,단일로 - 고가도로위,승합,남,43세,상해없음,,,,
2023082200100283,2023년 8월 22일 13시,화요일,울산광역시 울주군 온산읍,중상사고,0,1,0,0,차대차 - 측면충돌,신호위반,건조,맑음,교차로 - 교차로안,승용,남,40세,상해없음,화물,남,62세,중상
2023082200100284,2023년 8월 22일 13시,화요일,울산광역시 울주군 온양읍,경상사고,0,0,1,0,차대차 - 측면충돌,안전운전불이행,건조,맑음,교차로 - 교차로안,화물,남,59세,상해없음,승용,남,78세,경상
2023082200100316,2023년 8월 22일 14시,화요일,울산광역시 남구 선암동,중상사고,0,1,0,0,차대차 - 기타,안전거리미확보,건조,맑음,단일로 - 기타,승용,여,39세,상해없음,화물,남,35세,중상
2023082200100317,2023년 8월 22일 14시,화요일,울산광역시 북구 달천동,경상사고,0,0,1,0,차대차 - 추돌,신호위반,건조,맑음,교차로 - 교차로안,승용,여,34세,상해없음,개인형이동수단(PM),여,39세,경상
2023082200100455,2023년 8월 22일 17시,화요일,울산광역시 동구 일산동,중상사고,0,1,0,0,차대차 - 측면충돌,안전운전불이행,건조,맑음,교차로 - 교차로안,승합,여,57세,상해없음,이륜,남,54세,중상
2023082200100579,2023년 8월 22일 20시,화요일,울산광역시 울주군 온산읍,중상사고,0,1,0,0,차대차 - 측면충돌,직진우회전진행방해,건조,맑음,교차로 - 교차로안,원동기,남,16세,중상,승용,남,62세,상해없음
2023082200100580,2023년 8월 22일 20시,화요일,울산광역시 북구 진장동,경상사고,0,0,1,0,차대사람 - 횡단중,안전운전불이행,건조,맑음,교차로 - 교차로부근,자전거,남,45세,상해없음,보행자,여,51세,경상
2023082300100010,2023년 8월 23일 00시,수요일,울산광역시 북구 양정동,중상사고,0,1,0,0,차대차 - 측면충돌,중앙선침범,건조,맑음,단일로 - 고가도로위,승용,남,67세,상해없음,이륜,남,22세,중상
2023082300100034,2023년 8월 23일 05시,수요일,울산광역시 북구 진장동,중상사고,0,1,1,0,차대차 - 측면충돌,신호위반,건조,맑음,교차로 - 교차로안,승용,여,67세,경상,승용,여,50세,중상
2023082300100108,2023년 8월 23일 08시,수요일,울산광역시 남구 달동,중상사고,0,1,0,0,차대차 - 추돌,안전운전불이행,건조,맑음,교차로 - 교차로부근,자전거,남,13세,중상,승용,여,66세,상해없음
2023082300100109,2023년 8월 23일 08시,수요일,울산광역시 남구 무거동,경상사고,0,0,1,0,차대차 - 측면충돌,교차로운행방법위반,건조,맑음,교차로 - 교차로부근,자전거,여,26세,경상,승용,여,52세,상해없음
2023082300100136,2023년 8월 23일 09시,수요일,울산광역시 남구 삼산동,경상사고,0,0,2,0,차대차 - 후진중충돌,안전운전불이행,건조,맑음,교차로 - 교차로부근,승용,여,54세,상해없음,승용,남,50세,경상
2023082300100194,2023년 8월 23일 11시,수요일,울산광역시 남구 신정동,중상사고,0,1,0,0,차대차 - 측면충돌,신호위반,건조,맑음,교차로 - 교차로안,승용,여,56세,상해없음,승용,남,30세,중상
2023082300100229,2023년 8월 23일 12시,수요일,울산광역시 남구 신정동,경상사고,0,0,1,0,차대차 - 측면충돌,안전거리미확보,건조,맑음,교차로 - 교차로부근,승용,남,76세,상해없음,승용,남,31세,경상
2023082300100317,2023년 8월 23일 15시,수요일,울산광역시 중구 복산동,경상사고,0,0,1,0,차대차 - 측면충돌,안전거리미확보,건조,맑음,단일로 - 기타,승합,남,64세,상해없음,승용,남,60세,상해없음
2023082300100383,2023년 8월 23일 17시,수요일,울산광역시 남구 신정동,경상사고,0,0,1,0,차대사람 - 횡단중,안전운전불이행,건조,맑음,교차로 - 교차로부근,승용,남,31세,상해없음,보행자,여,51세,경상
2023082300100423,2023년 8월 23일 18시,수요일,울산광역시 울주군 온산읍,경상사고,0,0,1,0,차대사람 - 횡단중,보행자보호의무위반,건조,맑음,단일로 - 기타,이륜,남,63세,기타불명,보행자,남,49세,경상
2023082300100577,2023년 8월 23일 23시,수요일,울산광역시 남구 삼산동,경상사고,0,0,1,0,차대차 - 측면충돌,신호위반,건조,맑음,교차로 - 교차로부근,승용,남,76세,기타불명,이륜,남,20세,경상
2023082400100067,2023년 8월 24일 06시,목요일,울산광역시 남구 무거동,중상사고,0,1,0,0,차대차 - 추돌,안전운전불이행,젖음/습기,비,교차로 - 교차로부근,승용,남,30세,상해없음,이륜,남,70세,중상
2023082400100092,2023년 8월 24일 07시,목요일,울산광역시 남구 옥동,경상사고,0,0,1,0,차대차 - 측면충돌,교차로운행방법위반,젖음/습기,비,교차로 - 교차로부근,승용,남,58세,상해없음,승용,여,28세,경상
2023082400100128,2023년 8월 24일 08시,목요일,울산광역시 중구 성남동,중상사고,0,1,0,0,차대사람 - 횡단중,신호위반,젖음/습기,비,교차로 - 교차로안,승용,남,57세,상해없음,보행자,여,30세,중상
2023082400100129,2023년 8월 24일 08시,목요일,울산광역시 남구 삼산동,경상사고,0,0,1,0,차대차 - 측면충돌,교차로운행방법위반,젖음/습기,비,교차로 - 교차로안,승용,여,61세,상해없음,승용,여,56세,경상
2023082400100130,2023년 8월 24일 08시,목요일,울산광역시 울주군 삼동면,부상신고사고,0,0,0,1,차량단독 - 공작물충돌,안전운전불이행,젖음/습기,비,단일로 - 기타,승용,여,62세,부상신고,,,,
2023082400100131,2023년 8월 24일 08시,목요일,울산광역시 북구 중산동,경상사고,0,0,1,0,차대차 - 추돌,안전거리미확보,젖음/습기,비,단일로 - 기타,승용,남,40세,상해없음,화물,남,61세,상해없음
2023082400100240,2023년 8월 24일 12시,목요일,울산광역시 남구 삼산동,경상사고,0,0,1,0,차대차 - 후진중충돌,안전운전불이행,건조,맑음,주차장 - 주차장,화물,남,71세,상해없음,승용,여,57세,경상
2023082400100270,2023년 8월 24일 13시,목요일,울산광역시 동구 전하동,중상사고,0,1,0,0,차대사람 - 횡단중,안전운전불이행,건조,맑음,교차로 - 교차로횡단보도내,화물,남,52세,상해없음,보행자,남,79세,중상
2023082400100305,2023년 8월 24일 14시,목요일,울산광역시 남구 달동,경상사고,0,0,2,0,차대차 - 기타,안전운전불이행,건조,맑음,교차로 - 교차로부근,이륜,남,26세,경상,승용,남,70세,경상
2023082400100382,2023년 8월 24일 16시,목요일,울산광역시 울주군 온산읍,경상사고,0,0,2,0,차대차 - 측면충돌,신호위반,젖음/습기,비,교차로 - 교차로안,화물,남,44세,상해없음,특수,남,66세,경상
2023082400100419,2023년 8월 24일 17시,목요일,울산광역시 울주군 범서읍,경상사고,0,0,1,0,차대차 - 추돌,안전운전불이행,건조,맑음,단일로 - 기타,승용,남,41세,상해없음,승용,남,24세,경상
2023082400100420,2023년 8월 24일 17시,목요일,울산광역시 울주군 삼남읍,경상사고,0,0,1,0,차대차 - 정면충돌,신호위반,건조,맑음,교차로 - 교차로안,화물,남,58세,상해없음,승용,남,35세,경상
2023082400100464,2023년 8월 24일 18시,목요일,울산광역시 남구 야음동,중상사고,0,1,0,0,차대차 - 측면충돌,안전운전불이행,젖음/습기,맑음,교차로 - 교차로안,원동기,남,15세,중상,승용,남,61세,상해없음