사고번호,사고일시,요일,시군구,사고내용,사망자수,중상자수,경상자수,부상신고자수,사고유형,법규위반,노면상태,기상상태,도로형태,가해운전자 차종,가해운전자 성별,가해운전자 연령,가해운전자 상해정도,피해운전자 차종,피해운전자 성별,피해운전자 연령,피해운전자 상해정도
2023090600100175,2023년 9월 6일 09시,수요일,울산광역시 중구 약사동,경상사고,0,0,1,0,차대차 - 측면충돌,기타,건조,맑음,교차로 - 교차로안,화물,남,59세,상해없음,승용,남,31세,경상
2023090600100362,2023년 9월 6일 15시,수요일,울산광역시 남구 신정동,중상사고,0,1,0,0,차대사람 - 차도통행중,안전운전불이행,건조,맑음,단일로 - 기타,승용,여,69세,상해없음,보행자,여,71세,중상
2023090600100363,2023년 9월 6일 15시,수요일,울산광역시 동구 전하동,중상사고,0,1,0,0,차대차 - 측면충돌,직진우회전진행방해,건조,맑음,교차로 - 교차로안,승용,남,75세,상해없음,이륜,남,70세,중상
2023090600100410,2023년 9월 6일 16시,수요일,울산광역시 남구 무거동,경상사고,0,0,1,0,차대사람 - 횡단중,보행자보호의무위반,건조,맑음,단일로 - 기타,승합,남,46세,상해없음,보행자,남,12세,경상
2023090600100411,2023년 9월 6일 16시,수요일,울산광역시 울주군 웅촌면,사망사고,1,0,0,0,차대사람 - 횡단중,보행자보호의무위반,건조,맑음,교차로 - 교차로횡단보도내,승합,남,63세,상해없음,보행자,여,59세,사망
2023090600100461,2023년 9월 6일 17시,수요일,울산광역시 북구 매곡동,경상사고,0,0,1,0,차대차 - 측면충돌,안전운전불이행,건조,맑음,단일로 - 기타,승용,여,52세,상해없음,승용,남,36세,경상
2023090600100509,2023년 9월 6일 18시,수요일,울산광역시 북구 진장동,경상사고,0,0,2,0,차대차 - 정면충돌,신호위반,건조,맑음,교차로 - 교차로안,승용,남,51세,상해없음,승용,남,57세,경상
2023090600100510,2023년 9월 6일 18시,수요일,울산광역시 북구 호계동,경상사고,0,0,1,0,차대사람 - 횡단중,안전운전불이행,건조,맑음,단일로 - 지하차도(도로)내,승용,남,66세,상해없음,보행자,남,57세,경상
2023090600100550,2023년 9월 6일 19시,수요일,울산광역시 남구 달동,중상사고,0,1,1,0,차대차 - 측면충돌,안전운전불이행,건조,맑음,교차로 - 교차로안,승용,여,34세,상해없음,이륜,여,29세,중상
2023090600100551,2023년 9월 6일 19시,수요일,울산광역시 남구 삼산동,경상사고,0,0,1,0,차대차 - 측면충돌,신호위반,건조,맑음,교차로 - 교차로부근,승용,남,53세,상해없음,이륜,남,23세,경상
2023090600100552,2023년 9월 6일 19시,수요일,울산광역시 남구 삼산동,경상사고,0,0,3,0,차대차 - 추돌,안전운전불이행,건조,맑음,교차로 - 교차로안,승용,남,64세,상해없음,승용,남,56세,경상
2023090600100553,2023년 9월 6일 19시,수요일,울산광역시 북구 화봉동,중상사고,0,1,0,0,차대사람 - 횡단중,보행자보호의무위반,건조,맑음,교차로 - 교차로횡단보도내,승용,여,52세,상해없음,보행자,여,9세,중상
2023090600100579,2023년 9월 6일 20시,수요일,울산광역시 남구 달동,중상사고,0,2,0,0,차대차 - 측면충돌,신호위반,건조,맑음,교차로 - 교차로부근,승용,여,30세,상해없음,이륜,남,17세,중상
2023090600100604,2023년 9월 6일 21시,수요일,울산광역시 북구 양정동,경상사고,0,0,1,0,차대차 - 측면충돌,안전거리미확보,건조,맑음,단일로 - 기타,화물,남,72세,상해없음,승용,남,57세,경상
2023090700100017,2023년 9월 7일 00시,목요일,울산광역시 중구 성남동,중상사고,0,1,0,0,차대사람 - 기타,안전운전불이행,건조,맑음,단일로 - 기타,승용,여,65세,상해없음,보행자,남,62세,중상
2023090700100054,2023년 9월 7일 05시,목요일,울산광역시 울주군 온산읍,경상사고,0,0,1,0,차대차 - 기타,안전운전불이행,건조,맑음,교차로 - 교차로부근,이륜,남,62세,경상,승용,남,32세,상해없음
2023090700100072,2023년 9월 7일 06시,목요일,울산광역시 울주군 청량읍,경상사고,0,0,3,0,차대차 - 추돌,안전거리미확보,건조,맑음,단일로 - 기타,승용,남,49세,상해없음,승용,남,51세,상해없음
2023090700100073,2023년 9월 7일 06시,목요일,울산광역시 울주군 범서읍,중상사고,0,1,0,0,차대차 - 측면충돌,중앙선침범,건조,맑음,교차로 - 교차로부근,농기계,남,79세,중상,승용,남,63세,상해없음
2023090700100074,2023년 9월 7일 06시,목요일,울산광역시 북구 효문동,경상사고,0,0,1,0,차대차 - 추돌,안전운전불이행,건조,맑음,단일로 - 기타,승용,남,31세,상해없음,승합,남,56세,상해없음
2023090700100288,2023년 9월 7일 11시,목요일,울산광역시 울주군 삼남읍,경상사고,0,0,1,0,차대차 - 측면충돌,신호위반,건조,맑음,교차로 - 교차로안,승용,남,50세,기타불명,화물,남,66세,경상
2023090700100325,2023년 9월 7일 12시,목요일,울산광역시 남구 달동,부상신고사고,0,0,0,1,차량단독 - 공작물충돌,안전거리미확보,건조,맑음,단일로 - 기타,승용,여,26세,부상신고,,,,
2023090700100356,2023년 9월 7일 13시,목요일,울산광역시 중구 학산동,경상사고,0,0,1,0,차대사람 - 횡단중,안전운전불이행,건조,맑음,교차로 - 교차로부근,승용,여,79세,상해없음,보행자,여,76세,경상
2023090700100491,2023년 9월 7일 16시,목요일,울산광역시 동구 화정동,경상사고,0,0,1,0,차대사람 - 차도통행중,안전운전불이행,건조,맑음,교차로 - 교차로부근,승용,여,64세,상해없음,보행자,여,60세,경상
2023090700100492,2023년 9월 7일 16시,목요일,울산광역시 북구 진장동,중상사고,0,1,0,0,차대차 - 측면충돌,안전운전불이행,건조,맑음,단일로 - 지하차도(도로)내,승합,남,63세,상해없음,승용,여,62세,중상
2023090700100644,2023년 9월 7일 19시,목요일,울산광역시 동구 서부동,경상사고,0,0,1,0,차대차 - 측면충돌,교차로운행방법위반,건조,맑음,교차로 - 교차로안,승용,남,58세,상해없음,자전거,여,58세,경상
2023090700100689,2023년 9월 7일 21시,목요일,울산광역시 동구 방어동,경상사고,0,0,1,0,차대차 - 추돌,안전운전불이행,건조,맑음,교차로 - 교차로부근,승용,남,26세,상해없음,이륜,여,40세,경상
2023090700100690,2023년 9월 7일 21시,목요일,울산광역시 울주군 삼남읍,부상신고사고,0,0,0,1,차대차 - 측면충돌,직진우회전진행방해,건조,맑음,교차로 - 교차로안,이륜,남,18세,상해없음,승용,남,58세,상해없음
2023090800100025,2023년 9월 8일 02시,금요일,울산광역시 동구 전하동,중상사고,0,1,0,0,차대차 - 추돌,안전운전불이행,건조,맑음,교차로 - 교차로부근,이륜,남,72세,중상,승용,남,68세,상해없음
2023090800100081,2023년 9월 8일 07시,금요일,울산광역시 중구 학성동,중상사고,0,1,0,0,차대차 - 측면충돌,신호위반,건조,맑음,교차로 - 교차로안,자전거,남,76세,중상,승용,여,55세,상해없음
2023090800100276,2023년 9월 8일 12시,금요일,울산광역시 중구 반구동,중상사고,0,1,0,0,차대차 - 측면충돌,교차로운행방법위반,건조,맑음,교차로 - 교차로안,화물,남,54세,상해없음,이륜,남,45세,중상
2023090800100349,2023년 9월 8일 14시,금요일,울산광역시 중구 반구동,중상사고,0,1,0,0,차대차 - 기타,직진우회전진행방해,건조,맑음,교차로 - 교차로안,승용,남,73세,상해없음,자전거,남,68세,중상
2023090800100455,2023년 9월 8일 16시,금요일,울산광역시 남구 신정동,경상사고,0,0,1,0,차대사람 - 횡단중,보행자보호의무위반,건조,맑음,교차로 - 교차로부근,화물,남,68세,상해없음,보행자,여,50세,경상
2023090800100456,2023년 9월 8일 16시,금요일,울산광역시 남구 달동,경상사고,0,0,1,0,차대차 - 추돌,안전운전불이행,건조,맑음,교차로 - 교차로부근,승용,남,57세,상해없음,승용,여,50세,경상
2023090800100529,2023년 9월 8일 17시,금요일,울산광역시 남구 신정동,경상사고,0,0,1,0,차대차 - 측면충돌,안전거리미확보,건조,맑음,교차로 - 교차로부근,승용,여,60세,상해없음,승용,남,23세,경상
2023090800100582,2023년 9월 8일 18시,금요일,울산광역시 울주군 삼남읍,경상사고,0,0,2,0,차대차 - 측면충돌,신호위반,건조,맑음,교차로 - 교차로안,승용,여,32세,기타불명,승용,여,40세,경상
2023090800100583,2023년 9월 8일 18시,금요일,울산광역시 북구 천곡동,중상사고,0,1,1,0,차대차 - 추돌,안전거리미확보,건조,맑음,단일로 - 기타,화물,남,49세,상해없음,승용,여,42세,중상
2023090800100735,2023년 9월 8일 23시,금요일,울산광역시 남구 달동,중상사고,0,1,0,0,차대사람 - 횡단중,보행자보호의무위반,건조,맑음,교차로 - 교차로부근,승합,남,66세,상해없음,보행자,여,27세,중상
2023090900100075,2023년 9월 9일 06시,토요일,울산광역시 동구 화정동,경상사고,0,0,3,0,차대차 - 추돌,안전운전불이행,건조,맑음,교차로 - 교차로부근,승용,남,22세,상해없음,화물,남,40세,경상
2023090900100093,2023년 9월 9일 07시,토요일,울산광역시 동구 방어동,중상사고,0,1,0,0,차대차 - 측면충돌,안전운전불이행,건조,맑음,교차로 - 교차로안,승용,여,23세,상해없음,이륜,남,65세,중상
2023090900100094,2023년 9월 9일 07시,토요일,울산광역시 동구 방어동,중상사고,0,1,0,0,차대차 - 정면충돌,중앙선침범,건조,맑음,단일로 - 기타,승용,여,34세,상해없음,이륜,남,56세,중상
2023090900100150,2023년 9월 9일 09시,토요일,울산광역시 울주군 범서읍,경상사고,0,0,1,0,차대차 - 추돌,안전거리미확보,건조,맑음,단일로 - 기타,승용,남,68세,상해없음,화물,여,50세,경상
2023090900100239,2023년 9월 9일 11시,토요일,울산광역시 남구 달동,중상사고,0,1,0,0,차대차 - 측면충돌,안전거리미확보,건조,맑음,교차로 - 교차로부근,승용,남,37세,상해없음,이륜,남,26세,중상
2023090900100291,2023년 9월 9일 12시,토요일,울산광역시 남구 달동,중상사고,0,1,0,0,차대차 - 측면충돌,신호위반,건조,맑음,교차로 - 교차로안,승용,남,37세,상해없음,이륜,남,29세,중상
2023090900100292,2023년 9월 9일 12시,토요일,울산광역시 울주군 범서읍,경상사고,0,0,1,0,차대차 - 측면충돌,안전운전불이행,건조,맑음,단일로 - 기타,승용,여,71세,상해없음,승용,남,29세,경상
2023090900100338,2023년 9월 9일 13시,토요일,울산광역시 북구 호계동,사망사고,1,0,0,0,차대차 - 추돌,안전운전불이행,건조,맑음,단일로 - 기타,화물,남,57세,상해없음,이륜,남,59세,사망
2023090900100372,2023년 9월 9일 14시,토요일,울산광역시 울주군 온산읍,경상사고,0,0,1,0,차대차 - 측면충돌,신호위반,건조,맑음,교차로 - 교차로안,승용,남,21세,상해없음,화물,남,54세,경상
2023090900100373,2023년 9월 9일 14시,토요일,울산광역시 울주군 범서읍,중상사고,0,1,3,0,차대차 - 측면충돌,안전거리미확보,건조,맑음,단일로 - 기타,승용,남,65세,경상,승용,여,31세,중상
2023090900100505,2023년 9월 9일 17시,토요일,울산광역시 남구 달동,경상사고,0,0,1,0,차대차 - 추돌,안전운전불이행,건조,맑음,교차로 - 교차로부근,이륜,남,38세,경상,승용,여,49세,상해없음
2023091000100129,2023년 9월 10일 10시,일요일,울산광역시 중구 복산동,중상사고,0,1,0,0,차대사람 - 보도통행중,신호위반,건조,맑음,교차로 - 교차로횡단보도내,승용,남,63세,상해없음,보행자,남,34세,중상
2023091000100164,2023년 9월 10일 11시,일요일,울산광역시 남구 달동,중상사고,0,1,0,0,차대차 - 측면충돌,교차로운행방법위반,건조,맑음,교차로 - 교차로안,승용,남,45세,상해없음,이륜,여,37세,중상
2023091000100192,2023년 9월 10일 12시,일요일,울산광역시 중구 서동,경상사고,0,0,2,0,차대차 - 기타,교차로운행방법위반,건조,맑음,교차로 - 교차로안,승용,여,65세,상해없음,승용,남,32세,경상
2023091000100193,2023년 9월 10일 12시,일요일,울산광역시 울주군 언양읍,경상사고,0,0,1,0,차대사람 - 기타,안전운전불이행,건조,맑음,단일로 - 기타,승용,남,32세,상해없음,보행자,남,70세,경상
2023091000100258,2023년 9월 10일 14시,일요일,울산광역시 울주군 서생면,경상사고,0,0,2,0,차대차 - 정면충돌,중앙선침범,건조,맑음,단일로 - 교량,승용,여,77세,상해없음,승용,여,57세,경상
2023091000100289,2023년 9월 10일 15시,일요일,울산광역시 중구 태화동,경상사고,0,0,2,0,차대차 - 측면충돌,안전운전불이행,건조,맑음,교차로 - 교차로안,승용,여,71세,상해없음,승용,남,61세,경상
2023091000100357,2023년 9월 10일 17시,일요일,울산광역시 동구 전하동,중상사고,0,1,0,0,차대차 - 측면충돌,직진우회전진행방해,건조,맑음,교차로 - 교차로안,승용,남,59세,상해없음,이륜,남,54세,중상
2023091000100452,2023년 9월 10일 21시,일요일,울산광역시 중구 성남동,중상사고,0,1,0,0,차대사람 - 기타,안전운전불이행,건조,맑음,교차로 - 교차로횡단보도내,승용,남,29세,상해없음,보행자,남,14세,중상
2023091000100453,2023년 9월 10일 21시,일요일,울산광역시 남구 야음동,부상신고사고,0,0,0,1,차대사람 - 기타,안전운전불이행,건조,맑음,교차로 - 교차로안,승용,남,60세,상해없음,보행자,남,65세,부상신고
2023091000100454,2023년 9월 10일 21시,일요일,울산광역시 북구 호계동,경상사고,0,0,1,0,차대차 - 측면충돌,안전운전불이행,건조,맑음,교차로 - 교차로횡단보도내,승합,남,61세,상해없음,승용,남,43세,상해없음
2023091000100471,2023년 9월 10일 22시,일요일,울산광역시 북구 매곡동,경상사고,0,0,1,0,차대차 - 측면충돌,안전운전불이행,건조,맑음,교차로 - 교차로안,승용,여,49세,상해없음,이륜,남,24세,경상
2023091100100029,2023년 9월 11일 04시,월요일,울산광역시 중구 복산동,중상사고,0,1,0,0,차대사람 - 기타,안전운전불이행,건조,맑음,단일로 - 기타,승용,남,67세,상해없음,보행자,남,20세,중상
2023091100100146,2023년 9월 11일 08시,월요일,울산광역시 울주군 온산읍,경상사고,0,0,1,0,차대차 - 측면충돌,안전거리미확보,건조,맑음,단일로 - 기타,건설기계,남,63세,상해없음,승용,남,28세,경상
2023091100100313,2023년 9월 11일 12시,월요일,울산광역시 남구 달동,부상신고사고,0,0,0,1,차대차 - 추돌,교차로운행방법위반,건조,맑음,교차로 - 교차로안,이륜,남,60세,부상신고,승용,여,57세,상해없음
2023091100100314,2023년 9월 11일 12시,월요일,울산광역시 남구 달동,중상사고,0,1,0,0,차대차 - 측면충돌,신호위반,건조,맑음,단일로 - 기타,승용,여,66세,상해없음,이륜,남,42세,중상
2023091100100410,2023년 9월 11일 15시,월요일,울산광역시 중구 태화동,경상사고,0,0,2,0,차량단독 - 기타,안전운전불이행,건조,맑음,단일로 - 기타,승합,남,52세,상해없음,,,,
2023091100100411,2023년 9월 11일 15시,월요일,울산광역시 동구 동부동,경상사고,0,0,2,0,차대차 - 정면충돌,중앙선침범,건조,맑음,교차로 - 교차로부근,승용,여,55세,상해없음,승용,남,43세,경상
2023091100100412,2023년 9월 11일 15시,월요일,울산광역시 울주군 상북면,중상사고,0,1,0,0,차대차 - 정면충돌,중앙선침범,건조,흐림,단일로 - 기타,승용,남,68세,기타불명,화물,남,34세,중상
2023091100100423,2023년 9월 11일 16시,월요일,울산광역시 울주군 언양읍,중상사고,0,1,0,0,차대차 - 추돌,기타,건조,맑음,단일로 - 기타,승용,남,34세,상해없음,승용,여,63세,중상
2023091100100447,2023년 9월 11일 16시,월요일,울산광역시 남구 옥동,경상사고,0,0,1,0,차대차 - 추돌,안전거리미확보,건조,맑음,교차로 - 교차로부근,승용,남,60세,상해없음,승용,여,53세,경상
2023091100100488,2023년 9월 11일 17시,월요일,울산광역시 남구 부곡동,중상사고,0,1,0,0,차대차 - 측면충돌,안전운전불이행,건조,맑음,교차로 - 교차로부근,이륜,남,28세,중상,승용,남,39세,상해없음
2023091100100489,2023년 9월 11일 17시,월요일,울산광역시 남구 신정동,중상사고,0,1,0,0,차대차 - 측면충돌,신호위반,건조,맑음,교차로 - 교차로횡단보도내,승용,여,47세,기타불명,자전거,남,14세,중상
2023091100100567,2023년 9월 11일 19시,월요일,울산광역시 울주군 온산읍,경상사고,0,0,1,0,차대차 - 후진중충돌,안전운전불이행,건조,맑음,교차로 - 교차로안,승합,남,59세,상해없음,승용,남,68세,경상
2023091100100568,2023년 9월 11일 19시,월요일,울산광역시 북구 매곡동,경상사고,0,0,2,0,차대차 - 측면충돌,안전운전불이행,건조,맑음,교차로 - 교차로부근,승용,남,40세,경상,승용,남,24세,경상
2023091100100586,2023년 9월 11일 20시,월요일,울산광역시 동구 방어동,중상사고,0,1,0,0,차대차 - 측면충돌,교차로운행방법위반,건조,맑음,교차로 - 교차로부근,승용,남,57세,상해없음,개인형이동수단(PM),남,62세,중상
2023091100100611,2023년 9월 11일 22시,월요일,울산광역시 남구 삼산동,경상사고,0,0,1,0,차대차 - 추돌,안전운전불이행,건조,맑음,교차로 - 교차로부근,승용,남,50세,상해없음,이륜,남,51세,경상
2023091200100135,2023년 9월 12일 08시,화요일,울산광역시 중구 약사동,중상사고,0,1,0,0,차대차 - 추돌,안전거리미확보,건조,맑음,교차로 - 교차로안,이륜,남,26세,중상,승용,여,28세,상해없음
2023091200100170,2023년 9월 12일 09시,화요일,울산광역시 남구 옥동,경상사고,0,0,1,0,차대차 - 측면충돌,안전운전불이행,건조,맑음,단일로 - 기타,화물,남,53세,상해없음,화물,남,48세,경상
2023091200100277,2023년 9월 12일 12시,화요일,울산광역시 중구 성안동,중상사고,0,1,0,0,차량단독 - 공작물충돌,안전운전불이행,건조,맑음,단일로 - 기타,화물,남,65세,중상,,,,
2023091200100317,2023년 9월 12일 13시,화요일,울산광역시 남구 무거동,중상사고,0,1,0,0,차대사람 - 횡단중,보행자보호의무위반,건조,맑음,교차로 - 교차로횡단보도내,승용,여,72세,상해없음,보행자,남,70세,중상
2023091200100350,2023년 9월 12일 14시,화요일,울산광역시 북구 송정동,경상사고,0,0,1,0,차대차 - 측면충돌,신호위반,건조,맑음,교차로 - 교차로안,승용,남,42세,상해없음,특수,남,56세,경상
2023091200100486,2023년 9월 12일 17시,화요일,울산광역시 중구 복산동,경상사고,0,0,1,0,차대차 - 측면충돌,안전운전불이행,건조,맑음,단일로 - 기타,승용,남,66세,상해없음,승용,남,24세,경상
2023091200100567,2023년 9월 12일 19시,화요일,울산광역시 남구 삼산동,경상사고,0,0,1,0,차대사람 - 횡단중,안전운전불이행,건조,맑음,단일로 - 기타,승용,여,44세,상해없음,보행자,여,25세,경상
2023091200100587,2023년 9월 12일 20시,화요일,울산광역시 울주군 온산읍,경상사고,0,0,1,0,차대차 - 측면충돌,안전운전불이행,건조,맑음,교차로 - 교차로부근,승용,남,60세,상해없음,승용,남,42세,경상
2023091300100067,2023년 9월 13일 06시,수요일,울산광역시 동구 서부동,경상사고,0,0,1,0,차대차 - 정면충돌,안전운전불이행,건조,맑음,교차로 - 교차로안,이륜,남,47세,상해없음,이륜,남,45세,경상
2023091300100178,2023년 9월 13일 09시,수요일,울산광역시 중구 성남동,중상사고,0,1,0,0,차대차 - 정면충돌,안전운전불이행,건조,맑음,교차로 - 교차로안,승용,남,28세,상해없음,자전거,남,73세,중상
2023091300100179,2023년 9월 13일 09시,수요일,울산광역시 울주군 언양읍,중상사고,0,1,0,0,차대사람 - 기타,안전운전불이행,건조,맑음,교차로 - 교차로부근,승합,남,43세,상해없음,보행자,여,43세,중상
2023091300100302,2023년 9월 13일 13시,수요일,울산광역시 중구 유곡동,중상사고,0,1,0,0,차대차 - 기타,안전운전불이행,젖음/습기,맑음,단일로 - 기타,승용,여,56세,상해없음,자전거,남,73세,중상
2023091300100337,2023년 9월 13일 14시,수요일,울산광역시 중구 우정동,경상사고,0,0,2,1,차대차 - 추돌,신호위반,건조,맑음,교차로 - 교차로안,승용,여,30세,부상신고,승용,여,40세,경상
2023091300100425,2023년 9월 13일 16시,수요일,울산광역시 남구 삼산동,중상사고,0,1,0,0,차대사람 - 차도통행중,안전운전불이행,건조,맑음,단일로 - 기타,승용,남,63세,상해없음,보행자,여,62세,중상
2023091300100426,2023년 9월 13일 16시,수요일,울산광역시 남구 무거동,중상사고,0,1,0,0,차대차 - 측면충돌,안전운전불이행,건조,맑음,교차로 - 교차로안,승용,여,48세,상해없음,자전거,남,69세,중상
2023091300100467,2023년 9월 13일 17시,수요일,울산광역시 울주군 온산읍,경상사고,0,0,1,0,차량단독 - 공작물충돌,안전운전불이행,건조,맑음,교차로 - 교차로부근,승용,남,38세,경상,,,,
2023091300100526,2023년 9월 13일 18시,수요일,울산광역시 울주군 온산읍,중상사고,0,1,0,0,차대차 - 후진중충돌,안전운전불이행,건조,맑음,단일로 - 기타,승용,남,55세,상해없음,자전거,남,58세,중상
2023091300100587,2023년 9월 13일 19시,수요일,울산광역시 동구 일산동,중상사고,0,1,1,0,차대차 - 추돌,안전운전불이행,젖음/습기,비,단일로 - 기타,화물,남,46세,상해없음,승합,남,47세,경상
2023091300100636,2023년 9월 13일 20시,수요일,울산광역시 북구 매곡동,경상사고,0,0,2,0,차대차 - 측면충돌,직진우회전진행방해,젖음/습기,비,교차로 - 교차로안,승용,여,49세,상해없음,승용,여,29세,경상
2023091400100037,2023년 9월 14일 03시,목요일,울산광역시 중구 복산동,경상사고,0,0,1,0,차대차 - 추돌,안전운전불이행,젖음/습기,비,단일로 - 기타,승용,여,56세,상해없음,승용,남,57세,경상
2023091400100097,2023년 9월 14일 07시,목요일,울산광역시 동구 전하동,경상사고,0,0,1,0,차대차 - 기타,직진우회전진행방해,젖음/습기,비,교차로 - 교차로안,승용,여,47세,상해없음,승합,남,50세,경상
2023091400100144,2023년 9월 14일 08시,목요일,울산광역시 중구 서동,경상사고,0,0,1,0,차대사람 - 횡단중,보행자보호의무위반,젖음/습기,비,교차로 - 교차로횡단보도내,승용,여,45세,상해없음,보행자,남,69세,경상
2023091400100204,2023년 9월 14일 10시,목요일,울산광역시 북구 신천동,경상사고,0,0,1,0,차대차 - 측면충돌,안전운전불이행,건조,맑음,교차로 - 교차로안,승용,여,28세,상해없음,화물,남,38세,경상
2023091400100237,2023년 9월 14일 11시,목요일,울산광역시 중구 복산동,경상사고,0,0,3,0,차대차 - 측면충돌,안전거리미확보,건조,맑음,단일로 - 기타,승용,남,36세,상해없음,승용,여,51세,경상
2023091400100238,2023년 9월 14일 11시,목요일,울산광역시 남구 신정동,경상사고,0,0,1,0,차대차 - 추돌,안전거리미확보,젖음/습기,비,교차로 - 교차로부근,화물,남,53세,상해없음,승용,남,48세,경상
2023091400100274,2023년 9월 14일 12시,목요일,울산광역시 남구 신정동,경상사고,0,0,1,0,차대차 - 측면충돌,안전거리미확보,건조,맑음,교차로 - 교차로부근,화물,남,74세,상해없음,승용,여,58세,경상
2023091400100275,2023년 9월 14일 12시,목요일,울산광역시 울주군 온산읍,경상사고,0,0,1,0,차대차 - 측면충돌,중앙선침범,건조,맑음,교차로 - 교차로부근,화물,남,28세,상해없음,승용,남,53세,경상
2023091400100340,2023년 9월 14일 14시,목요일,울산광역시 남구 신정동,경상사고,0,0,1,0,차대차 - 측면충돌,안전운전불이행,젖음/습기,맑음,교차로 - 교차로안,승용,여,20세,상해없음,승용,여,34세,경상
2023091400100397,2023년 9월 14일 16시,목요일,울산광역시 북구 매곡동,경상사고,0,0,1,0,차대차 - 측면충돌,교차로운행방법위반,건조,맑음,교차로 - 교차로안,승합,남,50세,상해없음,승용,남,31세,경상
2023091400100439,2023년 9월 14일 17시,목요일,울산광역시 동구 일산동,경상사고,0,0,1,0,차대차 - 기타,안전운전불이행,젖음/습기,비,단일로 - 기타,승용,남,51세,상해없음,이륜,남,65세,경상
2023091400100440,2023년 9월 14일 17시,목요일,울산광역시 동구 화정동,경상사고,0,0,1,0,차대차 - 측면충돌,직진우회전진행방해,건조,맑음,교차로 - 교차로안,승용,여,58세,상해없음,승용,남,71세,상해없음
2023091500100015,2023년 9월 15일 00시,금요일,울산광역시 남구 삼산동,중상사고,0,1,0,0,차대차 - 측면충돌,안전거리미확보,건조,맑음,단일로 - 기타,자전거,남,53세,중상,기타불명,기타불명,미분류,기타불명
2023091500100300,2023년 9월 15일 13시,금요일,울산광역시 중구 태화동,경상사고,0,0,1,0,차대사람 - 기타,안전운전불이행,젖음/습기,비,단일로 - 기타,승용,여,58세,상해없음,보행자,남,76세,경상
2023091500100301,2023년 9월 15일 13시,금요일,울산광역시 북구 진장동,경상사고,0,0,1,1,차대차 - 측면충돌,불법유턴,젖음/습기,비,단일로 - 기타,화물,남,65세,부상신고,승용,남,59세,경상
2023091500100302,2023년 9월 15일 13시,금요일,울산광역시 북구 명촌동,중상사고,0,1,1,0,차대차 - 측면충돌,신호위반,젖음/습기,흐림,교차로 - 교차로안,승용,남,66세,상해없음,승용,남,39세,중상
2023091500100331,2023년 9월 15일 14시,금요일,울산광역시 남구 매암동,경상사고,0,0,1,0,차대차 - 추돌,안전운전불이행,건조,맑음,교차로 - 교차로부근,승용,남,69세,기타불명,이륜,남,60세,경상
2023091500100332,2023년 9월 15일 14시,금요일,울산광역시 북구 송정동,경상사고,0,0,1,0,차대차 - 추돌,안전거리미확보,건조,맑음,단일로 - 기타,화물,남,47세,상해없음,승용,남,46세,경상
2023091500100367,2023년 9월 15일 15시,금요일,울산광역시 중구 남외동,경상사고,0,0,3,0,차대차 - 측면충돌,안전운전불이행,건조,흐림,교차로 - 교차로안,승용,남,61세,상해없음,승합,남,42세,경상
2023091500100404,2023년 9월 15일 16시,금요일,울산광역시 동구 방어동,경상사고,0,0,1,0,차대사람 - 횡단중,보행자보호의무위반,건조,맑음,교차로 - 교차로횡단보도내,승용,남,43세,상해없음,보행자,남,8세,경상
2023091500100508,2023년 9월 15일 18시,금요일,울산광역시 남구 무거동,경상사고,0,0,1,0,차대차 - 측면충돌,안전거리미확보,건조,맑음,교차로 - 교차로부근,승용,여,54세,상해없음,승용,남,25세,경상
2023091500100509,2023년 9월 15일 18시,금요일,울산광역시 동구 서부동,중상사고,0,1,0,0,차대차 - 기타,안전거리미확보,젖음/습기,흐림,교차로 - 교차로부근,승용,남,47세,상해없음,이륜,남,38세,중상
2023091500100510,2023년 9월 15일 18시,금요일,울산광역시 동구 화정동,경상사고,0,0,1,0,차대차 - 측면충돌,안전운전불이행,건조,맑음,단일로 - 기타,승용,여,61세,상해없음,이륜,남,50세,경상
2023091500100604,2023년 9월 15일 20시,금요일,울산광역시 동구 방어동,중상사고,0,1,1,0,차대차 - 측면충돌,직진우회전진행방해,건조,맑음,교차로 - 교차로안,승용,여,47세,상해없음,승용,남,62세,경상
2023091600100036,2023년 9월 16일 02시,토요일,울산광역시 남구 달동,경상사고,0,0,3,0,차대차 - 추돌,안전운전불이행,젖음/습기,비,기타 - 기타,승용,남,41세,상해없음,승용,남,63세,경상
2023091600100067,2023년 9월 16일 06시,토요일,울산광역시 울주군 온산읍,경상사고,0,0,1,0,차대차 - 측면충돌,중앙선침범,건조,맑음,교차로 - 교차로부근,특수,남,75세,상해없음,승용,남,41세,경상
2023091600100153,2023년 9월 16일 10시,토요일,울산광역시 중구 성남동,경상사고,0,0,1,0,차대사람 - 횡단중,보행자보호의무위반,젖음/습기,비,교차로 - 교차로횡단보도내,승용,남,66세,상해없음,보행자,남,65세,경상
2023091600100193,2023년 9월 16일 11시,토요일,울산광역시 남구 선암동,중상사고,0,1,0,0,차대차 - 측면충돌,교차로운행방법위반,젖음/습기,비,교차로 - 교차로안,승용,여,39세,상해없음,원동기,남,51세,중상
2023091600100425,2023년 9월 16일 17시,토요일,울산광역시 남구 달동,경상사고,0,0,1,0,차대사람 - 횡단중,보행자보호의무위반,젖음/습기,비,교차로 - 교차로횡단보도내,승용,남,51세,상해없음,보행자,여,55세,경상
2023091600100459,2023년 9월 16일 18시,토요일,울산광역시 중구 반구동,중상사고,0,1,0,0,차대차 - 기타,안전운전불이행,젖음/습기,비,교차로 - 교차로안,승용,남,41세,상해없음,이륜,남,38세,중상