사고번호,사고일시,요일,시군구,사고내용,사망자수,중상자수,경상자수,부상신고자수,사고유형,법규위반,노면상태,기상상태,도로형태,가해운전자 차종,가해운전자 성별,가해운전자 연령,가해운전자 상해정도,피해운전자 차종,피해운전자 성별,피해운전자 연령,피해운전자 상해정도
2023091600100460,2023년 9월 16일 18시,토요일,울산광역시 남구 달동,중상사고,0,1,0,0,차대차 - 측면충돌,교차로운행방법위반,젖음/습기,비,교차로 - 교차로안,승용,여,30세,상해없음,이륜,남,42세,중상
2023091600100461,2023년 9월 16일 18시,토요일,울산광역시 남구 신정동,경상사고,0,0,1,0,차대차 - 추돌,안전거리미확보,젖음/습기,비,교차로 - 교차로부근,승용,여,50세,상해없음,승용,여,52세,경상
2023091600100462,2023년 9월 16일 18시,토요일,울산광역시 동구 전하동,중상사고,0,1,0,0,차대사람 - 횡단중,보행자보호의무위반,젖음/습기,비,교차로 - 교차로횡단보도내,이륜,남,45세,상해없음,보행자,여,67세,중상
2023091600100463,2023년 9월 16일 18시,토요일,울산광역시 북구 신천동,경상사고,0,0,1,0,차대사람 - 차도통행중,안전운전불이행,젖음/습기,비,교차로 - 교차로부근,승용,남,54세,상해없음,보행자,여,70세,경상
2023091600100503,2023년 9월 16일 19시,토요일,울산광역시 중구 우정동,중상사고,0,1,0,0,차대차 - 측면충돌,차로위반,건조,맑음,교차로 - 교차로부근,승용,남,80세,상해없음,승합,남,38세,상해없음
2023091700100039,2023년 9월 17일 03시,일요일,울산광역시 남구 삼산동,중상사고,0,1,0,0,차량단독 - 공작물충돌,안전운전불이행,젖음/습기,비,교차로 - 교차로부근,승용,남,19세,상해없음,,,,
2023091700100057,2023년 9월 17일 06시,일요일,울산광역시 울주군 범서읍,중상사고,0,2,0,0,차대차 - 측면충돌,안전거리미확보,젖음/습기,비,단일로 - 기타,화물,남,67세,상해없음,승용,남,56세,중상
2023091700100062,2023년 9월 17일 06시,일요일,울산광역시 울주군 온산읍,경상사고,0,0,1,0,차량단독 - 공작물충돌,안전운전불이행,젖음/습기,비,단일로 - 기타,승용,남,53세,경상,,,,
2023091700100070,2023년 9월 17일 07시,일요일,울산광역시 울주군 범서읍,경상사고,0,0,1,0,차대차 - 기타,신호위반,건조,맑음,교차로 - 교차로안,승용,남,65세,상해없음,승용,남,60세,경상
2023091700100130,2023년 9월 17일 10시,일요일,울산광역시 중구 학성동,경상사고,0,0,1,0,차대차 - 측면충돌,안전운전불이행,건조,맑음,교차로 - 교차로안,승용,남,71세,상해없음,승용,남,57세,경상
2023091700100181,2023년 9월 17일 12시,일요일,울산광역시 동구 화정동,경상사고,0,0,1,0,차대차 - 측면충돌,교차로운행방법위반,건조,맑음,교차로 - 교차로안,이륜,남,60세,상해없음,승용,남,62세,경상
2023091700100255,2023년 9월 17일 14시,일요일,울산광역시 동구 서부동,경상사고,0,0,1,0,차대차 - 측면충돌,교차로운행방법위반,건조,맑음,교차로 - 교차로안,승용,남,51세,상해없음,이륜,남,36세,경상
2023091700100488,2023년 9월 17일 23시,일요일,울산광역시 동구 방어동,경상사고,0,0,1,0,차대사람 - 횡단중,보행자보호의무위반,젖음/습기,맑음,교차로 - 교차로횡단보도내,승합,남,46세,상해없음,보행자,남,43세,경상
2023091800100025,2023년 9월 18일 05시,월요일,울산광역시 북구 효문동,중상사고,0,1,0,0,차대차 - 추돌,안전운전불이행,젖음/습기,비,교차로 - 교차로부근,승용,남,59세,상해없음,이륜,남,47세,중상
2023091800100070,2023년 9월 18일 07시,월요일,울산광역시 중구 남외동,부상신고사고,0,0,0,1,차대차 - 측면충돌,안전운전불이행,건조,맑음,단일로 - 기타,승용,남,74세,상해없음,화물,남,20세,부상신고
2023091800100118,2023년 9월 18일 08시,월요일,울산광역시 동구 서부동,경상사고,0,0,1,0,차량단독 - 전도전복 - 전도,안전운전불이행,건조,맑음,단일로 - 기타,이륜,남,70세,경상,,,,
2023091800100232,2023년 9월 18일 11시,월요일,울산광역시 울주군 온산읍,부상신고사고,0,0,0,1,차대차 - 추돌,안전운전불이행,건조,맑음,교차로 - 교차로안,승용,여,47세,상해없음,이륜,남,56세,부상신고
2023091800100265,2023년 9월 18일 12시,월요일,울산광역시 울주군 온산읍,중상사고,0,3,0,0,차대차 - 측면충돌,기타,건조,맑음,교차로 - 교차로안,승용,남,78세,상해없음,승용,여,69세,중상
2023091800100294,2023년 9월 18일 13시,월요일,울산광역시 동구 방어동,경상사고,0,0,1,0,차대사람 - 기타,안전운전불이행,건조,맑음,단일로 - 기타,승용,남,71세,상해없음,보행자,남,24세,경상
2023091800100420,2023년 9월 18일 16시,월요일,울산광역시 울주군 언양읍,경상사고,0,0,1,3,차대차 - 측면충돌,안전운전불이행,건조,맑음,교차로 - 교차로안,승용,남,21세,기타불명,승합,남,54세,부상신고
2023091800100479,2023년 9월 18일 17시,월요일,울산광역시 남구 신정동,경상사고,0,0,1,0,차대사람 - 횡단중,안전운전불이행,건조,맑음,교차로 - 교차로안,승용,여,62세,상해없음,보행자,여,66세,경상
2023091800100480,2023년 9월 18일 17시,월요일,울산광역시 북구 매곡동,경상사고,0,0,3,0,차대차 - 추돌,안전운전불이행,건조,맑음,단일로 - 교량,승용,남,19세,상해없음,승용,여,32세,경상
2023091900100018,2023년 9월 19일 02시,화요일,울산광역시 남구 삼산동,경상사고,0,0,1,0,차대사람 - 차도통행중,안전운전불이행,건조,맑음,교차로 - 교차로안,승용,남,48세,상해없음,보행자,남,29세,경상
2023091900100084,2023년 9월 19일 07시,화요일,울산광역시 남구 매암동,경상사고,0,0,1,0,차대차 - 측면충돌,안전거리미확보,건조,맑음,단일로 - 기타,화물,남,56세,상해없음,승용,남,40세,경상
2023091900100085,2023년 9월 19일 07시,화요일,울산광역시 울주군 온산읍,경상사고,0,0,1,0,차대차 - 측면충돌,안전거리미확보,건조,맑음,교차로 - 교차로안,건설기계,남,53세,상해없음,승용,여,25세,경상
2023091900100161,2023년 9월 19일 09시,화요일,울산광역시 남구 무거동,경상사고,0,0,1,0,차대차 - 측면충돌,신호위반,건조,맑음,교차로 - 교차로안,화물,남,45세,상해없음,승합,남,42세,경상
2023091900100186,2023년 9월 19일 10시,화요일,울산광역시 동구 화정동,경상사고,0,0,1,0,차대사람 - 길가장자리구역통행중,안전운전불이행,건조,맑음,단일로 - 기타,승용,여,64세,상해없음,보행자,여,63세,경상
2023091900100226,2023년 9월 19일 11시,화요일,울산광역시 남구 신정동,경상사고,0,0,2,0,차대차 - 추돌,안전운전불이행,건조,맑음,교차로 - 교차로부근,승용,남,64세,상해없음,승용,남,41세,경상
2023091900100324,2023년 9월 19일 14시,화요일,울산광역시 울주군 범서읍,부상신고사고,0,0,0,1,차대차 - 측면충돌,안전거리미확보,건조,맑음,단일로 - 기타,건설기계,남,64세,상해없음,승용,남,76세,부상신고
2023091900100325,2023년 9월 19일 14시,화요일,울산광역시 북구 효문동,중상사고,0,1,0,0,차대차 - 추돌,불법유턴,건조,맑음,단일로 - 기타,승용,남,69세,상해없음,이륜,남,28세,중상
2023091900100354,2023년 9월 19일 15시,화요일,울산광역시 북구 양정동,부상신고사고,0,0,0,1,차대차 - 정면충돌,안전운전불이행,건조,맑음,단일로 - 기타,자전거,남,59세,기타불명,개인형이동수단(PM),남,33세,부상신고
2023091900100431,2023년 9월 19일 17시,화요일,울산광역시 중구 유곡동,중상사고,0,1,0,0,차대사람 - 횡단중,신호위반,건조,맑음,교차로 - 교차로횡단보도내,승용,남,65세,상해없음,보행자,여,51세,중상
2023091900100514,2023년 9월 19일 19시,화요일,울산광역시 북구 효문동,중상사고,0,1,0,0,차대차 - 측면충돌,신호위반,건조,맑음,교차로 - 교차로안,승용,여,37세,상해없음,승용,남,43세,중상
2023092000100048,2023년 9월 20일 06시,수요일,울산광역시 북구 양정동,중상사고,0,1,0,1,차대차 - 측면충돌,교차로운행방법위반,건조,맑음,교차로 - 교차로부근,승용,남,50세,부상신고,이륜,남,68세,중상
2023092000100250,2023년 9월 20일 11시,수요일,울산광역시 남구 무거동,경상사고,0,0,1,0,차대차 - 추돌,안전운전불이행,건조,맑음,단일로 - 기타,승용,여,44세,상해없음,승용,남,26세,경상
2023092000100251,2023년 9월 20일 11시,수요일,울산광역시 북구 효문동,경상사고,0,0,1,0,차대차 - 추돌,안전운전불이행,건조,맑음,교차로 - 교차로부근,화물,남,62세,상해없음,승용,남,45세,경상
2023092000100279,2023년 9월 20일 12시,수요일,울산광역시 북구 화봉동,경상사고,0,0,1,0,차대차 - 측면충돌,안전운전불이행,건조,맑음,교차로 - 교차로부근,이륜,남,25세,상해없음,승용,여,38세,경상
2023092000100463,2023년 9월 20일 17시,수요일,울산광역시 울주군 언양읍,중상사고,0,1,0,0,차대차 - 측면충돌,안전운전불이행,젖음/습기,비,단일로 - 기타,특수,남,59세,상해없음,화물,남,61세,중상
2023092000100492,2023년 9월 20일 17시,수요일,울산광역시 중구 태화동,경상사고,0,0,1,0,차대차 - 측면충돌,안전거리미확보,젖음/습기,맑음,교차로 - 교차로안,승용,여,72세,상해없음,승용,여,64세,경상
2023092000100493,2023년 9월 20일 17시,수요일,울산광역시 북구 진장동,경상사고,0,0,1,0,차대사람 - 횡단중,보행자보호의무위반,건조,흐림,교차로 - 교차로횡단보도내,승용,남,61세,상해없음,보행자,여,25세,경상
2023092000100662,2023년 9월 20일 20시,수요일,울산광역시 동구 전하동,경상사고,0,0,1,0,차대사람 - 길가장자리구역통행중,안전운전불이행,젖음/습기,비,교차로 - 교차로부근,승용,남,22세,상해없음,보행자,남,69세,경상
2023092000100724,2023년 9월 20일 22시,수요일,울산광역시 중구 남외동,경상사고,0,0,2,0,차대차 - 추돌,안전운전불이행,젖음/습기,비,교차로 - 교차로부근,승용,남,64세,상해없음,승용,남,67세,경상
2023092100100005,2023년 9월 21일 00시,목요일,울산광역시 중구 반구동,중상사고,0,2,0,0,차대차 - 측면충돌,중앙선침범,젖음/습기,비,단일로 - 기타,승용,남,48세,상해없음,승용,남,73세,중상
2023092100100021,2023년 9월 21일 04시,목요일,울산광역시 북구 염포동,경상사고,0,0,1,1,차량단독 - 공작물충돌,기타,젖음/습기,비,단일로 - 기타,승용,남,49세,부상신고,,,,
2023092100100047,2023년 9월 21일 06시,목요일,울산광역시 남구 달동,중상사고,0,1,0,0,차대사람 - 보도통행중,신호위반,젖음/습기,맑음,교차로 - 교차로횡단보도내,이륜,남,25세,상해없음,보행자,남,84세,중상
2023092100100175,2023년 9월 21일 09시,목요일,울산광역시 중구 태화동,중상사고,0,1,0,0,차대차 - 추돌,안전운전불이행,건조,맑음,주차장 - 주차장,승용,남,58세,상해없음,승용,남,79세,중상
2023092100100342,2023년 9월 21일 14시,목요일,울산광역시 울주군 청량읍,중상사고,0,1,0,0,차대차 - 측면충돌,안전운전불이행,건조,맑음,단일로 - 기타,화물,남,66세,상해없음,승합,기타불명,미분류,기타불명
2023092100100366,2023년 9월 21일 15시,목요일,울산광역시 남구 신정동,경상사고,0,0,1,0,차대차 - 측면충돌,기타,건조,맑음,단일로 - 기타,승용,남,59세,상해없음,자전거,남,17세,경상
2023092100100397,2023년 9월 21일 16시,목요일,울산광역시 북구 호계동,중상사고,0,1,0,0,차대사람 - 차도통행중,안전운전불이행,건조,흐림,단일로 - 지하차도(도로)내,승용,남,26세,상해없음,보행자,여,18세,중상
2023092100100438,2023년 9월 21일 17시,목요일,울산광역시 남구 신정동,중상사고,0,1,0,0,차대사람 - 횡단중,보행자보호의무위반,건조,맑음,교차로 - 교차로횡단보도내,승용,남,72세,상해없음,보행자,여,47세,중상
2023092100100439,2023년 9월 21일 17시,목요일,울산광역시 북구 매곡동,경상사고,0,0,1,0,차대사람 - 횡단중,보행자보호의무위반,건조,맑음,교차로 - 교차로횡단보도내,이륜,남,46세,상해없음,보행자,남,9세,경상
2023092100100484,2023년 9월 21일 18시,목요일,울산광역시 북구 호계동,중상사고,0,1,1,0,차대차 - 측면충돌,안전운전불이행,건조,맑음,교차로 - 교차로안,이륜,남,69세,중상,화물,남,54세,경상
2023092100100525,2023년 9월 21일 19시,목요일,울산광역시 북구 화봉동,경상사고,0,0,2,0,차대차 - 추돌,안전운전불이행,젖음/습기,비,교차로 - 교차로부근,승용,여,58세,상해없음,승용,여,67세,경상
2023092100100562,2023년 9월 21일 20시,목요일,울산광역시 울주군 범서읍,경상사고,0,0,1,0,차대차 - 측면충돌,안전운전불이행,건조,맑음,교차로 - 교차로부근,승용,남,47세,상해없음,원동기,남,29세,경상
2023092100100581,2023년 9월 21일 21시,목요일,울산광역시 울주군 상북면,중상사고,0,1,0,0,차대차 - 측면충돌,중앙선침범,젖음/습기,맑음,단일로 - 기타,승용,여,28세,기타불명,승용,여,35세,중상
2023092200100021,2023년 9월 22일 01시,금요일,울산광역시 울주군 범서읍,경상사고,0,0,1,0,차대차 - 추돌,차로위반,건조,맑음,단일로 - 기타,승용,남,59세,상해없음,화물,남,30세,경상
2023092200100099,2023년 9월 22일 07시,금요일,울산광역시 울주군 상북면,중상사고,0,1,1,0,차대차 - 측면충돌,신호위반,건조,맑음,교차로 - 교차로안,승용,남,67세,상해없음,승용,남,28세,중상
2023092200100100,2023년 9월 22일 07시,금요일,울산광역시 북구 산하동,경상사고,0,0,2,0,차대차 - 측면충돌,신호위반,건조,맑음,교차로 - 교차로안,이륜,남,35세,상해없음,승용,남,45세,경상
2023092200100101,2023년 9월 22일 07시,금요일,울산광역시 북구 효문동,중상사고,0,2,3,0,차대차 - 추돌,안전운전불이행,건조,맑음,단일로 - 기타,승용,남,33세,상해없음,이륜,남,33세,중상
2023092200100193,2023년 9월 22일 09시,금요일,울산광역시 울주군 청량읍,중상사고,0,3,1,0,차대차 - 추돌,안전운전불이행,건조,맑음,단일로 - 교량,화물,남,68세,상해없음,승용,여,53세,중상
2023092200100340,2023년 9월 22일 13시,금요일,울산광역시 북구 염포동,경상사고,0,0,1,0,차대차 - 측면충돌,신호위반,건조,맑음,교차로 - 교차로안,승용,남,52세,상해없음,이륜,남,24세,경상
2023092200100374,2023년 9월 22일 14시,금요일,울산광역시 남구 신정동,경상사고,0,0,1,0,차대차 - 측면충돌,안전운전불이행,건조,흐림,단일로 - 기타,승용,여,35세,상해없음,자전거,남,9세,경상
2023092200100429,2023년 9월 22일 15시,금요일,울산광역시 남구 신정동,경상사고,0,0,1,0,차대차 - 측면충돌,안전운전불이행,건조,맑음,교차로 - 교차로부근,승용,남,16세,상해없음,승용,남,29세,경상
2023092200100430,2023년 9월 22일 15시,금요일,울산광역시 남구 신정동,경상사고,0,0,1,0,차대사람 - 차도통행중,안전운전불이행,건조,맑음,단일로 - 기타,승용,여,68세,상해없음,보행자,남,14세,경상
2023092200100553,2023년 9월 22일 17시,금요일,울산광역시 북구 산하동,경상사고,0,0,1,0,차대사람 - 차도통행중,안전운전불이행,건조,맑음,교차로 - 교차로부근,개인형이동수단(PM),남,15세,상해없음,보행자,남,32세,경상
2023092200100739,2023년 9월 22일 21시,금요일,울산광역시 북구 진장동,중상사고,0,1,0,0,차대사람 - 횡단중,안전운전불이행,건조,맑음,교차로 - 교차로안,이륜,남,20세,상해없음,보행자,남,51세,중상
2023092200100760,2023년 9월 22일 22시,금요일,울산광역시 중구 반구동,중상사고,0,1,0,0,차대차 - 정면충돌,신호위반,건조,맑음,교차로 - 교차로횡단보도내,승합,남,48세,상해없음,자전거,남,14세,중상
2023092300100031,2023년 9월 23일 01시,토요일,울산광역시 남구 달동,경상사고,0,0,1,0,차대사람 - 길가장자리구역통행중,안전운전불이행,건조,맑음,교차로 - 교차로부근,승용,남,32세,상해없음,보행자,남,56세,경상
2023092300100072,2023년 9월 23일 05시,토요일,울산광역시 중구 서동,경상사고,0,0,1,0,차대차 - 측면충돌,안전운전불이행,건조,맑음,교차로 - 교차로안,승용,여,49세,상해없음,자전거,남,28세,경상
2023092300100093,2023년 9월 23일 07시,토요일,울산광역시 북구 호계동,경상사고,0,0,2,0,차대차 - 측면충돌,안전운전불이행,건조,맑음,교차로 - 교차로안,이륜,남,33세,경상,자전거,남,23세,경상
2023092300100197,2023년 9월 23일 10시,토요일,울산광역시 울주군 웅촌면,경상사고,0,0,1,0,차대차 - 기타,안전거리미확보,건조,맑음,교차로 - 교차로안,승용,남,66세,상해없음,승용,남,40세,경상
2023092300100198,2023년 9월 23일 10시,토요일,울산광역시 북구 신현동,중상사고,0,1,1,1,차대차 - 추돌,안전운전불이행,건조,맑음,교차로 - 교차로부근,승용,남,78세,부상신고,특수,남,56세,경상
2023092300100278,2023년 9월 23일 12시,토요일,울산광역시 울주군 상북면,경상사고,0,0,4,0,차대차 - 측면충돌,중앙선침범,건조,맑음,단일로 - 기타,승용,남,57세,상해없음,승용,남,45세,경상
2023092300100315,2023년 9월 23일 13시,토요일,울산광역시 남구 삼산동,경상사고,0,0,1,0,차대차 - 기타,신호위반,건조,맑음,교차로 - 교차로부근,승용,남,58세,상해없음,승용,남,37세,경상
2023092300100316,2023년 9월 23일 13시,토요일,울산광역시 울주군 온양읍,중상사고,0,1,0,0,차대사람 - 기타,안전운전불이행,건조,맑음,기타 - 기타,승용,남,79세,상해없음,보행자,여,64세,중상
2023092300100480,2023년 9월 23일 17시,토요일,울산광역시 남구 삼산동,경상사고,0,0,1,0,차대차 - 기타,신호위반,건조,맑음,교차로 - 교차로안,이륜,남,36세,상해없음,이륜,남,35세,경상
2023092300100549,2023년 9월 23일 19시,토요일,울산광역시 남구 무거동,중상사고,0,1,0,0,차대사람 - 횡단중,안전운전불이행,건조,맑음,교차로 - 교차로횡단보도내,승용,여,48세,상해없음,보행자,남,72세,중상
2023092300100577,2023년 9월 23일 20시,토요일,울산광역시 북구 양정동,경상사고,0,0,2,0,차대차 - 측면충돌,신호위반,건조,맑음,교차로 - 교차로안,이륜,남,60세,상해없음,승용,여,64세,경상
2023092400100032,2023년 9월 24일 02시,일요일,울산광역시 중구 남외동,경상사고,0,0,2,0,차대차 - 측면충돌,안전운전불이행,건조,맑음,단일로 - 기타,승용,남,23세,상해없음,승용,남,22세,경상
2023092400100043,2023년 9월 24일 04시,일요일,울산광역시 북구 연암동,중상사고,0,1,0,0,차량단독 - 공작물충돌,안전운전불이행,건조,맑음,교차로 - 교차로안,이륜,남,19세,상해없음,,,,
2023092400100063,2023년 9월 24일 06시,일요일,울산광역시 동구 일산동,경상사고,0,0,1,0,차대차 - 측면충돌,교차로운행방법위반,건조,맑음,교차로 - 교차로안,승용,남,65세,상해없음,승용,남,43세,상해없음
2023092400100095,2023년 9월 24일 08시,일요일,울산광역시 중구 교동,경상사고,0,0,1,0,차대차 - 측면충돌,신호위반,건조,맑음,단일로 - 교량,승용,남,60세,상해없음,승합,남,45세,경상
2023092400100236,2023년 9월 24일 13시,일요일,울산광역시 울주군 온양읍,경상사고,0,0,2,0,차대차 - 추돌,안전운전불이행,건조,맑음,단일로 - 기타,승용,남,66세,상해없음,화물,남,70세,경상
2023092400100300,2023년 9월 24일 15시,일요일,울산광역시 울주군 언양읍,중상사고,0,1,0,0,차대차 - 기타,안전운전불이행,건조,맑음,교차로 - 교차로부근,승용,여,70세,상해없음,승용,남,59세,중상
2023092400100412,2023년 9월 24일 19시,일요일,울산광역시 중구 태화동,부상신고사고,0,0,0,1,차대차 - 측면충돌,안전운전불이행,건조,맑음,교차로 - 교차로부근,승용,여,28세,상해없음,이륜,남,19세,부상신고
2023092400100439,2023년 9월 24일 20시,일요일,울산광역시 중구 태화동,경상사고,0,0,1,4,차대차 - 기타,안전운전불이행,건조,맑음,단일로 - 기타,승용,남,54세,상해없음,승합,남,34세,경상
2023092400100440,2023년 9월 24일 20시,일요일,울산광역시 남구 신정동,경상사고,0,0,1,0,차대차 - 측면충돌,안전운전불이행,건조,맑음,교차로 - 교차로안,승용,여,55세,기타불명,승용,여,62세,경상
2023092400100472,2023년 9월 24일 22시,일요일,울산광역시 남구 무거동,경상사고,0,0,1,0,차대사람 - 차도통행중,안전운전불이행,건조,맑음,단일로 - 기타,승용,남,60세,상해없음,보행자,남,38세,경상
2023092500100011,2023년 9월 25일 01시,월요일,울산광역시 남구 달동,경상사고,0,0,1,0,차대차 - 측면충돌,중앙선침범,건조,맑음,단일로 - 기타,승용,남,40세,상해없음,이륜,남,33세,경상
2023092500100116,2023년 9월 25일 08시,월요일,울산광역시 동구 전하동,중상사고,0,1,0,0,차대차 - 측면충돌,안전운전불이행,건조,맑음,교차로 - 교차로부근,승용,여,47세,상해없음,승용,여,37세,중상
2023092500100117,2023년 9월 25일 08시,월요일,울산광역시 울주군 온산읍,중상사고,0,1,0,0,차대차 - 정면충돌,신호위반,건조,맑음,교차로 - 교차로안,특수,남,35세,상해없음,승용,남,46세,중상
2023092500100118,2023년 9월 25일 08시,월요일,울산광역시 북구 연암동,경상사고,0,0,2,0,차대차 - 기타,안전거리미확보,건조,맑음,단일로 - 기타,승합,남,50세,상해없음,승용,남,69세,경상
2023092500100332,2023년 9월 25일 13시,월요일,울산광역시 울주군 온산읍,경상사고,0,0,1,0,차대차 - 측면충돌,교차로운행방법위반,건조,맑음,교차로 - 교차로안,승용,남,66세,상해없음,승용,남,70세,상해없음
2023092500100379,2023년 9월 25일 14시,월요일,울산광역시 중구 서동,부상신고사고,0,0,0,1,차대차 - 측면충돌,안전운전불이행,건조,맑음,교차로 - 교차로안,이륜,남,70세,부상신고,승용,여,30세,상해없음
2023092500100380,2023년 9월 25일 14시,월요일,울산광역시 울주군 온산읍,경상사고,0,0,2,0,차대차 - 추돌,안전운전불이행,건조,맑음,교차로 - 교차로부근,건설기계,남,38세,상해없음,승용,남,25세,경상
2023092500100639,2023년 9월 25일 21시,월요일,울산광역시 울주군 범서읍,경상사고,0,0,1,0,차대차 - 측면충돌,안전거리미확보,건조,맑음,단일로 - 기타,특수,남,46세,상해없음,승용,여,65세,경상
2023092600100050,2023년 9월 26일 05시,화요일,울산광역시 남구 야음동,경상사고,0,0,1,0,차대사람 - 횡단중,보행자보호의무위반,건조,맑음,교차로 - 교차로안,승용,여,70세,상해없음,보행자,남,24세,경상
2023092600100097,2023년 9월 26일 07시,화요일,울산광역시 남구 용연동,경상사고,0,0,1,0,차대차 - 측면충돌,안전거리미확보,젖음/습기,비,단일로 - 기타,이륜,남,31세,상해없음,승용,남,65세,상해없음
2023092600100152,2023년 9월 26일 08시,화요일,울산광역시 북구 양정동,경상사고,0,0,1,0,차대차 - 측면충돌,안전운전불이행,젖음/습기,비,기타 - 기타,화물,남,73세,상해없음,승용,남,46세,경상
2023092600100194,2023년 9월 26일 09시,화요일,울산광역시 울주군 범서읍,경상사고,0,0,1,0,차대차 - 측면충돌,직진우회전진행방해,젖음/습기,비,교차로 - 교차로안,승용,여,51세,기타불명,승용,남,33세,경상
2023092600100257,2023년 9월 26일 11시,화요일,울산광역시 울주군 웅촌면,경상사고,0,0,1,0,차대차 - 후진중충돌,안전운전불이행,젖음/습기,흐림,기타 - 기타,건설기계,남,60세,상해없음,화물,남,58세,경상
2023092600100362,2023년 9월 26일 14시,화요일,울산광역시 중구 서동,경상사고,0,0,1,0,차대차 - 측면충돌,안전거리미확보,건조,맑음,교차로 - 교차로안,승용,남,41세,상해없음,승용,남,72세,경상
2023092600100363,2023년 9월 26일 14시,화요일,울산광역시 중구 복산동,경상사고,0,0,1,0,차대차 - 기타,중앙선침범,건조,맑음,단일로 - 기타,화물,남,65세,상해없음,승용,남,41세,경상
2023092600100364,2023년 9월 26일 14시,화요일,울산광역시 울주군 두동면,중상사고,0,1,1,0,차대차 - 측면충돌,직진우회전진행방해,젖음/습기,비,교차로 - 교차로안,승용,남,60세,상해없음,승용,여,53세,경상
2023092600100365,2023년 9월 26일 14시,화요일,울산광역시 북구 진장동,경상사고,0,0,1,0,차대차 - 측면충돌,안전운전불이행,건조,맑음,교차로 - 교차로안,승용,여,60세,상해없음,자전거,남,28세,경상
2023092600100453,2023년 9월 26일 16시,화요일,울산광역시 동구 화정동,경상사고,0,0,1,0,차대차 - 기타,직진우회전진행방해,젖음/습기,비,교차로 - 교차로부근,승용,남,71세,상해없음,이륜,남,42세,경상
2023092600100454,2023년 9월 26일 16시,화요일,울산광역시 울주군 삼남읍,경상사고,0,0,1,0,차대사람 - 횡단중,보행자보호의무위반,젖음/습기,비,단일로 - 기타,승용,여,64세,상해없음,보행자,여,74세,경상
2023092600100563,2023년 9월 26일 18시,화요일,울산광역시 중구 우정동,중상사고,0,1,7,0,차대차 - 추돌,안전운전불이행,건조,맑음,교차로 - 교차로부근,승용,여,59세,상해없음,승용,여,39세,상해없음
2023092600100564,2023년 9월 26일 18시,화요일,울산광역시 중구 약사동,부상신고사고,0,0,0,1,차대차 - 추돌,안전거리미확보,건조,맑음,단일로 - 기타,이륜,남,16세,부상신고,이륜,남,16세,상해없음
2023092600100565,2023년 9월 26일 18시,화요일,울산광역시 남구 야음동,경상사고,0,0,1,0,차대차 - 측면충돌,신호위반,젖음/습기,흐림,교차로 - 교차로안,승용,남,57세,상해없음,이륜,남,60세,경상
2023092600100643,2023년 9월 26일 20시,화요일,울산광역시 북구 송정동,중상사고,0,1,0,0,차대차 - 기타,기타,건조,맑음,단일로 - 기타,승합,여,68세,중상,승용,남,44세,기타불명
2023092600100697,2023년 9월 26일 22시,화요일,울산광역시 동구 전하동,중상사고,0,1,0,0,차대차 - 측면충돌,안전운전불이행,젖음/습기,맑음,교차로 - 교차로안,승용,남,45세,상해없음,이륜,남,40세,중상
2023092700100011,2023년 9월 27일 00시,수요일,울산광역시 북구 화봉동,경상사고,0,0,1,0,차대차 - 측면충돌,신호위반,건조,맑음,교차로 - 교차로부근,승용,남,29세,상해없음,승용,남,63세,경상
2023092700100083,2023년 9월 27일 06시,수요일,울산광역시 울주군 온양읍,중상사고,0,1,0,0,차대차 - 측면충돌,안전거리미확보,건조,맑음,단일로 - 기타,승용,남,39세,상해없음,승용,남,52세,중상
2023092700100108,2023년 9월 27일 07시,수요일,울산광역시 남구 신정동,경상사고,0,0,1,1,차대차 - 추돌,안전거리미확보,건조,맑음,교차로 - 교차로부근,승용,남,62세,상해없음,승용,남,56세,경상
2023092700100109,2023년 9월 27일 07시,수요일,울산광역시 북구 염포동,중상사고,0,1,0,0,차량단독 - 전도전복 - 전도,안전운전불이행,건조,맑음,단일로 - 기타,이륜,남,43세,중상,,,,
2023092700100160,2023년 9월 27일 08시,수요일,울산광역시 남구 야음동,중상사고,0,1,0,0,차대사람 - 횡단중,보행자보호의무위반,건조,맑음,교차로 - 교차로안,승용,여,65세,기타불명,보행자,여,73세,중상
2023092700100161,2023년 9월 27일 08시,수요일,울산광역시 북구 효문동,중상사고,0,1,0,0,차대차 - 추돌,교차로운행방법위반,건조,맑음,교차로 - 교차로안,승용,남,52세,상해없음,자전거,남,83세,중상
2023092700100239,2023년 9월 27일 10시,수요일,울산광역시 동구 전하동,경상사고,0,0,1,0,차대차 - 추돌,안전거리미확보,건조,맑음,교차로 - 교차로부근,승용,남,72세,상해없음,이륜,남,55세,경상
2023092700100276,2023년 9월 27일 11시,수요일,울산광역시 남구 옥동,중상사고,0,1,0,0,차대차 - 측면충돌,교차로운행방법위반,건조,맑음,교차로 - 교차로안,승용,여,46세,상해없음,승용,여,31세,중상
2023092700100277,2023년 9월 27일 11시,수요일,울산광역시 울주군 언양읍,경상사고,0,0,1,1,차대차 - 측면충돌,안전운전불이행,건조,맑음,교차로 - 교차로안,승용,여,36세,상해없음,승용,남,23세,경상