사고번호,사고일시,요일,시군구,사고내용,사망자수,중상자수,경상자수,부상신고자수,사고유형,법규위반,노면상태,기상상태,도로형태,가해운전자 차종,가해운전자 성별,가해운전자 연령,가해운전자 상해정도,피해운전자 차종,피해운전자 성별,피해운전자 연령,피해운전자 상해정도
2023101100100362,2023년 10월 11일 15시,수요일,울산광역시 북구 효문동,경상사고,0,0,1,0,차대차 - 측면충돌,안전거리미확보,건조,맑음,단일로 - 고가도로위,화물,남,37세,상해없음,승용,남,42세,경상
2023101100100395,2023년 10월 11일 16시,수요일,울산광역시 울주군 삼남읍,중상사고,0,1,0,0,차대차 - 측면충돌,중앙선침범,건조,맑음,단일로 - 기타,승용,남,34세,상해없음,자전거,남,49세,중상
2023101100100442,2023년 10월 11일 17시,수요일,울산광역시 남구 삼산동,중상사고,0,1,1,0,차대차 - 기타,안전운전불이행,건조,맑음,단일로 - 기타,승용,남,30세,경상,화물,남,62세,기타불명
2023101100100528,2023년 10월 11일 18시,수요일,울산광역시 북구 효문동,경상사고,0,0,1,0,차대차 - 측면충돌,기타,건조,맑음,단일로 - 기타,승용,남,23세,상해없음,이륜,남,63세,경상
2023101100100569,2023년 10월 11일 19시,수요일,울산광역시 남구 신정동,경상사고,0,0,2,0,차대차 - 측면충돌,차로위반,건조,맑음,교차로 - 교차로안,승용,남,31세,기타불명,승용,남,32세,경상
2023101200100062,2023년 10월 12일 06시,목요일,울산광역시 남구 신정동,중상사고,0,1,0,0,차량단독 - 공작물충돌,안전운전불이행,건조,맑음,교차로 - 교차로부근,이륜,남,28세,상해없음,,,,
2023101200100233,2023년 10월 12일 11시,목요일,울산광역시 남구 무거동,중상사고,0,1,0,0,차대차 - 측면충돌,안전운전불이행,건조,맑음,교차로 - 교차로횡단보도내,승용,남,64세,상해없음,자전거,남,87세,중상
2023101200100264,2023년 10월 12일 12시,목요일,울산광역시 남구 용연동,경상사고,0,0,1,0,차대차 - 기타,교차로운행방법위반,건조,맑음,교차로 - 교차로안,화물,남,68세,상해없음,승용,남,49세,경상
2023101200100343,2023년 10월 12일 14시,목요일,울산광역시 남구 신정동,경상사고,0,0,2,0,차대차 - 측면충돌,안전거리미확보,건조,맑음,교차로 - 교차로안,승용,여,67세,경상,승용,남,31세,경상
2023101200100383,2023년 10월 12일 15시,목요일,울산광역시 울주군 웅촌면,중상사고,0,1,1,0,차대차 - 측면충돌,직진우회전진행방해,건조,맑음,교차로 - 교차로안,승용,남,67세,중상,화물,남,44세,경상
2023101200100384,2023년 10월 12일 15시,목요일,울산광역시 북구 명촌동,경상사고,0,0,1,0,차대차 - 측면충돌,안전운전불이행,건조,맑음,단일로 - 지하차도(도로)내,자전거,남,57세,상해없음,자전거,남,61세,경상
2023101200100501,2023년 10월 12일 18시,목요일,울산광역시 동구 전하동,경상사고,0,0,1,0,차대사람 - 횡단중,신호위반,건조,맑음,교차로 - 교차로횡단보도내,승용,남,81세,상해없음,보행자,여,30세,경상
2023101200100592,2023년 10월 12일 20시,목요일,울산광역시 남구 신정동,경상사고,0,0,1,0,차대차 - 추돌,안전운전불이행,건조,맑음,단일로 - 기타,승용,남,61세,상해없음,승용,여,44세,기타불명
2023101300100047,2023년 10월 13일 05시,금요일,울산광역시 남구 무거동,경상사고,0,0,1,0,차대차 - 기타,신호위반,건조,맑음,교차로 - 교차로안,화물,남,72세,상해없음,승용,여,46세,경상
2023101300100058,2023년 10월 13일 06시,금요일,울산광역시 동구 방어동,경상사고,0,0,2,0,차대차 - 측면충돌,직진우회전진행방해,건조,맑음,교차로 - 교차로안,승용,남,64세,상해없음,이륜,남,47세,경상
2023101300100078,2023년 10월 13일 07시,금요일,울산광역시 동구 전하동,중상사고,0,1,0,0,차대차 - 기타,신호위반,건조,맑음,교차로 - 교차로부근,이륜,남,64세,상해없음,이륜,남,48세,중상
2023101300100207,2023년 10월 13일 10시,금요일,울산광역시 중구 우정동,부상신고사고,0,0,0,1,차대차 - 측면충돌,신호위반,건조,맑음,교차로 - 교차로안,이륜,남,77세,부상신고,승용,남,62세,상해없음
2023101300100208,2023년 10월 13일 10시,금요일,울산광역시 남구 삼산동,경상사고,0,0,1,0,차대차 - 기타,안전거리미확보,건조,맑음,교차로 - 교차로부근,승용,여,52세,상해없음,승합,남,56세,상해없음
2023101300100209,2023년 10월 13일 10시,금요일,울산광역시 남구 신정동,중상사고,0,1,0,0,차대사람 - 횡단중,안전운전불이행,건조,맑음,단일로 - 기타,화물,남,54세,상해없음,보행자,여,79세,중상
2023101300100210,2023년 10월 13일 10시,금요일,울산광역시 동구 방어동,중상사고,0,1,0,0,차대차 - 측면충돌,안전운전불이행,건조,맑음,교차로 - 교차로횡단보도내,화물,남,43세,상해없음,자전거,남,84세,중상
2023101300100254,2023년 10월 13일 11시,금요일,울산광역시 중구 남외동,경상사고,0,0,4,0,차대차 - 측면충돌,신호위반,건조,맑음,교차로 - 교차로안,승용,여,50세,경상,승합,남,25세,경상
2023101300100341,2023년 10월 13일 14시,금요일,울산광역시 북구 효문동,경상사고,0,0,1,1,차대차 - 측면충돌,안전운전불이행,건조,맑음,단일로 - 기타,승용,남,60세,부상신고,승합,남,74세,경상
2023101300100428,2023년 10월 13일 16시,금요일,울산광역시 울주군 청량읍,경상사고,0,0,1,0,차대차 - 측면충돌,신호위반,건조,맑음,교차로 - 교차로안,승용,남,66세,기타불명,이륜,남,34세,경상
2023101300100551,2023년 10월 13일 18시,금요일,울산광역시 북구 천곡동,경상사고,0,0,2,1,차대차 - 측면충돌,교차로운행방법위반,건조,맑음,교차로 - 교차로안,승용,여,49세,부상신고,승용,남,50세,경상
2023101300100610,2023년 10월 13일 19시,금요일,울산광역시 남구 야음동,경상사고,0,0,1,0,차대차 - 측면충돌,신호위반,건조,맑음,교차로 - 교차로부근,승용,남,47세,상해없음,자전거,남,52세,경상
2023101400100097,2023년 10월 14일 08시,토요일,울산광역시 북구 화봉동,중상사고,0,1,1,0,차대차 - 추돌,안전운전불이행,건조,맑음,교차로 - 교차로부근,승용,여,62세,경상,화물,남,54세,중상
2023101400100155,2023년 10월 14일 10시,토요일,울산광역시 남구 달동,경상사고,0,0,2,0,차대차 - 추돌,안전거리미확보,건조,맑음,단일로 - 기타,이륜,남,29세,경상,승용,남,38세,경상
2023101400100156,2023년 10월 14일 10시,토요일,울산광역시 동구 일산동,중상사고,0,1,0,0,차대사람 - 횡단중,안전운전불이행,건조,맑음,교차로 - 교차로횡단보도내,화물,남,71세,상해없음,보행자,여,46세,중상
2023101400100157,2023년 10월 14일 10시,토요일,울산광역시 울주군 언양읍,경상사고,0,0,1,0,차대사람 - 횡단중,신호위반,건조,맑음,교차로 - 교차로횡단보도내,승용,여,30세,상해없음,보행자,여,68세,경상
2023101400100225,2023년 10월 14일 12시,토요일,울산광역시 남구 무거동,경상사고,0,0,1,0,차대차 - 측면충돌,신호위반,건조,맑음,교차로 - 교차로안,이륜,남,35세,기타불명,승용,남,29세,경상
2023101400100226,2023년 10월 14일 12시,토요일,울산광역시 북구 중산동,부상신고사고,0,0,0,1,차대차 - 측면충돌,안전운전불이행,건조,맑음,교차로 - 교차로횡단보도내,승용,여,56세,상해없음,자전거,남,7세,부상신고
2023101400100303,2023년 10월 14일 14시,토요일,울산광역시 북구 천곡동,중상사고,0,1,0,0,차대사람 - 기타,안전운전불이행,건조,맑음,교차로 - 교차로부근,승용,여,53세,상해없음,보행자,여,62세,중상
2023101400100332,2023년 10월 14일 15시,토요일,울산광역시 중구 반구동,경상사고,0,0,1,0,차대사람 - 기타,안전운전불이행,건조,맑음,단일로 - 기타,승용,여,26세,상해없음,보행자,남,66세,경상
2023101400100409,2023년 10월 14일 17시,토요일,울산광역시 남구 삼산동,경상사고,0,0,2,0,차대차 - 추돌,안전운전불이행,건조,맑음,단일로 - 기타,승용,남,70세,상해없음,승용,남,37세,경상
2023101400100445,2023년 10월 14일 18시,토요일,울산광역시 남구 달동,중상사고,0,1,1,0,차대차 - 측면충돌,신호위반,건조,맑음,교차로 - 교차로안,승용,여,53세,경상,이륜,남,25세,중상
2023101400100446,2023년 10월 14일 18시,토요일,울산광역시 울주군 삼남읍,경상사고,0,0,1,0,차대사람 - 기타,안전운전불이행,젖음/습기,비,단일로 - 교량,이륜,남,41세,경상,보행자,여,27세,상해없음
2023101400100478,2023년 10월 14일 19시,토요일,울산광역시 북구 명촌동,중상사고,0,1,0,0,차대사람 - 보도통행중,안전운전불이행,젖음/습기,비,단일로 - 지하차도(도로)내,승용,남,40세,상해없음,보행자,여,68세,중상
2023101400100512,2023년 10월 14일 20시,토요일,울산광역시 남구 달동,중상사고,0,1,0,0,차대사람 - 차도통행중,안전운전불이행,젖음/습기,비,단일로 - 기타,승용,남,60세,상해없음,보행자,남,59세,중상
2023101500100056,2023년 10월 15일 06시,일요일,울산광역시 동구 화정동,경상사고,0,0,1,0,차대차 - 측면충돌,신호위반,건조,맑음,교차로 - 교차로안,승용,남,56세,상해없음,승용,남,41세,경상
2023101500100065,2023년 10월 15일 07시,일요일,울산광역시 남구 무거동,경상사고,0,0,1,0,차대차 - 측면충돌,안전운전불이행,건조,맑음,교차로 - 교차로안,화물,남,58세,상해없음,자전거,남,58세,경상
2023101500100066,2023년 10월 15일 07시,일요일,울산광역시 북구 송정동,경상사고,0,0,1,0,차량단독 - 공작물충돌,안전운전불이행,건조,맑음,단일로 - 기타,이륜,남,22세,경상,,,,
2023101500100077,2023년 10월 15일 08시,일요일,울산광역시 북구 진장동,경상사고,0,0,2,0,차대차 - 측면충돌,안전운전불이행,건조,맑음,교차로 - 교차로안,화물,남,62세,상해없음,승용,여,72세,경상
2023101500100138,2023년 10월 15일 11시,일요일,울산광역시 동구 방어동,경상사고,0,0,2,0,차대차 - 측면충돌,안전운전불이행,건조,맑음,교차로 - 교차로부근,승용,남,42세,경상,승용,남,61세,경상
2023101500100159,2023년 10월 15일 12시,일요일,울산광역시 남구 옥동,경상사고,0,0,2,0,차대차 - 추돌,안전운전불이행,건조,맑음,단일로 - 기타,승용,남,61세,상해없음,승용,남,28세,경상
2023101500100195,2023년 10월 15일 13시,일요일,울산광역시 울주군 삼남읍,중상사고,0,1,0,0,차대차 - 정면충돌,직진우회전진행방해,건조,맑음,교차로 - 교차로안,승용,남,34세,상해없음,이륜,남,49세,중상
2023101500100271,2023년 10월 15일 15시,일요일,울산광역시 북구 염포동,경상사고,0,0,7,0,차대차 - 추돌,안전운전불이행,건조,맑음,단일로 - 기타,승용,남,39세,상해없음,승용,남,43세,경상
2023101500100300,2023년 10월 15일 16시,일요일,울산광역시 울주군 언양읍,부상신고사고,0,0,0,1,차대차 - 후진중충돌,안전운전불이행,건조,맑음,교차로 - 교차로부근,승용,여,25세,상해없음,승용,남,65세,부상신고
2023101500100360,2023년 10월 15일 18시,일요일,울산광역시 중구 성안동,중상사고,0,2,0,0,차대사람 - 횡단중,보행자보호의무위반,건조,맑음,교차로 - 교차로안,승용,남,64세,상해없음,보행자,여,76세,중상
2023101600100124,2023년 10월 16일 08시,월요일,울산광역시 남구 신정동,경상사고,0,0,1,0,차대차 - 측면충돌,신호위반,건조,맑음,교차로 - 교차로안,승용,남,68세,상해없음,승용,여,60세,경상
2023101600100167,2023년 10월 16일 09시,월요일,울산광역시 동구 방어동,경상사고,0,0,4,0,차대차 - 측면충돌,안전운전불이행,건조,맑음,교차로 - 교차로부근,승용,남,52세,경상,승용,남,54세,경상
2023101600100196,2023년 10월 16일 10시,월요일,울산광역시 울주군 언양읍,경상사고,0,0,2,0,차대차 - 측면충돌,교차로운행방법위반,건조,맑음,교차로 - 교차로부근,사륜오토바이(ATV),남,83세,경상,승용,남,36세,경상
2023101600100236,2023년 10월 16일 11시,월요일,울산광역시 동구 일산동,경상사고,0,0,1,0,차대차 - 측면충돌,안전운전불이행,건조,맑음,단일로 - 기타,건설기계,남,63세,상해없음,승용,여,42세,경상
2023101600100387,2023년 10월 16일 15시,월요일,울산광역시 남구 신정동,부상신고사고,0,0,0,2,차대차 - 측면충돌,안전거리미확보,건조,맑음,단일로 - 기타,승합,남,50세,상해없음,승용,남,63세,부상신고
2023101600100486,2023년 10월 16일 17시,월요일,울산광역시 남구 무거동,경상사고,0,0,1,0,차대차 - 측면충돌,안전운전불이행,건조,맑음,단일로 - 기타,승용,남,61세,기타불명,승용,여,27세,경상
2023101600100550,2023년 10월 16일 18시,월요일,울산광역시 북구 중산동,경상사고,0,0,1,1,차대차 - 측면충돌,교차로운행방법위반,건조,맑음,교차로 - 교차로안,승용,여,28세,부상신고,승용,여,30세,경상
2023101600100581,2023년 10월 16일 19시,월요일,울산광역시 중구 복산동,경상사고,0,0,1,0,차대차 - 측면충돌,안전운전불이행,건조,맑음,교차로 - 교차로안,승용,남,38세,상해없음,자전거,남,71세,경상
2023101600100582,2023년 10월 16일 19시,월요일,울산광역시 울주군 두서면,중상사고,0,1,0,0,차대차 - 측면충돌,신호위반,건조,맑음,교차로 - 교차로안,승용,여,24세,상해없음,승용,남,47세,중상
2023101600100646,2023년 10월 16일 23시,월요일,울산광역시 북구 신천동,경상사고,0,0,1,2,차대차 - 측면충돌,안전운전불이행,건조,맑음,교차로 - 교차로부근,승용,남,66세,부상신고,승합,남,53세,경상
2023101700100174,2023년 10월 17일 09시,화요일,울산광역시 남구 달동,중상사고,0,1,0,0,차대사람 - 기타,안전운전불이행,건조,맑음,단일로 - 기타,승용,남,67세,기타불명,보행자,여,56세,중상
2023101700100175,2023년 10월 17일 09시,화요일,울산광역시 동구 방어동,중상사고,0,1,0,0,차대사람 - 횡단중,안전운전불이행,건조,맑음,교차로 - 교차로안,승용,여,35세,상해없음,보행자,여,85세,중상
2023101700100176,2023년 10월 17일 09시,화요일,울산광역시 울주군 온산읍,부상신고사고,0,0,0,1,차대차 - 정면충돌,안전운전불이행,건조,맑음,교차로 - 교차로부근,승용,남,34세,상해없음,건설기계,남,61세,부상신고
2023101700100298,2023년 10월 17일 12시,화요일,울산광역시 동구 일산동,경상사고,0,0,1,0,차대차 - 측면충돌,중앙선침범,건조,맑음,단일로 - 기타,화물,남,50세,상해없음,이륜,남,50세,경상
2023101700100414,2023년 10월 17일 15시,화요일,울산광역시 울주군 언양읍,부상신고사고,0,0,0,1,차대차 - 측면충돌,안전운전불이행,건조,맑음,단일로 - 기타,승용,남,27세,부상신고,승용,여,64세,상해없음
2023101700100568,2023년 10월 17일 18시,화요일,울산광역시 동구 화정동,경상사고,0,0,1,0,차대차 - 기타,안전운전불이행,건조,맑음,교차로 - 교차로안,이륜,남,51세,상해없음,이륜,남,55세,경상
2023101700100612,2023년 10월 17일 19시,화요일,울산광역시 중구 반구동,경상사고,0,0,1,0,차대사람 - 횡단중,안전운전불이행,건조,맑음,단일로 - 기타,승용,여,47세,상해없음,보행자,여,61세,경상
2023101700100613,2023년 10월 17일 19시,화요일,울산광역시 남구 신정동,경상사고,0,0,1,0,차대차 - 측면충돌,안전운전불이행,건조,맑음,교차로 - 교차로안,승용,여,64세,상해없음,승용,여,24세,경상
2023101700100635,2023년 10월 17일 20시,화요일,울산광역시 남구 신정동,경상사고,0,0,1,0,차대사람 - 차도통행중,안전운전불이행,건조,맑음,단일로 - 기타,승합,남,32세,상해없음,보행자,남,38세,경상
2023101700100662,2023년 10월 17일 21시,화요일,울산광역시 북구 중산동,중상사고,0,1,2,0,차대차 - 측면충돌,안전운전불이행,건조,맑음,교차로 - 교차로부근,승합,남,58세,상해없음,승용,남,51세,경상
2023101800100062,2023년 10월 18일 06시,수요일,울산광역시 남구 신정동,경상사고,0,0,1,0,차대차 - 측면충돌,신호위반,건조,맑음,교차로 - 교차로안,승용,남,64세,상해없음,이륜,남,54세,경상
2023101800100063,2023년 10월 18일 06시,수요일,울산광역시 울주군 언양읍,중상사고,0,1,0,1,차대차 - 측면충돌,직진우회전진행방해,건조,맑음,교차로 - 교차로안,이륜,여,64세,중상,승용,남,60세,부상신고
2023101800100173,2023년 10월 18일 09시,수요일,울산광역시 남구 신정동,중상사고,0,1,0,0,차대차 - 정면충돌,신호위반,건조,맑음,교차로 - 교차로안,자전거,남,76세,중상,승용,남,81세,상해없음
2023101800100174,2023년 10월 18일 09시,수요일,울산광역시 울주군 온산읍,중상사고,0,1,0,0,차대차 - 기타,안전거리미확보,건조,맑음,단일로 - 기타,건설기계,여,56세,상해없음,특수,남,63세,중상
2023101800100359,2023년 10월 18일 14시,수요일,울산광역시 중구 서동,중상사고,0,3,0,0,차대차 - 측면충돌,안전거리미확보,건조,맑음,교차로 - 교차로안,승용,남,49세,상해없음,승용,여,37세,중상
2023101800100434,2023년 10월 18일 16시,수요일,울산광역시 북구 매곡동,경상사고,0,0,2,0,차대사람 - 횡단중,안전운전불이행,건조,맑음,교차로 - 교차로횡단보도내,승용,남,62세,상해없음,보행자,여,62세,경상
2023101800100483,2023년 10월 18일 17시,수요일,울산광역시 남구 옥동,경상사고,0,0,1,0,차대차 - 추돌,안전운전불이행,건조,맑음,교차로 - 교차로부근,승용,남,68세,상해없음,승용,남,72세,경상
2023101800100652,2023년 10월 18일 22시,수요일,울산광역시 동구 동부동,중상사고,0,1,0,0,차대차 - 추돌,안전운전불이행,건조,맑음,단일로 - 기타,이륜,남,17세,중상,승용,남,30세,상해없음
2023101900100054,2023년 10월 19일 06시,목요일,울산광역시 울주군 온산읍,경상사고,0,0,1,0,차대차 - 기타,안전운전불이행,건조,맑음,단일로 - 기타,이륜,남,38세,경상,화물,남,51세,상해없음
2023101900100078,2023년 10월 19일 07시,목요일,울산광역시 울주군 온양읍,중상사고,0,1,0,0,차대차 - 추돌,안전거리미확보,건조,맑음,단일로 - 기타,화물,남,55세,상해없음,화물,남,66세,중상
2023101900100251,2023년 10월 19일 12시,목요일,울산광역시 남구 달동,중상사고,0,1,0,0,차대차 - 측면충돌,안전운전불이행,건조,맑음,단일로 - 기타,승용,남,58세,상해없음,자전거,남,33세,중상
2023101900100274,2023년 10월 19일 13시,목요일,울산광역시 남구 무거동,경상사고,0,0,1,0,차대차 - 측면충돌,안전운전불이행,건조,맑음,교차로 - 교차로안,개인형이동수단(PM),여,23세,기타불명,승용,남,57세,경상
2023101900100275,2023년 10월 19일 13시,목요일,울산광역시 남구 야음동,경상사고,0,0,1,0,차대차 - 측면충돌,안전운전불이행,건조,맑음,단일로 - 기타,승용,여,56세,상해없음,건설기계,남,45세,경상
2023101900100276,2023년 10월 19일 13시,목요일,울산광역시 동구 화정동,중상사고,0,1,0,0,차대차 - 기타,안전운전불이행,건조,맑음,교차로 - 교차로안,승용,여,59세,상해없음,승용,여,54세,중상
2023101900100302,2023년 10월 19일 14시,목요일,울산광역시 남구 무거동,경상사고,0,0,1,0,차대차 - 추돌,안전운전불이행,건조,맑음,교차로 - 교차로부근,기타불명,기타불명,미분류,기타불명,승용,여,40세,경상
2023101900100303,2023년 10월 19일 14시,목요일,울산광역시 울주군 청량읍,경상사고,0,0,10,3,차대차 - 추돌,안전거리미확보,건조,맑음,단일로 - 기타,화물,남,57세,상해없음,화물,남,48세,부상신고
2023101900100376,2023년 10월 19일 16시,목요일,울산광역시 중구 옥교동,중상사고,0,1,0,0,차대차 - 측면충돌,안전운전불이행,건조,맑음,교차로 - 교차로부근,승용,여,23세,기타불명,승용,여,38세,중상
2023101900100423,2023년 10월 19일 17시,목요일,울산광역시 남구 신정동,경상사고,0,0,1,0,차대사람 - 차도통행중,안전운전불이행,건조,맑음,단일로 - 기타,화물,남,35세,상해없음,보행자,남,70세,경상
2023101900100424,2023년 10월 19일 17시,목요일,울산광역시 동구 방어동,중상사고,0,1,0,0,차대사람 - 횡단중,안전운전불이행,건조,맑음,단일로 - 기타,승용,남,34세,상해없음,보행자,남,9세,중상
2023101900100544,2023년 10월 19일 20시,목요일,울산광역시 남구 선암동,중상사고,0,1,0,0,차대차 - 정면충돌,신호위반,건조,맑음,교차로 - 교차로부근,승용,남,63세,상해없음,이륜,남,46세,중상
2023101900100573,2023년 10월 19일 21시,목요일,울산광역시 울주군 언양읍,중상사고,0,1,0,0,차량단독 - 공작물충돌,안전운전불이행,건조,맑음,단일로 - 기타,화물,남,62세,중상,,,,
2023102000100084,2023년 10월 20일 07시,금요일,울산광역시 동구 방어동,중상사고,0,1,0,0,차대차 - 정면충돌,안전운전불이행,젖음/습기,비,교차로 - 교차로안,자전거,남,71세,중상,자전거,남,38세,상해없음
2023102000100085,2023년 10월 20일 07시,금요일,울산광역시 동구 일산동,경상사고,0,0,1,0,차대차 - 기타,안전운전불이행,젖음/습기,비,단일로 - 기타,승합,남,46세,상해없음,이륜,남,48세,경상
2023102000100140,2023년 10월 20일 08시,금요일,울산광역시 울주군 언양읍,경상사고,0,0,2,0,차대차 - 정면충돌,중앙선침범,건조,맑음,단일로 - 기타,승용,여,47세,경상,건설기계,남,65세,경상
2023102000100141,2023년 10월 20일 08시,금요일,울산광역시 울주군 삼남읍,중상사고,0,1,0,0,차대사람 - 기타,안전운전불이행,건조,맑음,단일로 - 기타,승용,남,68세,상해없음,보행자,남,29세,중상
2023102000100177,2023년 10월 20일 09시,금요일,울산광역시 동구 방어동,경상사고,0,0,1,0,차대차 - 추돌,안전거리미확보,건조,맑음,교차로 - 교차로부근,승용,남,66세,상해없음,승용,여,55세,경상
2023102000100203,2023년 10월 20일 10시,금요일,울산광역시 울주군 언양읍,경상사고,0,0,1,0,차대사람 - 기타,안전운전불이행,건조,맑음,기타 - 기타,화물,남,53세,상해없음,보행자,남,52세,경상
2023102000100242,2023년 10월 20일 11시,금요일,울산광역시 울주군 삼남읍,중상사고,0,1,0,0,차대차 - 측면충돌,교차로운행방법위반,건조,맑음,교차로 - 교차로안,승용,남,77세,상해없음,이륜,남,50세,중상
2023102000100365,2023년 10월 20일 14시,금요일,울산광역시 남구 옥동,중상사고,0,1,0,0,차대사람 - 횡단중,보행자보호의무위반,건조,맑음,교차로 - 교차로안,화물,남,52세,상해없음,보행자,여,11세,중상
2023102000100488,2023년 10월 20일 16시,금요일,울산광역시 남구 옥동,중상사고,0,1,0,0,차대차 - 기타,안전운전불이행,건조,맑음,교차로 - 교차로횡단보도내,승용,남,52세,상해없음,자전거,여,16세,중상
2023102000100489,2023년 10월 20일 16시,금요일,울산광역시 남구 달동,경상사고,0,0,1,0,차대차 - 측면충돌,안전운전불이행,건조,맑음,교차로 - 교차로안,승용,남,38세,상해없음,승용,남,65세,경상
2023102000100490,2023년 10월 20일 16시,금요일,울산광역시 동구 전하동,중상사고,0,1,0,0,차대차 - 측면충돌,안전운전불이행,건조,맑음,교차로 - 교차로안,이륜,남,59세,중상,승용,여,39세,상해없음
2023102000100549,2023년 10월 20일 17시,금요일,울산광역시 북구 연암동,경상사고,0,0,1,0,차대차 - 측면충돌,안전거리미확보,건조,맑음,단일로 - 기타,건설기계,남,63세,상해없음,승용,남,45세,경상
2023102000100619,2023년 10월 20일 18시,금요일,울산광역시 북구 천곡동,중상사고,0,1,0,0,차대사람 - 횡단중,안전운전불이행,건조,맑음,교차로 - 교차로부근,승용,남,45세,상해없음,보행자,여,61세,중상
2023102000100661,2023년 10월 20일 19시,금요일,울산광역시 남구 달동,중상사고,0,1,0,0,차대사람 - 횡단중,안전운전불이행,건조,맑음,교차로 - 교차로횡단보도내,승용,여,28세,상해없음,보행자,여,55세,중상
2023102000100662,2023년 10월 20일 19시,금요일,울산광역시 동구 방어동,중상사고,0,1,1,0,차대차 - 측면충돌,신호위반,건조,맑음,교차로 - 교차로안,승용,남,44세,경상,이륜,남,50세,중상
2023102000100693,2023년 10월 20일 20시,금요일,울산광역시 남구 삼산동,경상사고,0,0,1,0,차대차 - 측면충돌,신호위반,건조,흐림,교차로 - 교차로안,화물,남,41세,상해없음,승용,남,25세,경상
2023102000100740,2023년 10월 20일 22시,금요일,울산광역시 중구 복산동,중상사고,0,1,0,0,차대사람 - 횡단중,안전운전불이행,건조,맑음,단일로 - 기타,승용,남,58세,상해없음,보행자,여,72세,중상
2023102100100013,2023년 10월 21일 00시,토요일,울산광역시 북구 연암동,경상사고,0,0,1,0,차대차 - 추돌,안전운전불이행,건조,맑음,교차로 - 교차로부근,승용,남,32세,상해없음,이륜,남,40세,경상
2023102100100032,2023년 10월 21일 02시,토요일,울산광역시 북구 양정동,중상사고,0,1,0,1,차대차 - 추돌,안전운전불이행,건조,맑음,교차로 - 교차로안,승용,남,57세,상해없음,승용,남,54세,부상신고
2023102100100053,2023년 10월 21일 05시,토요일,울산광역시 남구 여천동,경상사고,0,0,1,0,차대차 - 기타,신호위반,건조,맑음,교차로 - 교차로안,화물,남,62세,상해없음,승용,남,47세,경상
2023102100100302,2023년 10월 21일 13시,토요일,울산광역시 동구 서부동,중상사고,0,1,0,0,차대사람 - 보도통행중,보행자보호의무위반,건조,맑음,교차로 - 교차로횡단보도내,화물,남,53세,상해없음,보행자,남,71세,중상
2023102100100341,2023년 10월 21일 14시,토요일,울산광역시 중구 약사동,부상신고사고,0,0,0,1,차대차 - 추돌,안전운전불이행,건조,맑음,단일로 - 기타,원동기,남,17세,부상신고,승용,남,44세,상해없음
2023102100100342,2023년 10월 21일 14시,토요일,울산광역시 동구 서부동,중상사고,0,1,0,0,차대차 - 측면충돌,안전거리미확보,건조,맑음,단일로 - 지하차도(도로)내,승용,여,40세,상해없음,이륜,남,38세,중상
2023102100100385,2023년 10월 21일 15시,토요일,울산광역시 울주군 온양읍,부상신고사고,0,0,0,4,차대차 - 측면충돌,직진우회전진행방해,건조,맑음,교차로 - 교차로안,이륜,남,52세,부상신고,승용,남,35세,부상신고
2023102100100512,2023년 10월 21일 18시,토요일,울산광역시 울주군 언양읍,경상사고,0,0,1,0,차대차 - 정면충돌,안전운전불이행,건조,맑음,교차로 - 교차로안,승용,남,46세,상해없음,화물,여,70세,상해없음
2023102100100551,2023년 10월 21일 19시,토요일,울산광역시 북구 호계동,경상사고,0,0,1,0,차대차 - 측면충돌,안전운전불이행,건조,맑음,교차로 - 교차로부근,승용,남,31세,상해없음,승용,남,62세,경상
2023102100100608,2023년 10월 21일 21시,토요일,울산광역시 남구 신정동,경상사고,0,0,1,0,차대차 - 추돌,안전운전불이행,건조,맑음,단일로 - 기타,이륜,남,20세,상해없음,이륜,남,31세,경상
2023102100100609,2023년 10월 21일 21시,토요일,울산광역시 동구 화정동,중상사고,0,1,0,0,차대차 - 측면충돌,교차로운행방법위반,건조,맑음,교차로 - 교차로안,승용,여,60세,상해없음,이륜,남,29세,중상
2023102200100182,2023년 10월 22일 12시,일요일,울산광역시 남구 신정동,경상사고,0,0,1,0,차량단독 - 기타,안전운전불이행,건조,맑음,단일로 - 기타,승합,남,49세,상해없음,,,,
2023102200100183,2023년 10월 22일 12시,일요일,울산광역시 울주군 언양읍,중상사고,0,1,1,1,차대차 - 측면충돌,안전운전불이행,건조,맑음,교차로 - 교차로부근,승용,남,69세,상해없음,승용,남,56세,경상
2023102200100283,2023년 10월 22일 15시,일요일,울산광역시 울주군 온산읍,중상사고,0,1,2,0,차대차 - 측면충돌,안전운전불이행,건조,맑음,단일로 - 기타,승용,남,53세,경상,승용,남,56세,중상
2023102200100343,2023년 10월 22일 17시,일요일,울산광역시 중구 성남동,경상사고,0,0,1,0,차대사람 - 기타,안전운전불이행,건조,맑음,단일로 - 기타,승용,남,59세,상해없음,보행자,남,49세,경상