사고번호,사고일시,요일,시군구,사고내용,사망자수,중상자수,경상자수,부상신고자수,사고유형,법규위반,노면상태,기상상태,도로형태,가해운전자 차종,가해운전자 성별,가해운전자 연령,가해운전자 상해정도,피해운전자 차종,피해운전자 성별,피해운전자 연령,피해운전자 상해정도
2023112600100071,2023년 11월 26일 08시,일요일,울산광역시 남구 여천동,경상사고,0,0,1,0,차대차 - 측면충돌,신호위반,건조,맑음,교차로 - 교차로안,승용,남,57세,상해없음,승용,남,62세,경상
2023112600100225,2023년 11월 26일 15시,일요일,울산광역시 북구 송정동,경상사고,0,0,1,0,차대사람 - 횡단중,보행자보호의무위반,건조,맑음,단일로 - 기타,승용,여,48세,상해없음,보행자,여,26세,경상
2023112600100283,2023년 11월 26일 17시,일요일,울산광역시 울주군 삼남읍,경상사고,0,0,1,0,차량단독 - 공작물충돌,안전운전불이행,건조,맑음,주차장 - 주차장,화물,남,57세,경상,,,,
2023112700100068,2023년 11월 27일 06시,월요일,울산광역시 남구 선암동,경상사고,0,0,1,0,차대차 - 측면충돌,안전거리미확보,건조,맑음,교차로 - 교차로부근,승용,남,32세,상해없음,승용,남,44세,경상
2023112700100098,2023년 11월 27일 07시,월요일,울산광역시 중구 남외동,경상사고,0,0,1,0,차대차 - 측면충돌,신호위반,건조,맑음,교차로 - 교차로안,승용,여,44세,상해없음,승합,남,47세,경상
2023112700100099,2023년 11월 27일 07시,월요일,울산광역시 남구 부곡동,중상사고,0,1,0,0,차대차 - 측면충돌,신호위반,건조,맑음,교차로 - 교차로안,승용,남,56세,상해없음,이륜,남,41세,중상
2023112700100100,2023년 11월 27일 07시,월요일,울산광역시 북구 염포동,경상사고,0,0,2,0,차대차 - 추돌,안전운전불이행,건조,맑음,교차로 - 교차로부근,이륜,남,36세,경상,이륜,남,40세,경상
2023112700100143,2023년 11월 27일 08시,월요일,울산광역시 울주군 언양읍,경상사고,0,0,1,0,차대차 - 기타,안전운전불이행,건조,맑음,단일로 - 기타,화물,남,59세,상해없음,자전거,남,46세,경상
2023112700100273,2023년 11월 27일 12시,월요일,울산광역시 울주군 언양읍,경상사고,0,0,1,0,차대차 - 측면충돌,중앙선침범,건조,맑음,단일로 - 기타,승용,남,76세,상해없음,승용,남,78세,상해없음
2023112700100372,2023년 11월 27일 15시,월요일,울산광역시 남구 무거동,경상사고,0,0,1,0,차대차 - 측면충돌,안전운전불이행,건조,맑음,교차로 - 교차로횡단보도내,승용,남,56세,상해없음,자전거,남,41세,경상
2023112700100463,2023년 11월 27일 17시,월요일,울산광역시 남구 신정동,중상사고,0,1,0,0,차대차 - 기타,안전거리미확보,건조,맑음,단일로 - 기타,승합,남,45세,상해없음,원동기,남,43세,중상
2023112700100640,2023년 11월 27일 23시,월요일,울산광역시 동구 화정동,경상사고,0,0,1,0,차대차 - 기타,불법유턴,건조,맑음,교차로 - 교차로안,개인형이동수단(PM),여,18세,상해없음,이륜,남,29세,경상
2023112800100014,2023년 11월 28일 02시,화요일,울산광역시 중구 성남동,경상사고,0,0,1,0,차대차 - 기타,직진우회전진행방해,건조,맑음,교차로 - 교차로안,이륜,남,18세,기타불명,승용,여,25세,경상
2023112800100050,2023년 11월 28일 06시,화요일,울산광역시 동구 서부동,중상사고,0,1,0,0,차대차 - 기타,안전거리미확보,건조,맑음,단일로 - 기타,승용,남,61세,상해없음,이륜,남,41세,중상
2023112800100051,2023년 11월 28일 06시,화요일,울산광역시 북구 신천동,경상사고,0,0,1,0,차대차 - 측면충돌,교차로운행방법위반,건조,맑음,교차로 - 교차로부근,화물,남,74세,상해없음,승용,여,60세,경상
2023112800100075,2023년 11월 28일 07시,화요일,울산광역시 중구 다운동,중상사고,0,2,1,0,차대차 - 기타,신호위반,건조,맑음,교차로 - 교차로안,화물,남,54세,상해없음,화물,남,53세,중상
2023112800100076,2023년 11월 28일 07시,화요일,울산광역시 동구 동부동,중상사고,0,1,0,0,차대차 - 측면충돌,중앙선침범,건조,맑음,교차로 - 교차로부근,승용,남,26세,상해없음,이륜,남,43세,중상
2023112800100077,2023년 11월 28일 07시,화요일,울산광역시 북구 진장동,중상사고,0,1,2,0,차대차 - 측면충돌,안전거리미확보,건조,맑음,단일로 - 교량,화물,남,56세,상해없음,승용,남,32세,중상
2023112800100192,2023년 11월 28일 10시,화요일,울산광역시 울주군 웅촌면,경상사고,0,0,2,0,차대차 - 측면충돌,신호위반,건조,맑음,교차로 - 교차로안,승용,남,84세,상해없음,승용,남,63세,경상
2023112800100294,2023년 11월 28일 14시,화요일,울산광역시 남구 삼산동,중상사고,0,1,0,1,차대차 - 후진중충돌,안전운전불이행,건조,맑음,교차로 - 교차로부근,승용,남,42세,부상신고,이륜,남,53세,중상
2023112800100329,2023년 11월 28일 15시,화요일,울산광역시 울주군 삼남읍,경상사고,0,0,1,0,차대차 - 정면충돌,중앙선침범,건조,맑음,단일로 - 기타,승용,남,64세,상해없음,승용,여,30세,경상
2023112800100488,2023년 11월 28일 18시,화요일,울산광역시 남구 두왕동,경상사고,0,0,1,0,차대차 - 정면충돌,신호위반,건조,맑음,교차로 - 교차로안,이륜,남,16세,상해없음,승용,남,55세,경상
2023112900100019,2023년 11월 29일 04시,수요일,울산광역시 북구 연암동,경상사고,0,0,1,0,차대차 - 정면충돌,신호위반,건조,맑음,교차로 - 교차로안,이륜,남,20세,경상,승용,여,50세,상해없음
2023112900100061,2023년 11월 29일 07시,수요일,울산광역시 중구 태화동,경상사고,0,0,1,0,차량단독 - 기타,안전운전불이행,건조,맑음,단일로 - 기타,승합,남,52세,상해없음,,,,
2023112900100062,2023년 11월 29일 07시,수요일,울산광역시 남구 신정동,중상사고,0,1,0,0,차대사람 - 횡단중,안전운전불이행,건조,맑음,교차로 - 교차로횡단보도내,특수,남,62세,상해없음,보행자,남,22세,중상
2023112900100063,2023년 11월 29일 07시,수요일,울산광역시 남구 두왕동,경상사고,0,0,1,0,차대차 - 측면충돌,안전운전불이행,건조,맑음,교차로 - 교차로부근,승용,여,63세,상해없음,승용,남,33세,경상
2023112900100064,2023년 11월 29일 07시,수요일,울산광역시 북구 진장동,중상사고,0,1,0,0,차대차 - 측면충돌,신호위반,건조,맑음,교차로 - 교차로안,화물,남,64세,상해없음,화물,남,23세,중상
2023112900100100,2023년 11월 29일 08시,수요일,울산광역시 중구 반구동,경상사고,0,0,1,0,차대차 - 측면충돌,신호위반,건조,맑음,교차로 - 교차로안,승용,남,32세,상해없음,승용,남,60세,경상
2023112900100101,2023년 11월 29일 08시,수요일,울산광역시 남구 신정동,경상사고,0,0,1,0,차대차 - 측면충돌,교차로운행방법위반,건조,맑음,교차로 - 교차로안,승합,여,47세,상해없음,승용,여,52세,경상
2023112900100330,2023년 11월 29일 16시,수요일,울산광역시 남구 옥동,중상사고,0,1,0,0,차대차 - 측면충돌,안전운전불이행,건조,맑음,교차로 - 교차로부근,승용,여,70세,상해없음,승합,남,62세,중상
2023113000100011,2023년 11월 30일 00시,목요일,울산광역시 남구 달동,경상사고,0,0,1,0,차대차 - 기타,신호위반,건조,맑음,교차로 - 교차로안,승용,남,28세,상해없음,승용,남,49세,상해없음
2023113000100030,2023년 11월 30일 05시,목요일,울산광역시 울주군 온산읍,중상사고,0,1,1,0,차대차 - 측면충돌,신호위반,건조,맑음,교차로 - 교차로안,승용,남,47세,상해없음,승용,남,47세,중상
2023113000100073,2023년 11월 30일 07시,목요일,울산광역시 남구 삼산동,경상사고,0,0,2,2,차대차 - 추돌,안전운전불이행,건조,맑음,교차로 - 교차로부근,승용,남,71세,상해없음,승용,남,36세,경상
2023113000100117,2023년 11월 30일 08시,목요일,울산광역시 남구 달동,중상사고,0,1,0,0,차대차 - 기타,중앙선침범,건조,맑음,교차로 - 교차로부근,승용,남,63세,상해없음,이륜,남,73세,중상
2023113000100118,2023년 11월 30일 08시,목요일,울산광역시 남구 옥동,경상사고,0,0,1,0,차대차 - 측면충돌,안전운전불이행,건조,맑음,교차로 - 교차로부근,화물,남,57세,상해없음,승용,여,40세,경상
2023113000100147,2023년 11월 30일 09시,목요일,울산광역시 울주군 범서읍,중상사고,0,2,6,0,차대차 - 추돌,안전거리미확보,건조,맑음,단일로 - 기타,승용,남,70세,상해없음,승용,남,41세,상해없음
2023113000100188,2023년 11월 30일 10시,목요일,울산광역시 남구 신정동,경상사고,0,0,2,0,차대차 - 측면충돌,안전운전불이행,건조,맑음,단일로 - 기타,승용,남,75세,상해없음,화물,남,54세,상해없음
2023113000100211,2023년 11월 30일 11시,목요일,울산광역시 울주군 온산읍,경상사고,0,0,1,0,차대사람 - 보도통행중,보행자보호의무위반,건조,맑음,단일로 - 기타,이륜,남,44세,상해없음,보행자,남,48세,경상
2023113000100244,2023년 11월 30일 12시,목요일,울산광역시 울주군 온양읍,경상사고,0,0,1,0,차대차 - 측면충돌,안전운전불이행,건조,맑음,교차로 - 교차로부근,승용,여,78세,상해없음,승용,남,63세,경상
2023113000100274,2023년 11월 30일 13시,목요일,울산광역시 중구 복산동,경상사고,0,0,1,0,차대차 - 추돌,안전운전불이행,건조,맑음,단일로 - 기타,승용,남,64세,상해없음,승용,남,67세,경상
2023113000100321,2023년 11월 30일 14시,목요일,울산광역시 중구 복산동,경상사고,0,0,1,0,차대차 - 기타,안전운전불이행,건조,맑음,교차로 - 교차로안,자전거,남,25세,경상,승용,남,35세,상해없음
2023113000100444,2023년 11월 30일 17시,목요일,울산광역시 남구 무거동,중상사고,0,1,0,0,차대사람 - 횡단중,안전운전불이행,건조,맑음,교차로 - 교차로안,승용,남,70세,상해없음,보행자,남,78세,중상
2023113000100445,2023년 11월 30일 17시,목요일,울산광역시 북구 명촌동,경상사고,0,0,1,0,차대차 - 추돌,안전운전불이행,건조,맑음,단일로 - 기타,승용,남,39세,상해없음,승용,남,62세,경상
2023113000100462,2023년 11월 30일 18시,목요일,울산광역시 울주군 두서면,경상사고,0,0,1,0,차대차 - 기타,안전운전불이행,건조,맑음,단일로 - 기타,기타불명,기타불명,미분류,기타불명,승용,남,61세,경상
2023113000100512,2023년 11월 30일 18시,목요일,울산광역시 동구 동부동,경상사고,0,0,1,0,차대차 - 기타,안전운전불이행,건조,맑음,교차로 - 교차로안,이륜,남,44세,상해없음,이륜,남,31세,경상
2023113000100577,2023년 11월 30일 20시,목요일,울산광역시 중구 옥교동,경상사고,0,0,1,0,차대차 - 측면충돌,신호위반,건조,맑음,교차로 - 교차로안,승용,남,27세,상해없음,승용,남,62세,경상
2023120100100022,2023년 12월 1일 01시,금요일,울산광역시 동구 방어동,경상사고,0,0,1,0,차대사람 - 기타,안전운전불이행,건조,맑음,기타 - 기타,승용,남,40세,상해없음,보행자,남,55세,경상
2023120100100030,2023년 12월 1일 03시,금요일,울산광역시 북구 화봉동,경상사고,0,0,2,0,차대차 - 추돌,안전거리미확보,건조,맑음,교차로 - 교차로안,화물,남,61세,경상,화물,남,41세,경상
2023120100100107,2023년 12월 1일 08시,금요일,울산광역시 북구 명촌동,중상사고,0,1,11,0,차대차 - 추돌,안전운전불이행,건조,맑음,단일로 - 기타,승합,남,55세,상해없음,승용,여,42세,경상
2023120100100248,2023년 12월 1일 12시,금요일,울산광역시 중구 태화동,경상사고,0,0,2,0,차대차 - 추돌,안전운전불이행,건조,맑음,단일로 - 기타,화물,남,43세,상해없음,승용,여,61세,경상
2023120100100277,2023년 12월 1일 13시,금요일,울산광역시 중구 교동,부상신고사고,0,0,0,1,차대차 - 측면충돌,안전운전불이행,건조,맑음,교차로 - 교차로안,이륜,남,37세,부상신고,승용,여,54세,상해없음
2023120100100278,2023년 12월 1일 13시,금요일,울산광역시 북구 양정동,중상사고,0,1,0,0,차대차 - 추돌,안전운전불이행,건조,맑음,단일로 - 기타,승용,여,63세,상해없음,자전거,남,51세,중상
2023120100100351,2023년 12월 1일 15시,금요일,울산광역시 남구 신정동,경상사고,0,0,1,0,차대사람 - 길가장자리구역통행중,안전운전불이행,건조,맑음,단일로 - 기타,승용,여,33세,상해없음,보행자,남,81세,경상
2023120100100352,2023년 12월 1일 15시,금요일,울산광역시 남구 신정동,경상사고,0,0,1,0,차대차 - 측면충돌,안전운전불이행,건조,맑음,교차로 - 교차로횡단보도내,승용,여,67세,상해없음,자전거,남,12세,경상
2023120100100433,2023년 12월 1일 17시,금요일,울산광역시 북구 송정동,경상사고,0,0,1,0,차대차 - 추돌,안전운전불이행,건조,맑음,교차로 - 교차로부근,승용,여,39세,상해없음,자전거,남,13세,경상
2023120100100493,2023년 12월 1일 18시,금요일,울산광역시 중구 복산동,경상사고,0,0,1,0,차대차 - 측면충돌,안전운전불이행,건조,맑음,단일로 - 기타,승용,남,67세,상해없음,승용,남,62세,경상
2023120100100539,2023년 12월 1일 19시,금요일,울산광역시 북구 연암동,경상사고,0,0,1,0,차대차 - 추돌,안전운전불이행,건조,맑음,교차로 - 교차로부근,화물,남,60세,상해없음,승합,남,60세,경상
2023120200100023,2023년 12월 2일 01시,토요일,울산광역시 울주군 온산읍,경상사고,0,0,1,0,차대차 - 정면충돌,중앙선침범,건조,맑음,단일로 - 기타,승용,여,34세,상해없음,이륜,남,18세,경상
2023120200100037,2023년 12월 2일 04시,토요일,울산광역시 울주군 청량읍,사망사고,1,0,0,0,차대차 - 추돌,안전운전불이행,건조,맑음,단일로 - 교량,이륜,남,41세,사망,건설기계,남,58세,상해없음
2023120200100055,2023년 12월 2일 06시,토요일,울산광역시 울주군 온산읍,경상사고,0,0,2,0,차대차 - 측면충돌,신호위반,건조,맑음,교차로 - 교차로안,승용,남,67세,경상,승용,남,52세,경상
2023120200100086,2023년 12월 2일 08시,토요일,울산광역시 울주군 삼남읍,경상사고,0,0,1,0,차대차 - 측면충돌,안전운전불이행,건조,맑음,교차로 - 교차로안,승용,남,34세,상해없음,승용,남,41세,경상
2023120200100134,2023년 12월 2일 10시,토요일,울산광역시 북구 화봉동,경상사고,0,0,3,0,차대차 - 추돌,안전운전불이행,건조,맑음,단일로 - 지하차도(도로)내,화물,남,40세,상해없음,승용,여,58세,경상
2023120200100135,2023년 12월 2일 10시,토요일,울산광역시 북구 송정동,경상사고,0,0,2,0,차대차 - 추돌,신호위반,건조,맑음,단일로 - 지하차도(도로)내,승용,여,62세,상해없음,승용,여,31세,경상
2023120200100177,2023년 12월 2일 11시,토요일,울산광역시 북구 정자동,경상사고,0,0,1,0,차대차 - 측면충돌,안전운전불이행,건조,맑음,교차로 - 교차로안,승용,여,27세,상해없음,화물,남,32세,경상
2023120200100202,2023년 12월 2일 12시,토요일,울산광역시 중구 우정동,경상사고,0,0,2,0,차대차 - 측면충돌,신호위반,건조,맑음,교차로 - 교차로안,승용,여,55세,상해없음,승용,남,41세,경상
2023120200100203,2023년 12월 2일 12시,토요일,울산광역시 남구 삼산동,경상사고,0,0,1,0,차대사람 - 보도통행중,신호위반,건조,맑음,단일로 - 기타,승용,여,54세,상해없음,보행자,여,67세,경상
2023120200100244,2023년 12월 2일 13시,토요일,울산광역시 중구 태화동,경상사고,0,0,1,0,차대사람 - 차도통행중,안전운전불이행,건조,맑음,교차로 - 교차로안,승용,여,37세,상해없음,보행자,여,17세,경상
2023120200100288,2023년 12월 2일 14시,토요일,울산광역시 남구 옥동,중상사고,0,1,0,0,차량단독 - 공작물충돌,안전운전불이행,건조,맑음,단일로 - 기타,승용,남,61세,기타불명,,,,
2023120200100354,2023년 12월 2일 16시,토요일,울산광역시 남구 신정동,경상사고,0,0,1,1,차대차 - 측면충돌,기타,건조,맑음,교차로 - 교차로안,승용,남,44세,기타불명,승합,남,55세,경상
2023120300100008,2023년 12월 3일 00시,일요일,울산광역시 남구 달동,중상사고,0,1,2,0,차대차 - 추돌,안전운전불이행,건조,맑음,교차로 - 교차로부근,승용,남,31세,상해없음,승합,남,66세,상해없음
2023120300100043,2023년 12월 3일 06시,일요일,울산광역시 남구 신정동,중상사고,0,1,0,0,차대차 - 추돌,안전운전불이행,건조,맑음,교차로 - 교차로부근,이륜,남,58세,상해없음,이륜,남,65세,중상
2023120300100119,2023년 12월 3일 11시,일요일,울산광역시 남구 무거동,경상사고,0,0,1,0,차대사람 - 차도통행중,안전운전불이행,건조,맑음,단일로 - 기타,승용,여,57세,상해없음,보행자,남,15세,경상
2023120300100211,2023년 12월 3일 14시,일요일,울산광역시 남구 야음동,경상사고,0,0,2,0,차대차 - 정면충돌,안전운전불이행,건조,맑음,교차로 - 교차로부근,승용,남,60세,상해없음,승용,여,25세,경상
2023120300100235,2023년 12월 3일 15시,일요일,울산광역시 동구 미포동,경상사고,0,0,1,0,차대차 - 추돌,안전거리미확보,건조,맑음,단일로 - 기타,승용,남,35세,상해없음,승용,여,56세,경상
2023120300100298,2023년 12월 3일 17시,일요일,울산광역시 남구 달동,중상사고,0,1,0,0,차대차 - 정면충돌,신호위반,건조,맑음,교차로 - 교차로안,승용,남,25세,기타불명,이륜,남,39세,중상
2023120300100339,2023년 12월 3일 18시,일요일,울산광역시 남구 옥동,경상사고,0,0,1,0,차대차 - 측면충돌,안전운전불이행,건조,맑음,단일로 - 기타,승용,남,60세,상해없음,승용,남,72세,경상
2023120300100375,2023년 12월 3일 20시,일요일,울산광역시 북구 송정동,중상사고,0,1,0,0,차대차 - 추돌,안전운전불이행,건조,맑음,단일로 - 교량,승용,남,44세,상해없음,이륜,남,45세,상해없음
2023120400100054,2023년 12월 4일 06시,월요일,울산광역시 북구 효문동,중상사고,0,1,0,0,차대차 - 측면충돌,신호위반,건조,맑음,교차로 - 교차로횡단보도내,승용,남,49세,상해없음,자전거,남,33세,중상
2023120400100080,2023년 12월 4일 07시,월요일,울산광역시 북구 화봉동,경상사고,0,0,1,0,차량단독 - 기타,안전운전불이행,건조,맑음,단일로 - 기타,승합,남,54세,상해없음,,,,
2023120400100179,2023년 12월 4일 09시,월요일,울산광역시 북구 산하동,중상사고,0,1,0,1,차대차 - 측면충돌,신호위반,건조,맑음,교차로 - 교차로안,승용,여,43세,부상신고,승용,여,36세,중상
2023120400100260,2023년 12월 4일 11시,월요일,울산광역시 남구 신정동,중상사고,0,1,0,0,차량단독 - 기타,안전운전불이행,건조,맑음,교차로 - 교차로부근,승합,남,51세,상해없음,,,,
2023120400100406,2023년 12월 4일 15시,월요일,울산광역시 울주군 범서읍,경상사고,0,0,2,0,차대차 - 후진중충돌,불법유턴,건조,맑음,교차로 - 교차로부근,화물,여,57세,경상,승용,여,44세,경상
2023120400100440,2023년 12월 4일 16시,월요일,울산광역시 울주군 범서읍,경상사고,0,0,1,0,차대차 - 기타,차로위반,건조,맑음,단일로 - 기타,승용,여,25세,상해없음,승용,남,55세,경상
2023120400100644,2023년 12월 4일 22시,월요일,울산광역시 중구 약사동,경상사고,0,0,2,0,차대차 - 측면충돌,안전거리미확보,건조,맑음,교차로 - 교차로안,승용,남,31세,상해없음,승용,남,25세,경상
2023120500100039,2023년 12월 5일 06시,화요일,울산광역시 울주군 온산읍,경상사고,0,0,1,0,차대차 - 기타,교차로운행방법위반,건조,맑음,교차로 - 교차로안,승용,남,69세,상해없음,이륜,남,55세,경상
2023120500100065,2023년 12월 5일 07시,화요일,울산광역시 중구 서동,경상사고,0,0,1,0,차대차 - 측면충돌,안전운전불이행,건조,맑음,기타 - 기타,승용,남,40세,상해없음,승용,여,31세,경상
2023120500100066,2023년 12월 5일 07시,화요일,울산광역시 중구 반구동,경상사고,0,0,1,0,차대차 - 측면충돌,안전운전불이행,건조,맑음,교차로 - 교차로안,승용,여,60세,상해없음,자전거,여,69세,경상
2023120500100067,2023년 12월 5일 07시,화요일,울산광역시 동구 방어동,경상사고,0,0,1,0,차대차 - 측면충돌,안전운전불이행,건조,맑음,교차로 - 교차로안,승용,여,50세,상해없음,승용,남,71세,상해없음
2023120500100105,2023년 12월 5일 08시,화요일,울산광역시 울주군 청량읍,중상사고,0,1,0,0,차대차 - 추돌,안전운전불이행,건조,맑음,단일로 - 기타,승용,남,46세,상해없음,화물,남,53세,중상
2023120500100130,2023년 12월 5일 09시,화요일,울산광역시 중구 다운동,중상사고,0,1,1,0,차대차 - 측면충돌,안전거리미확보,건조,맑음,교차로 - 교차로부근,화물,남,57세,상해없음,승용,여,68세,중상
2023120500100184,2023년 12월 5일 11시,화요일,울산광역시 중구 태화동,경상사고,0,0,1,0,차대차 - 측면충돌,안전운전불이행,건조,맑음,교차로 - 교차로횡단보도내,승용,여,65세,상해없음,자전거,남,76세,경상
2023120500100288,2023년 12월 5일 14시,화요일,울산광역시 동구 화정동,중상사고,0,1,0,0,차대차 - 기타,안전운전불이행,건조,맑음,단일로 - 기타,승용,여,42세,상해없음,이륜,남,31세,중상
2023120500100394,2023년 12월 5일 17시,화요일,울산광역시 울주군 두서면,경상사고,0,0,5,0,차대차 - 기타,중앙선침범,건조,맑음,미분류 - 미분류,승용,남,64세,상해없음,승용,남,58세,경상
2023120500100395,2023년 12월 5일 17시,화요일,울산광역시 울주군 언양읍,경상사고,0,0,1,0,차대차 - 측면충돌,교차로운행방법위반,건조,맑음,교차로 - 교차로부근,승용,여,70세,상해없음,승용,여,34세,경상
2023120500100457,2023년 12월 5일 18시,화요일,울산광역시 중구 옥교동,경상사고,0,0,1,0,차대차 - 기타,차로위반,건조,맑음,단일로 - 기타,승용,여,55세,상해없음,승용,남,34세,경상
2023120500100559,2023년 12월 5일 21시,화요일,울산광역시 남구 야음동,경상사고,0,0,2,0,차대차 - 측면충돌,안전거리미확보,건조,맑음,단일로 - 기타,화물,여,49세,상해없음,승용,남,24세,경상
2023120600100013,2023년 12월 6일 01시,수요일,울산광역시 북구 화봉동,중상사고,0,1,0,0,차대차 - 측면충돌,신호위반,건조,맑음,교차로 - 교차로안,이륜,남,17세,상해없음,이륜,남,17세,중상
2023120600100083,2023년 12월 6일 07시,수요일,울산광역시 울주군 청량읍,중상사고,0,1,0,0,차대차 - 측면충돌,안전운전불이행,건조,맑음,교차로 - 교차로안,화물,남,59세,상해없음,승합,남,62세,상해없음
2023120600100116,2023년 12월 6일 08시,수요일,울산광역시 남구 삼산동,경상사고,0,0,1,0,차대차 - 기타,안전운전불이행,건조,맑음,교차로 - 교차로안,승용,여,63세,상해없음,자전거,남,64세,경상
2023120600100148,2023년 12월 6일 09시,수요일,울산광역시 울주군 온산읍,경상사고,0,0,1,0,차대차 - 측면충돌,안전거리미확보,건조,맑음,단일로 - 기타,건설기계,남,51세,상해없음,승용,남,69세,경상
2023120600100204,2023년 12월 6일 11시,수요일,울산광역시 울주군 두동면,경상사고,0,0,1,0,차대차 - 기타,신호위반,건조,맑음,교차로 - 교차로안,화물,남,42세,상해없음,승용,남,71세,경상
2023120600100401,2023년 12월 6일 17시,수요일,울산광역시 울주군 온양읍,경상사고,0,0,1,0,차대차 - 기타,안전운전불이행,건조,맑음,기타 - 기타,화물,남,56세,상해없음,화물,남,35세,상해없음
2023120600100402,2023년 12월 6일 17시,수요일,울산광역시 북구 신현동,중상사고,0,1,0,0,차대차 - 측면충돌,신호위반,건조,맑음,단일로 - 기타,화물,남,54세,상해없음,자전거,남,26세,중상
2023120600100486,2023년 12월 6일 18시,수요일,울산광역시 남구 신정동,경상사고,0,0,3,0,차대차 - 측면충돌,교차로운행방법위반,건조,맑음,교차로 - 교차로안,화물,남,64세,상해없음,승용,남,69세,경상
2023120600100487,2023년 12월 6일 18시,수요일,울산광역시 울주군 삼남읍,경상사고,0,0,1,0,차대사람 - 기타,안전운전불이행,건조,맑음,단일로 - 기타,승용,남,43세,상해없음,보행자,남,31세,경상
2023120600100529,2023년 12월 6일 19시,수요일,울산광역시 북구 명촌동,경상사고,0,0,1,0,차대차 - 추돌,안전운전불이행,건조,맑음,단일로 - 지하차도(도로)내,승용,남,53세,상해없음,승용,여,28세,경상
2023120600100550,2023년 12월 6일 20시,수요일,울산광역시 남구 신정동,중상사고,0,1,0,0,차대차 - 측면충돌,중앙선침범,젖음/습기,비,교차로 - 교차로부근,이륜,남,34세,상해없음,이륜,남,56세,중상
2023120700100007,2023년 12월 7일 00시,목요일,울산광역시 중구 학성동,중상사고,0,1,0,0,차대차 - 측면충돌,안전운전불이행,건조,맑음,단일로 - 기타,승용,남,60세,상해없음,이륜,남,33세,중상
2023120700100070,2023년 12월 7일 07시,목요일,울산광역시 남구 황성동,중상사고,0,1,0,0,차대차 - 측면충돌,신호위반,건조,맑음,교차로 - 교차로부근,이륜,남,33세,중상,승용,남,63세,상해없음
2023120700100118,2023년 12월 7일 08시,목요일,울산광역시 중구 반구동,중상사고,0,1,0,0,차량단독 - 기타,안전운전불이행,건조,맑음,단일로 - 기타,원동기,여,81세,중상,,,,
2023120700100141,2023년 12월 7일 09시,목요일,울산광역시 남구 삼산동,경상사고,0,0,1,0,차대사람 - 횡단중,안전운전불이행,건조,맑음,교차로 - 교차로안,화물,남,61세,상해없음,보행자,여,5세,경상
2023120700100175,2023년 12월 7일 10시,목요일,울산광역시 울주군 언양읍,부상신고사고,0,0,0,1,차대사람 - 기타,안전운전불이행,건조,맑음,기타 - 기타,승용,여,52세,상해없음,보행자,남,59세,부상신고
2023120700100482,2023년 12월 7일 18시,목요일,울산광역시 중구 약사동,경상사고,0,0,1,0,차대차 - 기타,신호위반,건조,맑음,교차로 - 교차로부근,승용,남,64세,상해없음,이륜,남,40세,경상
2023120700100483,2023년 12월 7일 18시,목요일,울산광역시 남구 고사동,중상사고,0,1,0,0,차대차 - 기타,신호위반,건조,맑음,교차로 - 교차로안,승용,남,58세,상해없음,이륜,남,31세,중상
2023120700100520,2023년 12월 7일 19시,목요일,울산광역시 남구 야음동,중상사고,0,1,0,0,차대차 - 측면충돌,안전거리미확보,건조,맑음,교차로 - 교차로안,승용,남,66세,상해없음,이륜,남,57세,중상
2023120700100583,2023년 12월 7일 22시,목요일,울산광역시 중구 남외동,중상사고,0,2,0,0,차대사람 - 횡단중,보행자보호의무위반,건조,맑음,교차로 - 교차로횡단보도내,승용,남,36세,상해없음,보행자,여,30세,중상
2023120700100584,2023년 12월 7일 22시,목요일,울산광역시 울주군 범서읍,경상사고,0,0,1,0,차대차 - 측면충돌,신호위반,건조,맑음,교차로 - 교차로안,승용,남,28세,상해없음,승용,여,34세,경상
2023120800100009,2023년 12월 8일 00시,금요일,울산광역시 북구 연암동,경상사고,0,0,1,0,차대차 - 측면충돌,안전거리미확보,건조,맑음,교차로 - 교차로부근,승용,여,58세,상해없음,승용,남,56세,경상
2023120800100074,2023년 12월 8일 07시,금요일,울산광역시 동구 전하동,경상사고,0,0,1,0,차대사람 - 횡단중,보행자보호의무위반,건조,맑음,교차로 - 교차로횡단보도내,승용,남,68세,상해없음,보행자,남,54세,경상
2023120800100111,2023년 12월 8일 08시,금요일,울산광역시 중구 학성동,경상사고,0,0,3,0,차대차 - 추돌,안전운전불이행,건조,맑음,단일로 - 기타,승용,남,67세,상해없음,승용,남,62세,경상
2023120800100140,2023년 12월 8일 09시,금요일,울산광역시 울주군 웅촌면,경상사고,0,0,1,0,차대차 - 후진중충돌,안전운전불이행,건조,맑음,교차로 - 교차로안,화물,남,64세,상해없음,화물,남,56세,경상
2023120800100172,2023년 12월 8일 10시,금요일,울산광역시 울주군 삼남읍,경상사고,0,0,2,0,차대차 - 측면충돌,안전운전불이행,건조,맑음,단일로 - 기타,승용,남,85세,경상,승용,여,35세,경상
2023120800100197,2023년 12월 8일 11시,금요일,울산광역시 동구 전하동,중상사고,0,1,0,0,차대사람 - 보도통행중,기타,건조,맑음,교차로 - 교차로부근,승용,여,61세,상해없음,보행자,여,77세,중상