사고번호,사고일시,요일,시군구,사고내용,사망자수,중상자수,경상자수,부상신고자수,사고유형,법규위반,노면상태,기상상태,도로형태,가해운전자 차종,가해운전자 성별,가해운전자 연령,가해운전자 상해정도,피해운전자 차종,피해운전자 성별,피해운전자 연령,피해운전자 상해정도
2023121900100380,2023년 12월 19일 17시,화요일,울산광역시 울주군 서생면,경상사고,0,0,1,0,차대차 - 기타,안전운전불이행,건조,맑음,교차로 - 교차로안,승용,남,41세,상해없음,승용,여,43세,경상
2023121900100465,2023년 12월 19일 19시,화요일,울산광역시 동구 서부동,경상사고,0,0,1,0,차대차 - 추돌,기타,건조,맑음,교차로 - 교차로부근,이륜,남,54세,상해없음,화물,남,66세,경상
2023122000100015,2023년 12월 20일 00시,수요일,울산광역시 북구 효문동,중상사고,0,1,0,0,차대차 - 측면충돌,직진우회전진행방해,건조,맑음,교차로 - 교차로안,승용,남,64세,상해없음,화물,남,41세,상해없음
2023122000100106,2023년 12월 20일 08시,수요일,울산광역시 남구 신정동,경상사고,0,0,2,0,차대차 - 정면충돌,신호위반,건조,맑음,단일로 - 기타,승용,남,64세,상해없음,승용,여,42세,경상
2023122000100161,2023년 12월 20일 11시,수요일,울산광역시 동구 일산동,경상사고,0,0,1,0,차대차 - 기타,직진우회전진행방해,건조,맑음,교차로 - 교차로안,이륜,남,36세,경상,승용,여,59세,상해없음
2023122000100187,2023년 12월 20일 12시,수요일,울산광역시 북구 진장동,부상신고사고,0,0,0,1,차대차 - 추돌,신호위반,건조,맑음,교차로 - 교차로부근,이륜,남,44세,부상신고,승용,여,54세,상해없음
2023122000100188,2023년 12월 20일 12시,수요일,울산광역시 북구 진장동,중상사고,0,1,0,0,차대사람 - 길가장자리구역통행중,안전운전불이행,건조,맑음,단일로 - 지하차도(도로)내,화물,남,63세,상해없음,보행자,여,55세,중상
2023122000100234,2023년 12월 20일 14시,수요일,울산광역시 남구 무거동,경상사고,0,0,1,0,차대차 - 측면충돌,신호위반,건조,맑음,교차로 - 교차로안,승용,여,68세,기타불명,화물,남,69세,경상
2023122000100356,2023년 12월 20일 17시,수요일,울산광역시 남구 무거동,중상사고,0,1,0,0,차량단독 - 기타,안전운전불이행,건조,맑음,교차로 - 교차로부근,승합,남,56세,상해없음,,,,
2023122000100357,2023년 12월 20일 17시,수요일,울산광역시 동구 전하동,경상사고,0,0,1,0,차대차 - 기타,신호위반,건조,맑음,교차로 - 교차로안,승용,남,81세,상해없음,이륜,남,48세,경상
2023122000100358,2023년 12월 20일 17시,수요일,울산광역시 북구 효문동,경상사고,0,0,2,0,차대차 - 측면충돌,직진우회전진행방해,건조,맑음,교차로 - 교차로안,화물,남,34세,기타불명,승용,남,40세,경상
2023122000100412,2023년 12월 20일 18시,수요일,울산광역시 남구 달동,중상사고,0,1,0,0,차대사람 - 횡단중,안전운전불이행,건조,맑음,교차로 - 교차로횡단보도내,승용,남,44세,상해없음,보행자,여,63세,중상
2023122000100456,2023년 12월 20일 19시,수요일,울산광역시 북구 명촌동,경상사고,0,0,1,0,차대차 - 측면충돌,안전운전불이행,건조,맑음,교차로 - 교차로부근,승용,남,54세,상해없음,승용,남,63세,기타불명
2023122100100008,2023년 12월 21일 00시,목요일,울산광역시 동구 전하동,경상사고,0,0,1,0,차대차 - 추돌,안전운전불이행,건조,맑음,교차로 - 교차로안,승용,여,66세,상해없음,승용,남,49세,경상
2023122100100059,2023년 12월 21일 06시,목요일,울산광역시 남구 신정동,중상사고,0,1,0,0,차대사람 - 횡단중,신호위반,건조,맑음,단일로 - 기타,승용,남,75세,상해없음,보행자,여,54세,중상
2023122100100123,2023년 12월 21일 08시,목요일,울산광역시 중구 다운동,경상사고,0,0,5,0,차대차 - 측면충돌,안전운전불이행,건조,맑음,교차로 - 교차로안,승합,남,25세,상해없음,승용,남,45세,경상
2023122100100124,2023년 12월 21일 08시,목요일,울산광역시 남구 야음동,경상사고,0,0,1,0,차대차 - 기타,교차로운행방법위반,건조,맑음,교차로 - 교차로안,화물,남,36세,상해없음,승용,여,25세,경상
2023122100100285,2023년 12월 21일 13시,목요일,울산광역시 북구 중산동,경상사고,0,0,1,0,차대차 - 기타,차로위반,건조,맑음,교차로 - 교차로부근,화물,남,30세,경상,화물,남,64세,상해없음
2023122100100360,2023년 12월 21일 15시,목요일,울산광역시 북구 연암동,경상사고,0,0,1,0,차대차 - 측면충돌,직진우회전진행방해,건조,맑음,교차로 - 교차로안,승용,남,67세,상해없음,승용,남,40세,경상
2023122100100453,2023년 12월 21일 17시,목요일,울산광역시 동구 일산동,중상사고,0,1,0,0,차대차 - 기타,안전운전불이행,건조,맑음,교차로 - 교차로부근,승용,남,76세,상해없음,이륜,남,29세,중상
2023122100100589,2023년 12월 21일 20시,목요일,울산광역시 남구 달동,경상사고,0,0,1,0,차대사람 - 기타,안전운전불이행,건조,맑음,단일로 - 기타,승용,여,41세,상해없음,보행자,남,49세,경상
2023122200100035,2023년 12월 22일 02시,금요일,울산광역시 북구 호계동,경상사고,0,0,1,1,차대차 - 측면충돌,안전거리미확보,건조,맑음,교차로 - 교차로부근,승용,남,22세,부상신고,화물,남,48세,경상
2023122200100087,2023년 12월 22일 07시,금요일,울산광역시 남구 두왕동,부상신고사고,0,0,0,1,차대차 - 측면충돌,안전거리미확보,건조,맑음,단일로 - 기타,특수,남,45세,상해없음,승합,남,50세,상해없음
2023122200100121,2023년 12월 22일 08시,금요일,울산광역시 남구 신정동,경상사고,0,0,1,0,차대사람 - 횡단중,보행자보호의무위반,건조,맑음,교차로 - 교차로안,승용,여,46세,상해없음,보행자,남,9세,경상
2023122200100122,2023년 12월 22일 08시,금요일,울산광역시 울주군 온산읍,중상사고,0,2,0,0,차대차 - 정면충돌,교차로운행방법위반,건조,맑음,교차로 - 교차로안,승용,남,65세,중상,화물,남,36세,중상
2023122200100187,2023년 12월 22일 10시,금요일,울산광역시 남구 신정동,경상사고,0,0,1,0,차대차 - 추돌,안전거리미확보,건조,맑음,단일로 - 기타,승용,여,43세,상해없음,승용,남,64세,경상
2023122200100312,2023년 12월 22일 13시,금요일,울산광역시 남구 무거동,중상사고,0,1,0,0,차대차 - 기타,안전운전불이행,건조,맑음,교차로 - 교차로부근,승용,남,59세,상해없음,이륜,남,67세,중상
2023122200100362,2023년 12월 22일 14시,금요일,울산광역시 북구 명촌동,중상사고,0,1,0,0,차대사람 - 차도통행중,보행자보호의무위반,건조,맑음,교차로 - 교차로횡단보도내,승용,여,58세,상해없음,보행자,남,8세,중상
2023122200100410,2023년 12월 22일 15시,금요일,울산광역시 남구 신정동,부상신고사고,0,0,0,1,차대사람 - 차도통행중,안전운전불이행,건조,맑음,단일로 - 기타,승용,남,48세,기타불명,보행자,남,9세,부상신고
2023122200100411,2023년 12월 22일 15시,금요일,울산광역시 북구 효문동,중상사고,0,1,0,0,차대차 - 측면충돌,안전운전불이행,건조,맑음,교차로 - 교차로안,승용,남,30세,상해없음,승용,남,32세,중상
2023122200100455,2023년 12월 22일 16시,금요일,울산광역시 울주군 온산읍,경상사고,0,0,2,0,차대차 - 기타,안전운전불이행,건조,맑음,교차로 - 교차로안,승용,여,51세,상해없음,승용,남,22세,경상
2023122200100515,2023년 12월 22일 17시,금요일,울산광역시 남구 옥동,경상사고,0,0,1,0,차대사람 - 횡단중,안전운전불이행,건조,맑음,교차로 - 교차로부근,승용,남,67세,상해없음,보행자,여,8세,경상
2023122200100516,2023년 12월 22일 17시,금요일,울산광역시 북구 양정동,중상사고,0,1,0,0,차대차 - 측면충돌,안전거리미확보,건조,맑음,교차로 - 교차로부근,승용,남,32세,상해없음,이륜,남,38세,중상
2023122200100647,2023년 12월 22일 19시,금요일,울산광역시 남구 신정동,중상사고,0,1,0,0,차대차 - 측면충돌,신호위반,건조,맑음,단일로 - 기타,승용,여,49세,상해없음,개인형이동수단(PM),남,46세,중상
2023122300100026,2023년 12월 23일 00시,토요일,울산광역시 북구 양정동,중상사고,0,1,0,0,차대사람 - 횡단중,안전운전불이행,건조,맑음,단일로 - 기타,승용,남,51세,상해없음,보행자,남,60세,중상
2023122300100141,2023년 12월 23일 09시,토요일,울산광역시 북구 연암동,경상사고,0,0,4,0,차대차 - 추돌,안전운전불이행,건조,맑음,단일로 - 터널,승용,남,26세,상해없음,승용,남,34세,경상
2023122300100260,2023년 12월 23일 12시,토요일,울산광역시 중구 태화동,경상사고,0,0,1,0,차대차 - 측면충돌,신호위반,건조,맑음,교차로 - 교차로안,승용,남,77세,상해없음,이륜,남,33세,경상
2023122300100294,2023년 12월 23일 13시,토요일,울산광역시 북구 구유동,중상사고,0,2,2,0,차대차 - 측면충돌,중앙선침범,건조,맑음,교차로 - 교차로부근,승용,여,56세,경상,승용,남,75세,경상
2023122300100295,2023년 12월 23일 13시,토요일,울산광역시 북구 송정동,경상사고,0,0,1,0,차대차 - 측면충돌,안전거리미확보,건조,맑음,단일로 - 지하차도(도로)내,승합,남,49세,상해없음,승용,남,39세,경상
2023122300100334,2023년 12월 23일 14시,토요일,울산광역시 남구 삼산동,중상사고,0,1,0,0,차대차 - 정면충돌,신호위반,건조,맑음,교차로 - 교차로부근,승용,남,53세,상해없음,이륜,남,40세,중상
2023122300100370,2023년 12월 23일 15시,토요일,울산광역시 남구 야음동,경상사고,0,0,1,0,차대차 - 측면충돌,안전운전불이행,건조,맑음,교차로 - 교차로안,승용,남,54세,상해없음,승용,남,31세,경상
2023122300100406,2023년 12월 23일 16시,토요일,울산광역시 북구 신천동,경상사고,0,0,1,0,차대차 - 측면충돌,안전거리미확보,건조,맑음,단일로 - 기타,승용,여,37세,상해없음,승용,여,61세,경상
2023122300100456,2023년 12월 23일 17시,토요일,울산광역시 울주군 언양읍,경상사고,0,0,1,0,차대차 - 추돌,안전거리미확보,건조,맑음,교차로 - 교차로부근,승용,남,51세,상해없음,이륜,남,34세,경상
2023122300100557,2023년 12월 23일 20시,토요일,울산광역시 남구 신정동,경상사고,0,0,1,1,차대사람 - 횡단중,보행자보호의무위반,건조,맑음,단일로 - 기타,승용,남,47세,상해없음,보행자,여,37세,부상신고
2023122300100581,2023년 12월 23일 21시,토요일,울산광역시 울주군 온산읍,경상사고,0,0,1,0,차대사람 - 기타,안전운전불이행,건조,맑음,단일로 - 기타,승용,남,59세,상해없음,보행자,남,55세,경상
2023122300100624,2023년 12월 23일 23시,토요일,울산광역시 남구 삼산동,경상사고,0,0,1,0,차대사람 - 보도통행중,기타,건조,맑음,기타 - 기타,승용,남,27세,상해없음,보행자,남,37세,경상
2023122400100054,2023년 12월 24일 07시,일요일,울산광역시 동구 방어동,중상사고,0,1,0,0,차대차 - 정면충돌,안전운전불이행,건조,맑음,교차로 - 교차로부근,승용,남,67세,상해없음,이륜,남,40세,중상
2023122400100245,2023년 12월 24일 17시,일요일,울산광역시 울주군 범서읍,중상사고,0,1,0,0,차대차 - 측면충돌,신호위반,건조,맑음,교차로 - 교차로안,승용,남,70세,상해없음,이륜,남,50세,중상
2023122400100319,2023년 12월 24일 20시,일요일,울산광역시 북구 천곡동,경상사고,0,0,1,0,차대사람 - 횡단중,보행자보호의무위반,건조,맑음,교차로 - 교차로횡단보도내,승용,여,47세,상해없음,보행자,남,52세,경상
2023122500100092,2023년 12월 25일 10시,월요일,울산광역시 북구 염포동,경상사고,0,0,1,0,차대사람 - 기타,안전운전불이행,건조,맑음,단일로 - 기타,승합,남,36세,상해없음,보행자,여,63세,경상
2023122500100139,2023년 12월 25일 12시,월요일,울산광역시 동구 화정동,경상사고,0,0,2,0,차대차 - 후진중충돌,안전운전불이행,건조,맑음,단일로 - 기타,승용,여,59세,상해없음,승용,여,37세,경상
2023122500100140,2023년 12월 25일 12시,월요일,울산광역시 북구 명촌동,경상사고,0,0,1,0,차대차 - 기타,교차로운행방법위반,건조,맑음,교차로 - 교차로안,화물,남,47세,상해없음,이륜,남,57세,경상
2023122500100163,2023년 12월 25일 13시,월요일,울산광역시 동구 일산동,중상사고,0,1,0,0,차대차 - 측면충돌,안전운전불이행,건조,맑음,교차로 - 교차로안,승용,남,39세,상해없음,자전거,남,81세,중상
2023122500100175,2023년 12월 25일 14시,월요일,울산광역시 울주군 상북면,경상사고,0,0,1,0,차대차 - 정면충돌,안전운전불이행,건조,맑음,교차로 - 교차로안,화물,남,63세,상해없음,승용,남,39세,경상
2023122500100203,2023년 12월 25일 15시,월요일,울산광역시 남구 달동,경상사고,0,0,1,0,차대차 - 기타,교차로운행방법위반,건조,맑음,교차로 - 교차로안,승용,남,26세,상해없음,이륜,남,23세,경상
2023122500100224,2023년 12월 25일 16시,월요일,울산광역시 남구 신정동,경상사고,0,0,1,0,차대차 - 기타,안전운전불이행,건조,맑음,교차로 - 교차로안,승용,남,35세,상해없음,승용,남,39세,상해없음
2023122500100303,2023년 12월 25일 19시,월요일,울산광역시 중구 우정동,경상사고,0,0,1,0,차대차 - 추돌,안전운전불이행,건조,맑음,교차로 - 교차로부근,이륜,남,35세,상해없음,이륜,남,52세,경상
2023122600100012,2023년 12월 26일 00시,화요일,울산광역시 남구 달동,중상사고,0,1,0,0,차대차 - 정면충돌,신호위반,건조,맑음,교차로 - 교차로안,승용,여,55세,상해없음,이륜,남,43세,중상
2023122600100024,2023년 12월 26일 03시,화요일,울산광역시 동구 방어동,경상사고,0,0,1,0,차대차 - 추돌,안전운전불이행,건조,맑음,교차로 - 교차로부근,승용,남,42세,상해없음,승용,남,44세,경상
2023122600100045,2023년 12월 26일 06시,화요일,울산광역시 남구 달동,경상사고,0,0,2,0,차대차 - 기타,안전운전불이행,건조,맑음,단일로 - 기타,승용,남,25세,기타불명,승용,남,56세,경상
2023122600100107,2023년 12월 26일 08시,화요일,울산광역시 중구 다운동,중상사고,0,1,0,0,차대사람 - 기타,안전운전불이행,건조,맑음,단일로 - 기타,승용,남,30세,상해없음,보행자,여,64세,중상
2023122600100172,2023년 12월 26일 10시,화요일,울산광역시 남구 삼산동,중상사고,0,1,0,0,차대차 - 측면충돌,신호위반,건조,맑음,교차로 - 교차로안,승용,남,74세,기타불명,승용,남,64세,중상
2023122600100195,2023년 12월 26일 11시,화요일,울산광역시 남구 삼산동,경상사고,0,0,2,0,차대차 - 측면충돌,신호위반,건조,맑음,교차로 - 교차로안,승용,남,56세,상해없음,승용,여,58세,경상
2023122600100231,2023년 12월 26일 12시,화요일,울산광역시 울주군 온산읍,경상사고,0,0,1,0,차대차 - 기타,차로위반,건조,맑음,단일로 - 기타,화물,남,55세,상해없음,승합,남,62세,상해없음
2023122600100232,2023년 12월 26일 12시,화요일,울산광역시 북구 연암동,중상사고,0,1,0,0,차대차 - 측면충돌,안전운전불이행,건조,맑음,교차로 - 교차로부근,승용,남,64세,상해없음,자전거,남,49세,중상
2023122600100304,2023년 12월 26일 14시,화요일,울산광역시 북구 중산동,중상사고,0,1,0,0,차대차 - 측면충돌,안전운전불이행,건조,맑음,단일로 - 기타,승용,여,44세,상해없음,자전거,남,50세,중상
2023122600100345,2023년 12월 26일 15시,화요일,울산광역시 울주군 범서읍,중상사고,0,1,0,0,차대사람 - 횡단중,보행자보호의무위반,건조,맑음,교차로 - 교차로횡단보도내,승용,남,72세,상해없음,보행자,여,72세,중상
2023122600100385,2023년 12월 26일 16시,화요일,울산광역시 북구 연암동,경상사고,0,0,1,0,차대차 - 추돌,안전운전불이행,건조,맑음,단일로 - 터널,승용,여,55세,상해없음,승용,여,33세,경상
2023122600100434,2023년 12월 26일 17시,화요일,울산광역시 울주군 온양읍,경상사고,0,0,1,0,차대사람 - 기타,안전운전불이행,건조,맑음,단일로 - 기타,화물,남,65세,상해없음,보행자,여,63세,경상
2023122600100540,2023년 12월 26일 19시,화요일,울산광역시 중구 북정동,경상사고,0,0,1,0,차대차 - 추돌,안전운전불이행,건조,맑음,교차로 - 교차로부근,승용,남,56세,상해없음,승용,여,34세,경상
2023122600100541,2023년 12월 26일 19시,화요일,울산광역시 동구 방어동,중상사고,0,1,1,0,차대차 - 정면충돌,안전운전불이행,건조,맑음,교차로 - 교차로안,승용,남,26세,상해없음,이륜,남,45세,경상
2023122600100579,2023년 12월 26일 21시,화요일,울산광역시 북구 효문동,경상사고,0,0,1,0,차대차 - 측면충돌,신호위반,건조,맑음,단일로 - 지하차도(도로)내,승용,남,63세,상해없음,승용,남,29세,경상
2023122700100017,2023년 12월 27일 01시,수요일,울산광역시 남구 신정동,경상사고,0,0,1,0,차대차 - 측면충돌,신호위반,건조,맑음,교차로 - 교차로안,이륜,남,36세,기타불명,승용,남,65세,경상
2023122700100199,2023년 12월 27일 10시,수요일,울산광역시 중구 교동,경상사고,0,0,3,0,차대차 - 측면충돌,안전거리미확보,건조,맑음,교차로 - 교차로부근,승용,여,41세,상해없음,승용,남,36세,경상
2023122700100200,2023년 12월 27일 10시,수요일,울산광역시 남구 신정동,중상사고,0,1,0,0,차대차 - 측면충돌,안전운전불이행,건조,맑음,단일로 - 기타,승용,남,45세,상해없음,승용,남,34세,중상
2023122700100519,2023년 12월 27일 18시,수요일,울산광역시 남구 달동,중상사고,0,1,0,0,차대차 - 추돌,안전운전불이행,건조,맑음,교차로 - 교차로부근,승용,여,39세,상해없음,이륜,남,53세,중상
2023122700100520,2023년 12월 27일 18시,수요일,울산광역시 동구 방어동,중상사고,0,1,0,0,차대차 - 정면충돌,신호위반,건조,맑음,교차로 - 교차로안,승용,여,48세,상해없음,이륜,남,33세,중상
2023122700100550,2023년 12월 27일 19시,수요일,울산광역시 동구 방어동,중상사고,0,1,0,0,차대사람 - 횡단중,안전운전불이행,건조,맑음,교차로 - 교차로부근,승용,남,42세,상해없음,보행자,여,73세,중상
2023122700100623,2023년 12월 27일 21시,수요일,울산광역시 북구 호계동,중상사고,0,2,0,0,차대차 - 측면충돌,직진우회전진행방해,건조,맑음,교차로 - 교차로안,승용,남,37세,상해없음,승용,여,66세,중상
2023122700100653,2023년 12월 27일 23시,수요일,울산광역시 남구 달동,중상사고,0,1,0,0,차대사람 - 횡단중,보행자보호의무위반,건조,맑음,단일로 - 기타,승용,여,66세,상해없음,보행자,여,18세,중상
2023122800100012,2023년 12월 28일 00시,목요일,울산광역시 남구 삼산동,경상사고,0,0,1,0,차대차 - 추돌,안전운전불이행,건조,맑음,단일로 - 기타,승용,남,38세,상해없음,승용,여,68세,경상
2023122800100028,2023년 12월 28일 05시,목요일,울산광역시 남구 신정동,경상사고,0,0,1,0,차대사람 - 횡단중,신호위반,건조,맑음,단일로 - 기타,승용,여,63세,상해없음,보행자,남,52세,경상
2023122800100047,2023년 12월 28일 06시,목요일,울산광역시 북구 진장동,경상사고,0,0,1,0,차대차 - 기타,교차로운행방법위반,건조,맑음,교차로 - 교차로안,기타불명,기타불명,미분류,기타불명,이륜,남,34세,경상
2023122800100173,2023년 12월 28일 11시,목요일,울산광역시 중구 태화동,경상사고,0,0,1,1,차대차 - 측면충돌,안전거리미확보,건조,맑음,단일로 - 기타,승용,남,77세,부상신고,승용,남,55세,경상
2023122800100174,2023년 12월 28일 11시,목요일,울산광역시 남구 무거동,경상사고,0,0,1,0,차대사람 - 기타,안전운전불이행,건조,맑음,단일로 - 기타,승용,남,75세,상해없음,보행자,여,64세,경상
2023122800100211,2023년 12월 28일 12시,목요일,울산광역시 남구 무거동,경상사고,0,0,2,0,차대차 - 측면충돌,안전운전불이행,건조,맑음,교차로 - 교차로안,승용,남,73세,경상,승용,남,61세,경상
2023122800100212,2023년 12월 28일 12시,목요일,울산광역시 울주군 서생면,경상사고,0,0,1,0,차대차 - 정면충돌,직진우회전진행방해,건조,맑음,교차로 - 교차로안,승용,여,73세,기타불명,승용,여,52세,경상
2023122800100279,2023년 12월 28일 14시,목요일,울산광역시 북구 송정동,중상사고,0,1,0,0,차량단독 - 공작물충돌,안전운전불이행,건조,맑음,단일로 - 기타,승용,남,73세,상해없음,,,,
2023122800100394,2023년 12월 28일 17시,목요일,울산광역시 북구 진장동,경상사고,0,0,1,0,차대차 - 기타,교차로운행방법위반,건조,맑음,교차로 - 교차로안,승용,남,54세,상해없음,자전거,남,47세,경상
2023122800100445,2023년 12월 28일 18시,목요일,울산광역시 울주군 언양읍,부상신고사고,0,0,0,2,차대차 - 측면충돌,교차로운행방법위반,건조,맑음,교차로 - 교차로안,승용,여,28세,상해없음,승용,남,33세,부상신고
2023122800100446,2023년 12월 28일 18시,목요일,울산광역시 북구 염포동,경상사고,0,0,3,0,차대차 - 측면충돌,중앙선침범,건조,맑음,교차로 - 교차로부근,승용,남,59세,경상,승용,남,58세,경상
2023122800100535,2023년 12월 28일 21시,목요일,울산광역시 중구 장현동,중상사고,0,1,9,0,차대차 - 추돌,안전운전불이행,건조,맑음,단일로 - 기타,화물,남,47세,경상,승용,남,41세,경상
2023122800100536,2023년 12월 28일 21시,목요일,울산광역시 북구 화봉동,경상사고,0,0,1,0,차대차 - 측면충돌,안전거리미확보,건조,맑음,교차로 - 교차로안,승용,남,48세,상해없음,승합,남,60세,경상
2023122900100065,2023년 12월 29일 06시,금요일,울산광역시 중구 반구동,중상사고,0,1,0,0,차대사람 - 보도통행중,안전운전불이행,건조,맑음,단일로 - 기타,승용,남,59세,상해없음,보행자,남,67세,중상
2023122900100081,2023년 12월 29일 07시,금요일,울산광역시 남구 야음동,경상사고,0,0,1,0,차대차 - 측면충돌,안전운전불이행,건조,맑음,교차로 - 교차로부근,승용,남,52세,상해없음,이륜,남,31세,경상
2023122900100082,2023년 12월 29일 07시,금요일,울산광역시 동구 방어동,중상사고,0,1,0,0,차대차 - 기타,직진우회전진행방해,건조,맑음,교차로 - 교차로안,이륜,남,28세,중상,승용,여,59세,상해없음
2023122900100113,2023년 12월 29일 08시,금요일,울산광역시 남구 신정동,경상사고,0,0,1,0,차대사람 - 길가장자리구역통행중,안전운전불이행,건조,맑음,교차로 - 교차로부근,자전거,남,17세,상해없음,보행자,여,29세,경상
2023122900100137,2023년 12월 29일 09시,금요일,울산광역시 중구 태화동,경상사고,0,0,1,0,차대차 - 측면충돌,안전운전불이행,건조,맑음,기타 - 기타,승용,남,72세,상해없음,승용,여,71세,경상
2023122900100171,2023년 12월 29일 10시,금요일,울산광역시 울주군 온양읍,경상사고,0,0,1,0,차대차 - 측면충돌,안전운전불이행,건조,맑음,교차로 - 교차로부근,승용,여,35세,상해없음,승용,여,58세,경상
2023122900100378,2023년 12월 29일 15시,금요일,울산광역시 중구 학성동,경상사고,0,0,6,0,차대차 - 추돌,안전거리미확보,건조,맑음,단일로 - 기타,승용,남,45세,경상,승용,여,63세,경상
2023122900100379,2023년 12월 29일 15시,금요일,울산광역시 남구 무거동,경상사고,0,0,1,1,차대차 - 측면충돌,안전거리미확보,건조,맑음,교차로 - 교차로안,승용,남,35세,부상신고,승용,남,31세,경상
2023122900100464,2023년 12월 29일 17시,금요일,울산광역시 울주군 청량읍,경상사고,0,0,1,0,차대차 - 추돌,안전거리미확보,건조,맑음,교차로 - 교차로부근,승용,여,46세,상해없음,승용,남,40세,경상
2023122900100534,2023년 12월 29일 18시,금요일,울산광역시 북구 염포동,경상사고,0,0,1,0,차대차 - 기타,안전운전불이행,건조,맑음,단일로 - 기타,이륜,남,57세,경상,승용,남,41세,상해없음
2023123000100016,2023년 12월 30일 00시,토요일,울산광역시 남구 신정동,부상신고사고,0,0,0,1,차대차 - 측면충돌,안전거리미확보,건조,맑음,단일로 - 기타,승합,여,65세,상해없음,승용,남,49세,부상신고
2023123000100067,2023년 12월 30일 06시,토요일,울산광역시 남구 성암동,경상사고,0,0,1,0,차대차 - 측면충돌,안전거리미확보,건조,맑음,단일로 - 기타,건설기계,남,58세,상해없음,승용,남,65세,경상
2023123000100098,2023년 12월 30일 09시,토요일,울산광역시 중구 학성동,중상사고,0,1,1,1,차대차 - 측면충돌,중앙선침범,건조,맑음,단일로 - 기타,승용,남,70세,부상신고,승합,여,27세,경상
2023123000100213,2023년 12월 30일 12시,토요일,울산광역시 울주군 온양읍,경상사고,0,0,1,0,차대차 - 정면충돌,신호위반,건조,맑음,교차로 - 교차로안,승용,여,23세,상해없음,승용,여,48세,경상
2023123000100247,2023년 12월 30일 13시,토요일,울산광역시 울주군 온산읍,중상사고,0,2,0,0,차대차 - 측면충돌,신호위반,건조,맑음,교차로 - 교차로안,승용,남,69세,상해없음,승용,남,76세,중상
2023123000100344,2023년 12월 30일 16시,토요일,울산광역시 남구 신정동,경상사고,0,0,1,0,차대차 - 측면충돌,안전운전불이행,건조,맑음,단일로 - 기타,승용,남,66세,상해없음,승용,남,58세,경상
2023123000100345,2023년 12월 30일 16시,토요일,울산광역시 북구 염포동,경상사고,0,0,3,0,차대차 - 추돌,안전운전불이행,건조,맑음,교차로 - 교차로부근,이륜,남,55세,경상,승용,여,37세,경상
2023123000100422,2023년 12월 30일 19시,토요일,울산광역시 동구 방어동,중상사고,0,1,0,0,차대사람 - 차도통행중,안전운전불이행,젖음/습기,비,교차로 - 교차로부근,승용,여,48세,상해없음,보행자,남,61세,중상
2023123000100441,2023년 12월 30일 20시,토요일,울산광역시 남구 야음동,경상사고,0,0,1,0,차대사람 - 횡단중,신호위반,젖음/습기,비,교차로 - 교차로횡단보도내,승용,여,45세,상해없음,보행자,남,55세,경상
2023123000100442,2023년 12월 30일 20시,토요일,울산광역시 북구 천곡동,중상사고,0,1,0,0,차대사람 - 횡단중,신호위반,젖음/습기,비,교차로 - 교차로부근,원동기,남,31세,상해없음,보행자,여,77세,중상
2023123000100459,2023년 12월 30일 21시,토요일,울산광역시 남구 달동,경상사고,0,0,1,0,차대사람 - 길가장자리구역통행중,안전운전불이행,건조,맑음,단일로 - 기타,승용,남,22세,상해없음,보행자,여,20세,경상
2023123100100024,2023년 12월 31일 03시,일요일,울산광역시 남구 신정동,경상사고,0,0,1,0,차대차 - 측면충돌,안전거리미확보,건조,맑음,단일로 - 교량,승용,여,67세,상해없음,승용,남,67세,경상
2023123100100137,2023년 12월 31일 13시,일요일,울산광역시 울주군 삼남읍,경상사고,0,0,2,1,차대차 - 정면충돌,안전운전불이행,건조,맑음,교차로 - 교차로안,승용,여,51세,경상,승용,남,54세,부상신고
2023123100100138,2023년 12월 31일 13시,일요일,울산광역시 울주군 서생면,경상사고,0,0,1,0,차대사람 - 기타,안전운전불이행,건조,맑음,기타 - 기타,화물,남,54세,상해없음,보행자,남,40세,경상
2023123100100225,2023년 12월 31일 17시,일요일,울산광역시 남구 무거동,경상사고,0,0,1,0,차대차 - 기타,안전운전불이행,건조,맑음,단일로 - 기타,승용,여,49세,상해없음,개인형이동수단(PM),남,45세,경상
2023123100100252,2023년 12월 31일 18시,일요일,울산광역시 중구 태화동,경상사고,0,0,2,0,차대차 - 측면충돌,안전운전불이행,건조,맑음,교차로 - 교차로부근,승용,여,67세,상해없음,승용,남,36세,경상
2023123100100286,2023년 12월 31일 20시,일요일,울산광역시 북구 매곡동,경상사고,0,0,1,0,차량단독 - 공작물충돌,안전운전불이행,건조,맑음,단일로 - 기타,이륜,남,52세,경상,,,,
2023123100100342,2023년 12월 31일 23시,일요일,울산광역시 남구 무거동,경상사고,0,0,1,0,차대차 - 측면충돌,안전운전불이행,건조,맑음,교차로 - 교차로안,승용,여,65세,상해없음,승용,남,47세,상해없음